run,table,token_role,object_type,after_change_status,_rkl_bin,_nll_bin,_entropy_bin,_teacher_stance,_offline_risk_bin,count,share,object_token_count,hallucinated_object_token_rate,hallucination_rate,removed_rate,offline_risk_tail_rate,rkl_base_to_teacher,rkl_base_to_teacher_mean,base_nll,base_nll_mean,base_entropy,base_entropy_mean,teacher_minus_base_nll,teacher_minus_base_nll_mean,rkl_after_to_base,rkl_after_to_base_mean,jsd_after_base,jsd_after_base_mean,delta_logp_after_base,delta_logp_after_base_mean,delta_entropy_after_base,delta_entropy_after_base_mean,after_base_top1_match_rate,after_base_topk_jaccard,after_base_topk_jaccard_mean,stable_rate,sharpen_same_top1_rate,reshape_topk_rate,suppress_emitted_rate,boost_emitted_rate,after_base_topk_jaccard_p50,after_base_topk_jaccard_p75,after_base_topk_jaccard_p90,after_mass_on_base_topk,after_mass_on_base_topk_p50,after_mass_on_base_topk_p75,after_mass_on_base_topk_p90,after_selected_rank,after_selected_rank_p50,after_selected_rank_p75,after_selected_rank_p90,after_teacher_top1_match_rate,base_entropy_p50,base_entropy_p75,base_entropy_p90,base_nll_p50,base_nll_p75,base_nll_p90,base_selected_rank,base_selected_rank_p50,base_selected_rank_p75,base_selected_rank_p90,base_teacher_top1_match_rate,delta_after_base_mass_on_teacher_topk,delta_after_base_mass_on_teacher_topk_p50,delta_after_base_mass_on_teacher_topk_p75,delta_after_base_mass_on_teacher_topk_p90,delta_entropy_after_base_p50,delta_entropy_after_base_p75,delta_entropy_after_base_p90,delta_logp_after_base_p50,delta_logp_after_base_p75,delta_logp_after_base_p90,delta_top1_margin_after_base,delta_top1_margin_after_base_p50,delta_top1_margin_after_base_p75,delta_top1_margin_after_base_p90,delta_top1_prob_after_base,delta_top1_prob_after_base_p50,delta_top1_prob_after_base_p75,delta_top1_prob_after_base_p90,emit_in_after_topk_rate,emit_in_base_topk_rate,emit_in_teacher_topk_rate,jsd_after_base_p50,jsd_after_base_p75,jsd_after_base_p90,jsd_base_teacher,jsd_base_teacher_p50,jsd_base_teacher_p75,jsd_base_teacher_p90,mechanism_stable_rate,riskmask_entropy_selected_rate,riskmask_nll_selected_rate,rkl_after_to_base_p50,rkl_after_to_base_p75,rkl_after_to_base_p90,rkl_base_to_teacher_p50,rkl_base_to_teacher_p75,rkl_base_to_teacher_p90,teacher_entropy,teacher_entropy_p50,teacher_entropy_p75,teacher_entropy_p90,teacher_minus_base_nll_p50,teacher_minus_base_nll_p75,teacher_minus_base_nll_p90,teacher_nll,teacher_nll_p50,teacher_nll_p75,teacher_nll_p90,unique_images,after_base_topk_jaccard_mean_p50,after_base_topk_jaccard_mean_p75,after_base_topk_jaccard_mean_p90,base_entropy_mean_p50,base_entropy_mean_p75,base_entropy_mean_p90,base_nll_mean_p50,base_nll_mean_p75,base_nll_mean_p90,delta_entropy_after_base_mean_p50,delta_entropy_after_base_mean_p75,delta_entropy_after_base_mean_p90,delta_logp_after_base_mean_p50,delta_logp_after_base_mean_p75,delta_logp_after_base_mean_p90,jsd_after_base_mean_p50,jsd_after_base_mean_p75,jsd_after_base_mean_p90,mechanism_boost_emitted_frac,mechanism_boost_emitted_frac_p50,mechanism_boost_emitted_frac_p75,mechanism_boost_emitted_frac_p90,mechanism_reshape_topk_frac,mechanism_reshape_topk_frac_p50,mechanism_reshape_topk_frac_p75,mechanism_reshape_topk_frac_p90,mechanism_sharpen_same_top1_frac,mechanism_sharpen_same_top1_frac_p50,mechanism_sharpen_same_top1_frac_p75,mechanism_sharpen_same_top1_frac_p90,mechanism_stable_frac,mechanism_stable_frac_p50,mechanism_stable_frac_p75,mechanism_stable_frac_p90,mechanism_suppress_emitted_frac,mechanism_suppress_emitted_frac_p50,mechanism_suppress_emitted_frac_p75,mechanism_suppress_emitted_frac_p90,mechanism_unknown_rate,removed_correct_rate,removed_hallucination_rate,riskmask_nll_selected_token_frac,riskmask_nll_selected_token_frac_p50,riskmask_nll_selected_token_frac_p75,riskmask_nll_selected_token_frac_p90,rkl_after_to_base_mean_p50,rkl_after_to_base_mean_p75,rkl_after_to_base_mean_p90,rkl_base_to_teacher_mean_p50,rkl_base_to_teacher_mean_p75,rkl_base_to_teacher_mean_p90,teacher_entropy_mean,teacher_entropy_mean_p50,teacher_entropy_mean_p75,teacher_entropy_mean_p90,teacher_minus_base_nll_mean_p50,teacher_minus_base_nll_mean_p75,teacher_minus_base_nll_mean_p90,teacher_nll_mean,teacher_nll_mean_p50,teacher_nll_mean_p75,teacher_nll_mean_p90,mechanism_boost_emitted_rate,mechanism_reshape_topk_rate,mechanism_sharpen_same_top1_rate,mechanism_suppress_emitted_rate
base_self,token_role_x_rkl_nll,correct_object,,,highRKL,highNLL,,,,2318,0.0040420245,2318,0,,,1,0.15377595,,1.0689316,,1.3807514,,-0.093216621,,0,,1.344581e-09,,0,,0,,1,1,,1,0,0,0,0,1,1,1,0.98924419,0.99900344,0.99989435,0.99999281,1.553063,1,2,2,0.72476273,1.280873,1.6601825,2.1498364,0.82863408,1.2410426,1.8763841,1.553063,1,2,2,0.72476273,0,0,0,0,0,0,0,0,0,0,0,0,0,0,0,0,0,0,0.99956859,0.99956859,1,0,1.2264743e-09,4.2971631e-09,0.03174745,0.015996824,0.034614655,0.072249435,1,0.97627265,1,0,0,0,0.066772405,0.14618796,0.32049239,1.3269031,1.236754,1.6297834,2.1312604,-0.11282437,0.17649738,0.44140964,0.97571496,0.78073493,1.1855693,1.8098692,814,,,,,,,,,,,,,,,,,,,,,,,,,,,,,,,,,,,,,,,,,,,,,,,,,,,,,,,,,,,,,,,,,,
base_self,token_role_x_rkl_nll,correct_object,,,highRKL,lowNLL,,,,1980,0.0034526353,1980,0,,,0.44949495,0.089571383,,0.19150481,,0.59931219,,0.065192579,,0,,4.4944943e-10,,0,,0,,1,1,,1,0,0,0,0,1,1,1,0.9983781,0.99986315,0.99998982,0.99999899,1,1,1,1,0.96969697,0.58665544,0.79253218,1.0120868,0.1832099,0.28406237,0.3627379,1,1,1,1,0.96969697,0,0,0,0,0,0,0,0,0,0,0,0,0,0,0,0,0,0,1,1,1,0,6.7309912e-09,1.5629822e-08,0.01935787,0.0095964978,0.018099541,0.038723438,1,0.46666667,0.44949495,0,0,0,0.039774897,0.077367537,0.16486434,0.62671491,0.59166139,0.84036501,1.0919006,0.031098391,0.12422527,0.24297418,0.25669739,0.18372693,0.32995262,0.50315417,788,,,,,,,,,,,,,,,,,,,,,,,,,,,,,,,,,,,,,,,,,,,,,,,,,,,,,,,,,,,,,,,,,,
base_self,token_role_x_rkl_nll,correct_object,,,lowRKL,highNLL,,,,944,0.0016461049,944,0,,,0.47775424,0.0072588435,,0.80436273,,1.0831228,,-0.0091577309,,0,,6.8977573e-10,,0,,0,,1,1,,1,0,0,0,0,1,1,1,0.99655981,0.99979472,0.99997582,0.99999796,1.2489407,1,1,2,0.92690678,1.0033534,1.2997695,1.5946773,0.67459813,0.89312366,1.191738,1.2489407,1,1,2,0.92690678,0,0,0,0,0,0,0,0,0,0,0,0,0,0,0,0,0,0,1,1,0.99894068,0,7.2038879e-10,1.9794709e-09,0.0017984342,0.0018353465,0.0025788979,0.0034932573,1,0.34745763,0.47775424,0,0,0,0.0073966775,0.010509487,0.014087428,1.0786896,0.99245292,1.2835918,1.5960434,-0.0037359297,0.047936916,0.10859915,0.795205,0.66524604,0.88431035,1.1843237,543,,,,,,,,,,,,,,,,,,,,,,,,,,,,,,,,,,,,,,,,,,,,,,,,,,,,,,,,,,,,,,,,,,
base_self,token_role_x_rkl_nll,correct_object,,,lowRKL,lowNLL,,,,10803,0.018837787,10803,0,,,0.0014810701,0.002090623,,0.045506662,,0.15523477,,0.00042281202,,0,,5.3258557e-10,,0,,0,,1,1,,1,0,0,0,0,1,1,1,0.99972603,0.99999863,0.99999994,1,1,1,1,1,1,0.028783785,0.2172775,0.53580668,0.0038619475,0.045741608,0.16386198,1,1,1,1,1,0,0,0,0,0,0,0,0,0,0,0,0,0,0,0,0,0,0,1,1,1,1.9942312e-12,7.2595474e-09,1.9919575e-08,0.00051196823,5.1009349e-05,0.00060862768,0.0018007584,1,0.008423586,0.0014810701,0,0,0,0.0002141787,0.00253501,0.0074451039,0.15537445,0.02807866,0.22038005,0.53585762,0,0.00059131082,0.013438722,0.045929474,0.0037724061,0.046197649,0.16340532,969,,,,,,,,,,,,,,,,,,,,,,,,,,,,,,,,,,,,,,,,,,,,,,,,,,,,,,,,,,,,,,,,,,
base_self,token_role_x_rkl_nll,hallucinated_object,,,highRKL,highNLL,,,,732,0.0012764288,732,1,,,1,0.18321377,,1.2700455,,1.50497,,-0.041751058,,0,,1.6193179e-09,,0,,0,,1,1,,1,0,0,0,0,1,1,1,0.98656534,0.99762419,0.99964064,0.9999617,1.8825137,1,2,3,0.7226776,1.4343671,1.819762,2.2526493,0.9515312,1.4796863,2.3857386,1.8825137,1,2,3,0.7226776,0,0,0,0,0,0,0,0,0,0,0,0,0,0,0,0,0,0,0.99453552,0.99453552,0.99180328,0,1.9506078e-09,5.4777547e-09,0.038156629,0.017611072,0.041270328,0.083764067,1,0.97540984,1,0,0,0,0.072692465,0.17538234,0.38997916,1.4677175,1.3913535,1.791893,2.3190033,-0.10393387,0.22199431,0.6063974,1.2282944,0.90660414,1.49747,2.3573206,416,,,,,,,,,,,,,,,,,,,,,,,,,,,,,,,,,,,,,,,,,,,,,,,,,,,,,,,,,,,,,,,,,,
base_self,token_role_x_rkl_nll,hallucinated_object,,,highRKL,lowNLL,,,,419,0.00073063342,419,1,,,0.49164678,0.098169158,,0.20640928,,0.66514126,,0.088683369,,0,,7.0934746e-10,,0,,0,,1,1,,1,0,0,0,0,1,1,1,0.99741556,0.99979997,0.99997017,0.99999607,1,1,1,1,0.96897375,0.64798641,0.85641381,1.0714857,0.20076998,0.2993017,0.3747698,1,1,1,1,0.96897375,0,0,0,0,0,0,0,0,0,0,0,0,0,0,0,0,0,0,1,1,1,0,6.6798576e-09,1.3980847e-08,0.022662943,0.0095765153,0.020628791,0.042513819,1,0.54892601,0.49164678,0,0,0,0.040946264,0.087680008,0.18840958,0.71593843,0.67044342,0.9021849,1.2075932,0.046313606,0.13375159,0.31291215,0.29509265,0.21381116,0.39060694,0.5591361,290,,,,,,,,,,,,,,,,,,,,,,,,,,,,,,,,,,,,,,,,,,,,,,,,,,,,,,,,,,,,,,,,,,
base_self,token_role_x_rkl_nll,hallucinated_object,,,lowRKL,highNLL,,,,207,0.00036095732,207,1,,,0.5410628,0.0076313709,,0.91382053,,1.1875622,,-0.0038790238,,0,,7.582913e-10,,0,,0,,1,1,,1,0,0,0,0,1,1,1,0.99444197,0.99940777,0.99993977,0.99999665,1.5990338,1,1,2,0.91304348,1.1324373,1.4207458,1.6751924,0.6790297,0.98930445,1.4048181,1.5990338,1,1,2,0.91304348,0,0,0,0,0,0,0,0,0,0,0,0,0,0,0,0,0,0,0.99516908,0.99516908,0.99516908,0,1.0658367e-09,2.8506852e-09,0.0018987701,0.0019323984,0.0026386122,0.0034797148,1,0.4589372,0.5410628,0,0,0,0.0075742784,0.010957863,0.013855717,1.1858525,1.1180409,1.399713,1.6808341,-9.727478e-05,0.067222431,0.11899174,0.90994151,0.69151711,0.96496797,1.4374363,168,,,,,,,,,,,,,,,,,,,,,,,,,,,,,,,,,,,,,,,,,,,,,,,,,,,,,,,,,,,,,,,,,,
base_self,token_role_x_rkl_nll,hallucinated_object,,,lowRKL,lowNLL,,,,1592,0.0027760582,1592,1,,,0.0018844221,0.0025283434,,0.056507873,,0.19509713,,0.00057975216,,0,,7.4888415e-10,,0,,0,,1,1,,1,0,0,0,0,1,1,1,0.99970631,0.9999952,0.99999982,1,1,1,1,1,1,0.065262873,0.31277347,0.60326633,0.010103865,0.074300721,0.20263998,1,1,1,1,1,0,0,0,0,0,0,0,0,0,0,0,0,0,0,0,0,0,0,1,1,1,8.3893829e-12,1.0464174e-08,2.1432861e-08,0.00062167751,0.00013503817,0.00087594397,0.0020801656,1,0.0094221106,0.0018844221,0,0,0,0.00055098865,0.003578962,0.0083375043,0.19516049,0.066163339,0.31361792,0.59911834,-1.1920918e-07,0.0013991918,0.019448119,0.057087625,0.010654529,0.071583763,0.2020872,503,,,,,,,,,,,,,,,,,,,,,,,,,,,,,,,,,,,,,,,,,,,,,,,,,,,,,,,,,,,,,,,,,,
base_self,token_role_x_rkl_nll,non_object_token,,,highRKL,highNLL,,,,104556,0.18232007,0,,,,1,0.12407967,,1.0757227,,1.4661024,,-0.058071188,,0,,1.0542868e-09,,0,,0,,1,1,,1,0,0,0,0,1,1,1,0.99077028,0.99865201,0.99984945,0.99998575,1.5711676,1,2,2,0.73318604,1.3994005,1.7559658,2.1380318,0.87366045,1.2886458,1.8399977,1.5711676,1,2,2,0.73318604,0,0,0,0,0,0,0,0,0,0,0,0,0,0,0,0,0,0,0.99897662,0.99897662,0.99870883,0,1.1676905e-09,3.1737736e-09,0.02663695,0.013306205,0.02779784,0.057687286,1,0.98448678,1,0,0,0,0.054642027,0.11605753,0.25098167,1.4279982,1.3677678,1.7383705,2.126332,-0.082712173,0.17251584,0.38791901,1.0176515,0.84342921,1.2484953,1.7897431,985,,,,,,,,,,,,,,,,,,,,,,,,,,,,,,,,,,,,,,,,,,,,,,,,,,,,,,,,,,,,,,,,,,
base_self,token_role_x_rkl_nll,non_object_token,,,highRKL,lowNLL,,,,60679,0.10580932,0,,,,0.50272747,0.075605362,,0.21828133,,0.67533998,,0.06325591,,0,,4.7286164e-10,,0,,0,,1,1,,1,0,0,0,0,1,1,1,0.99851262,0.99986535,0.9999876,0.99999905,1,1,1,1,0.97725737,0.66532922,0.87747452,1.0614341,0.21731021,0.31407173,0.37634632,1,1,1,1,0.97725737,0,0,0,0,0,0,0,0,0,0,0,0,0,0,0,0,0,0,1,1,0.99990112,0,2.3098856e-09,1.3619437e-08,0.017524009,0.0086575029,0.016232851,0.032807575,1,0.54902025,0.50272747,0,0,0,0.035795845,0.067484811,0.13944869,0.71278426,0.68528664,0.93218571,1.1851939,0.038003139,0.13060264,0.24208906,0.28153724,0.22367766,0.37754907,0.53911505,985,,,,,,,,,,,,,,,,,,,,,,,,,,,,,,,,,,,,,,,,,,,,,,,,,,,,,,,,,,,,,,,,,,
base_self,token_role_x_rkl_nll,non_object_token,,,lowRKL,highNLL,,,,62029,0.10816339,0,,,,0.48891647,0.0072487361,,0.79761239,,1.1819434,,-0.0053270859,,0,,5.5015514e-10,,0,,0,,1,1,,1,0,0,0,0,1,1,1,0.99721521,0.9997834,0.99997783,0.99999774,1.23302,1,1,2,0.928211,1.1239552,1.4058838,1.7066971,0.68798357,0.92107129,1.230542,1.23302,1,1,2,0.928211,0,0,0,0,0,0,0,0,0,0,0,0,0,0,0,0,0,0,0.99988715,0.99988715,0.99991939,0,6.2677902e-10,1.6626838e-09,0.0017995322,0.0018529482,0.0025719376,0.0034096219,1,0.41150107,0.48891647,0,0,0,0.0074527822,0.010393957,0.013773051,1.178602,1.1210117,1.4028786,1.706992,-0.0016002357,0.052429348,0.1104265,0.7922853,0.68860972,0.91802728,1.2250066,985,,,,,,,,,,,,,,,,,,,,,,,,,,,,,,,,,,,,,,,,,,,,,,,,,,,,,,,,,,,,,,,,,,
base_self,token_role_x_rkl_nll,non_object_token,,,lowRKL,lowNLL,,,,322865,0.56299752,0,,,,0.0019079182,0.0024860472,,0.072669048,,0.23601626,,0.00094244856,,0,,5.4852787e-10,,0,,0,,1,1,,1,0,0,0,0,1,1,1,0.99975144,0.99999785,0.99999994,1,1,1,1,1,1,0.10050669,0.40690741,0.68387095,0.017403157,0.10592657,0.25208554,1,1,1,1,1,0,0,0,0,0,0,0,0,0,0,0,0,0,0,0,0,0,0,1,1,1,1.3624949e-11,8.2589429e-09,2.0250742e-08,0.00061358045,0.00013449453,0.0008890304,0.0020035505,1,0.01335233,0.0019079182,0,0,0,0.00054881483,0.0035873938,0.0081758916,0.23679149,0.1001029,0.40729445,0.68614771,0,0.0021218089,0.02219531,0.073611497,0.017420379,0.10605694,0.25221347,985,,,,,,,,,,,,,,,,,,,,,,,,,,,,,,,,,,,,,,,,,,,,,,,,,,,,,,,,,,,,,,,,,,
base_self,token_role_x_rkl_nll,unknown_object,,,highRKL,highNLL,,,,4,6.9750207e-06,0,,,,1,0.10585427,,0.84093198,,1.2877262,,-0.16985533,,0,,1.771443e-09,,0,,0,,1,1,,1,0,0,0,0,1,1,1,0.9947639,0.99874836,0.99942167,0.99975461,1.5,1.5,2,2,0.5,1.2348532,1.3396707,1.5254186,0.74078962,0.95940895,1.1636586,1.5,1.5,2,2,0.5,0,0,0,0,0,0,0,0,0,0,0,0,0,0,0,0,0,0,1,1,1,1.8298959e-09,2.5956877e-09,2.9226301e-09,0.023445803,0.023505137,0.036852546,0.039878601,1,1,1,0,0,0,0.098431706,0.16409507,0.19030276,1.1273633,1.1318421,1.2813105,1.2948244,-0.18671721,0.0055314153,0.067826658,0.67107665,0.58779617,0.87643631,1.1130233,3,,,,,,,,,,,,,,,,,,,,,,,,,,,,,,,,,,,,,,,,,,,,,,,,,,,,,,,,,,,,,,,,,,
base_self,token_role_x_rkl_nll,unknown_object,,,highRKL,lowNLL,,,,1,1.7437552e-06,0,,,,0,0.063054584,,0.034657173,,0.19966188,,0.10300229,,0,,7.3280644e-09,,0,,0,,1,1,,1,0,0,0,0,1,1,1,0.99999881,0.99999881,0.99999881,0.99999881,1,1,1,1,1,0.19966188,0.19966188,0.19966188,0.034657173,0.034657173,0.034657173,1,1,1,1,1,0,0,0,0,0,0,0,0,0,0,0,0,0,0,0,0,0,0,1,1,1,7.3280644e-09,7.3280644e-09,7.3280644e-09,0.018986907,0.018986907,0.018986907,0.018986907,1,0,0,0,0,0,0.063054584,0.063054584,0.063054584,0.55379021,0.55379021,0.55379021,0.55379021,0.10300229,0.10300229,0.10300229,0.13765946,0.13765946,0.13765946,0.13765946,1,,,,,,,,,,,,,,,,,,,,,,,,,,,,,,,,,,,,,,,,,,,,,,,,,,,,,,,,,,,,,,,,,,
base_self,token_role_x_rkl_nll,unknown_object,,,lowRKL,lowNLL,,,,5,8.7187759e-06,0,,,,0,0.0017693365,,0.031383543,,0.13495491,,0.005358895,,0,,7.0278519e-09,,0,,0,,1,1,,1,0,0,0,0,1,1,1,0.99994967,0.9999994,0.99999976,0.99999976,1,1,1,1,1,0.047840934,0.10198709,0.34517681,0.0076597077,0.016851099,0.084813044,1,1,1,1,1,0,0,0,0,0,0,0,0,0,0,0,0,0,0,0,0,0,0,1,1,1,3.2323593e-09,2.5415945e-08,2.6650063e-08,0.00045663578,0.00033643446,0.00071565958,0.00098790666,1,0,0,0,0,0,0.0015459338,0.0027857705,0.0036662163,0.14783477,0.030537639,0.14284873,0.38825408,-2.9204384e-05,0.010895789,0.016251177,0.036742438,0.0043516704,0.027746888,0.10106422,2,,,,,,,,,,,,,,,,,,,,,,,,,,,,,,,,,,,,,,,,,,,,,,,,,,,,,,,,,,,,,,,,,,
base_self,token_role_x_rkl_nll,unknown_token,,,highRKL,highNLL,,,,834,0.0014542918,0,,,,1,0.16474554,,1.0487216,,1.476746,,-0.068781385,,0,,9.7423851e-10,,0,,0,,1,1,,1,0,0,0,0,1,1,1,0.98940301,0.99855548,0.9998606,0.99998989,1.4328537,1,2,2,0.71582734,1.4002634,1.7714998,2.1902306,0.85140157,1.226124,1.7692317,1.4328537,1,2,2,0.71582734,0,0,0,0,0,0,0,0,0,0,0,0,0,0,0,0,0,0,1,1,1,0,1.0459777e-09,3.4436859e-09,0.032534831,0.015315607,0.034181843,0.071938597,1,0.98681055,1,0,0,0,0.063550413,0.1439635,0.31783829,1.4314028,1.3666428,1.7477413,2.1921746,-0.075611189,0.18142591,0.38970625,0.97994017,0.8297163,1.182328,1.7804297,8,,,,,,,,,,,,,,,,,,,,,,,,,,,,,,,,,,,,,,,,,,,,,,,,,,,,,,,,,,,,,,,,,,
base_self,token_role_x_rkl_nll,unknown_token,,,highRKL,lowNLL,,,,520,0.00090675269,0,,,,0.50769231,0.082840957,,0.20967786,,0.65469869,,0.065197837,,0,,3.4199898e-11,,0,,0,,1,1,,1,0,0,0,0,1,1,1,0.9984502,0.99988374,0.99999037,0.99999899,1,1,1,1,0.97115385,0.65791333,0.86423984,1.0354928,0.20604476,0.3076207,0.37026433,1,1,1,1,0.97115385,0,0,0,0,0,0,0,0,0,0,0,0,0,0,0,0,0,0,1,1,1,0,2.6572512e-09,1.4031529e-08,0.019607075,0.01032743,0.01793701,0.038620543,1,0.54615385,0.50769231,0,0,0,0.043479325,0.074223472,0.16580048,0.6957112,0.67176804,0.9257586,1.1603127,0.043304279,0.12527767,0.26254233,0.2748757,0.20733765,0.35757621,0.55079325,8,,,,,,,,,,,,,,,,,,,,,,,,,,,,,,,,,,,,,,,,,,,,,,,,,,,,,,,,,,,,,,,,,,
base_self,token_role_x_rkl_nll,unknown_token,,,lowRKL,highNLL,,,,419,0.00073063342,0,,,,0.48687351,0.0071521372,,0.78503344,,1.1391952,,0.0066607119,,0,,5.9230776e-10,,0,,0,,1,1,,1,0,0,0,0,1,1,1,0.99756543,0.99985683,0.99998417,0.99999917,1.2052506,1,1,2,0.90930788,1.085423,1.3354362,1.6586133,0.68544865,0.85720021,1.1700042,1.2052506,1,1,2,0.90930788,0,0,0,0,0,0,0,0,0,0,0,0,0,0,0,0,0,0,1,1,1,0,6.2594452e-10,1.7809468e-09,0.0017787645,0.0018825539,0.002468626,0.0032878934,1,0.37708831,0.48687351,0,0,0,0.007569788,0.0098447721,0.0131262,1.1390817,1.0857317,1.3518763,1.6483307,-0.00095772743,0.064075589,0.11721123,0.79169415,0.68404442,0.88883328,1.1444955,8,,,,,,,,,,,,,,,,,,,,,,,,,,,,,,,,,,,,,,,,,,,,,,,,,,,,,,,,,,,,,,,,,,
base_self,token_role_x_rkl_nll,unknown_token,,,lowRKL,lowNLL,,,,2568,0.0044779633,0,,,,0.0019470405,0.0022698418,,0.0564966,,0.18823655,,0.00085228387,,0,,4.2888236e-10,,0,,0,,1,1,,1,0,0,0,0,1,1,1,0.99975825,0.99999923,1,1,1,1,1,1,1,0.046101768,0.28915539,0.61812257,0.0068571365,0.070144061,0.20360851,1,1,1,1,1,0,0,0,0,0,0,0,0,0,0,0,0,0,0,0,0,0,0,1,1,1,6.860575e-12,7.4245421e-09,1.9963366e-08,0.00055721245,7.0468705e-05,0.00075323408,0.0019612881,1,0.011682243,0.0019470405,0,0,0,0.00027727715,0.0030820398,0.007999105,0.18913938,0.045345873,0.29614514,0.62541764,0,0.0011270593,0.017560794,0.057348884,0.0066669756,0.0692895,0.19999127,8,,,,,,,,,,,,,,,,,,,,,,,,,,,,,,,,,,,,,,,,,,,,,,,,,,,,,,,,,,,,,,,,,,
base_self,token_role_x_rkl_entropy,correct_object,,,highRKL,,highEnt,,,2273,0.0039635555,2273,0,,,0.98328201,0.13968534,,0.92419109,,1.4486487,,-0.035693302,,0,,1.5608564e-09,,0,,0,,1,1,,1,0,0,0,0,1,1,1,0.98804164,0.99813104,0.99964863,0.99995242,1.4153102,1,2,2,0.77386714,1.3089288,1.6703058,2.1567813,0.74387163,1.1237223,1.6955019,1.4153102,1,2,2,0.77386714,0,0,0,0,0,0,0,0,0,0,0,0,0,0,0,0,0,0,1,1,1,0,1.5541598e-09,4.7340203e-09,0.029329427,0.014725475,0.031843774,0.06566924,1,1,0.98328201,0,0,0,0.062984221,0.1349259,0.2983314,1.3904909,1.2884536,1.654377,2.1396998,-0.061490834,0.16295904,0.39175651,0.88849779,0.71679062,1.1046042,1.6885467,803,,,,,,,,,,,,,,,,,,,,,,,,,,,,,,,,,,,,,,,,,,,,,,,,,,,,,,,,,,,,,,,,,,
base_self,token_role_x_rkl_entropy,correct_object,,,highRKL,,lowEnt,,,2025,0.0035311042,2025,0,,,0.48049383,0.10681442,,0.37346992,,0.54046485,,-0.0028957754,,0,,2.2657882e-10,,0,,0,,1,1,,1,0,0,0,0,1,1,1,0.99952494,0.99994111,0.99999529,0.99999946,1.1669136,1,1,1,0.9091358,0.58118832,0.72386128,0.81490866,0.18878376,0.34290963,0.74701209,1.1669136,1,1,1,0.9091358,0,0,0,0,0,0,0,0,0,0,0,0,0,0,0,0,0,0,0.99950617,0.99950617,1,0,4.9627173e-09,1.5269097e-08,0.02234735,0.0099144764,0.020618699,0.045427941,1,0.45135802,0.48049383,0,0,0,0.041386232,0.086595468,0.1890691,0.57089932,0.58166432,0.74501181,0.92000693,0.0035324246,0.12822202,0.28228052,0.37057415,0.202242,0.39039162,0.77542174,797,,,,,,,,,,,,,,,,,,,,,,,,,,,,,,,,,,,,,,,,,,,,,,,,,,,,,,,,,,,,,,,,,,
base_self,token_role_x_rkl_entropy,correct_object,,,lowRKL,,highEnt,,,783,0.0013653603,783,0,,,0.43933589,0.0083136268,,0.66838508,,1.2307705,,-0.0061353668,,0,,1.1829126e-09,,0,,0,,1,1,,1,0,0,0,0,1,1,1,0.9945016,0.99908489,0.99983364,0.99996446,1.1404853,1,1,2,0.94508301,1.1318823,1.3626071,1.669259,0.60564196,0.8295804,1.0759086,1.1404853,1,1,2,0.94508301,0,0,0,0,0,0,0,0,0,0,0,0,0,0,0,0,0,0,1,1,1,0,1.3581603e-09,3.517577e-09,0.0020549715,0.001964163,0.0029967937,0.0036512391,1,0.51851852,0.43933589,0,0,0,0.0079011535,0.012040408,0.014700522,1.2227329,1.1330271,1.3769287,1.6466992,-0.0065586567,0.041931182,0.08895185,0.66224971,0.60176408,0.82397577,1.0592669,483,,,,,,,,,,,,,,,,,,,,,,,,,,,,,,,,,,,,,,,,,,,,,,,,,,,,,,,,,,,,,,,,,,
base_self,token_role_x_rkl_entropy,correct_object,,,lowRKL,,lowEnt,,,10964,0.019118532,10964,0,,,0.011218533,0.0020911874,,0.066360942,,0.15831593,,6.6283522e-05,,0,,4.9967618e-10,,0,,0,,1,1,,1,0,0,0,0,1,1,1,0.99982653,0.99999857,0.99999994,1,1.0114009,1,1,1,0.9976286,0.031545864,0.23203122,0.5696753,0.0042581963,0.04976228,0.18521808,1.0114009,1,1,1,0.9976286,0,0,0,0,0,0,0,0,0,0,0,0,0,0,0,0,0,0,1,1,0.99990879,1.8359383e-12,7.0911446e-09,1.9695946e-08,0.00051253849,5.3807216e-05,0.00061557605,0.0018292291,1,0.0011856987,0.011218533,0,0,0,0.00022456172,0.0025634504,0.0074937378,0.15864588,0.030053958,0.23353203,0.56615338,0,0.00059154234,0.01371744,0.066427226,0.0041534358,0.050479617,0.18675857,972,,,,,,,,,,,,,,,,,,,,,,,,,,,,,,,,,,,,,,,,,,,,,,,,,,,,,,,,,,,,,,,,,,
base_self,token_role_x_rkl_entropy,hallucinated_object,,,highRKL,,highEnt,,,737,0.0012851476,737,1,,,0.99185889,0.17589944,,1.1130811,,1.5508757,,-0.0090527585,,0,,1.6981316e-09,,0,,0,,1,1,,1,0,0,0,0,1,1,1,0.98560353,0.99673128,0.99936497,0.99989821,1.7272727,1,2,3,0.75712347,1.4384065,1.8184417,2.2499668,0.85819614,1.3370367,2.0422381,1.7272727,1,2,3,0.75712347,0,0,0,0,0,0,0,0,0,0,0,0,0,0,0,0,0,0,0.99592944,0.99592944,0.99321574,0,2.0355524e-09,5.4487927e-09,0.036106991,0.016590392,0.037428383,0.077872336,1,1,0.99185889,0,0,0,0.071580276,0.16655518,0.34579834,1.499849,1.4006667,1.7981637,2.3213954,-0.062732607,0.20791805,0.5801296,1.1040284,0.84627634,1.3530192,2.1267108,416,,,,,,,,,,,,,,,,,,,,,,,,,,,,,,,,,,,,,,,,,,,,,,,,,,,,,,,,,,,,,,,,,,
base_self,token_role_x_rkl_entropy,hallucinated_object,,,highRKL,,lowEnt,,,414,0.00072191464,414,1,,,0.5,0.11016297,,0.47299035,,0.57327736,,0.032049372,,0,,5.580539e-10,,0,,0,,1,1,,1,0,0,0,0,1,1,1,0.99925882,0.99988937,0.99998595,0.9999977,1.2657005,1,1,2,0.91062802,0.61425659,0.74832664,0.83411889,0.20061669,0.38871153,1.0100711,1.2657005,1,1,2,0.91062802,0,0,0,0,0,0,0,0,0,0,0,0,0,0,0,0,0,0,0.99758454,0.99758454,0.99758454,0,6.8257484e-09,1.4824315e-08,0.026124574,0.010522351,0.023306581,0.054450569,1,0.5,0.5,0,0,0,0.042461352,0.10235059,0.227339,0.64965862,0.6466769,0.81831598,0.97179335,0.042086616,0.15191715,0.38012056,0.50503972,0.24557134,0.5258753,0.92438755,283,,,,,,,,,,,,,,,,,,,,,,,,,,,,,,,,,,,,,,,,,,,,,,,,,,,,,,,,,,,,,,,,,,
base_self,token_role_x_rkl_entropy,hallucinated_object,,,lowRKL,,highEnt,,,188,0.00032782597,188,1,,,0.50531915,0.0083230032,,0.78997685,,1.2989633,,-0.0019537303,,0,,1.0605394e-09,,0,,0,,1,1,,1,0,0,0,0,1,1,1,0.99315216,0.99845052,0.99966638,0.99994931,1.5638298,1,1,2,0.93085106,1.2130227,1.4510385,1.7023746,0.63913807,0.87360957,1.1792002,1.5638298,1,1,2,0.93085106,0,0,0,0,0,0,0,0,0,0,0,0,0,0,0,0,0,0,0.99468085,0.99468085,0.99468085,0,1.1885755e-09,3.480171e-09,0.0020609891,0.0020634041,0.0028176201,0.0035253163,1,0.57978723,0.50531915,0,0,0,0.0083141243,0.011372671,0.014449265,1.288373,1.1936578,1.4142411,1.720083,-0.0088553801,0.049471378,0.10663456,0.78802312,0.65275979,0.90089153,1.1669143,159,,,,,,,,,,,,,,,,,,,,,,,,,,,,,,,,,,,,,,,,,,,,,,,,,,,,,,,,,,,,,,,,,,
base_self,token_role_x_rkl_entropy,hallucinated_object,,,lowRKL,,lowEnt,,,1611,0.0028091896,1611,1,,,0.012414649,0.0025078162,,0.081071221,,0.19380193,,0.00030248841,,0,,7.1372344e-10,,0,,0,,1,1,,1,0,0,0,0,1,1,1,0.99979475,0.99999535,0.99999982,1,1.0111732,1,1,1,0.99689634,0.068426758,0.32420757,0.61837059,0.01095672,0.078890741,0.20972876,1.0111732,1,1,1,0.99689634,0,0,0,0,0,0,0,0,0,0,0,0,0,0,0,0,0,0,1,1,1,7.7306746e-12,1.020188e-08,2.1286636e-08,0.00061780884,0.00013413135,0.00087384743,0.0020218403,1,0.00062073246,0.012414649,0,0,0,0.00054552703,0.0035302418,0.0080480697,0.19488072,0.069313727,0.32587864,0.61793202,-1.1920906e-07,0.001713105,0.020920284,0.081373709,0.01097877,0.079110373,0.21539764,499,,,,,,,,,,,,,,,,,,,,,,,,,,,,,,,,,,,,,,,,,,,,,,,,,,,,,,,,,,,,,,,,,,
base_self,token_role_x_rkl_entropy,non_object_token,,,highRKL,,highEnt,,,108123,0.18854004,0,,,,0.98716277,0.1166107,,0.97000625,,1.4870539,,-0.024698552,,0,,1.1330237e-09,,0,,0,,1,1,,1,0,0,0,0,1,1,1,0.99048977,0.99810958,0.99969086,0.99995434,1.4844853,1,2,2,0.77306401,1.3855565,1.7409915,2.1249824,0.80179071,1.2098446,1.7258761,1.4844853,1,2,2,0.77306401,0,0,0,0,0,0,0,0,0,0,0,0,0,0,0,0,0,0,0.99920461,0.99920461,0.9988809,0,1.3377328e-09,3.2933949e-09,0.025255201,0.012865053,0.026545224,0.054501074,1,1,0.98716277,0,0,0,0.052943707,0.11108191,0.23768129,1.4512629,1.3721607,1.729573,2.1167227,-0.046862662,0.1656903,0.37167025,0.94530769,0.78311545,1.1909044,1.7112548,985,,,,,,,,,,,,,,,,,,,,,,,,,,,,,,,,,,,,,,,,,,,,,,,,,,,,,,,,,,,,,,,,,,
base_self,token_role_x_rkl_entropy,non_object_token,,,highRKL,,lowEnt,,,57112,0.099589346,0,,,,0.49597283,0.086717905,,0.36486845,,0.58628714,,0.0076533082,,0,,2.8748538e-10,,0,,0,,1,1,,1,0,0,0,0,1,1,1,0.99952722,0.99995488,0.99999535,0.99999964,1.1284319,1,1,1,0.91700518,0.62971666,0.75265911,0.83209156,0.20840733,0.35091531,0.70399393,1.1284319,1,1,1,0.91700518,0,0,0,0,0,0,0,0,0,0,0,0,0,0,0,0,0,0,0.9996323,0.9996323,0.99964981,0,1.4976546e-09,1.3889071e-08,0.019570741,0.0085593187,0.016962109,0.036638387,1,0.49245342,0.49597283,0,0,0,0.035425236,0.069511088,0.15345829,0.62407063,0.63553491,0.79497559,0.95864152,0.0095285028,0.12907343,0.25821544,0.37252175,0.22946689,0.42064106,0.74386081,985,,,,,,,,,,,,,,,,,,,,,,,,,,,,,,,,,,,,,,,,,,,,,,,,,,,,,,,,,,,,,,,,,,
base_self,token_role_x_rkl_entropy,non_object_token,,,lowRKL,,highEnt,,,58701,0.10236017,0,,,,0.44247969,0.0078424304,,0.71174018,,1.2653889,,-0.0022884919,,0,,6.97619e-10,,0,,0,,1,1,,1,0,0,0,0,1,1,1,0.99645696,0.99937725,0.99989665,0.99998236,1.1670159,1,1,2,0.94713889,1.1738405,1.4276185,1.7251716,0.62756389,0.88338929,1.1775919,1.1670159,1,1,2,0.94713889,0,0,0,0,0,0,0,0,0,0,0,0,0,0,0,0,0,0,0.99998296,0.99998296,0.99998296,0,9.142137e-10,2.0899871e-09,0.0019451137,0.0018942521,0.002782939,0.0035050488,1,0.50074104,0.44247969,0,0,0,0.0076201968,0.011244366,0.014172343,1.2615551,1.1740627,1.4274211,1.7238078,-0.0028825402,0.047773123,0.097234547,0.70945169,0.62852168,0.88008898,1.177532,985,,,,,,,,,,,,,,,,,,,,,,,,,,,,,,,,,,,,,,,,,,,,,,,,,,,,,,,,,,,,,,,,,,
base_self,token_role_x_rkl_entropy,non_object_token,,,lowRKL,,lowEnt,,,326193,0.56880073,0,,,,0.015233313,0.0024277988,,0.095518697,,0.23065044,,0.00033166439,,0,,5.2200719e-10,,0,,0,,1,1,,1,0,0,0,0,1,1,1,0.99986202,0.99999803,0.99999994,1,1.0142554,1,1,1,0.99586135,0.1046994,0.41955456,0.68550065,0.018201234,0.11127928,0.26868509,1.0142554,1,1,1,0.99586135,0,0,0,0,0,0,0,0,0,0,0,0,0,0,0,0,0,0,0.99998161,0.99998161,0.99998774,8.849619e-12,7.8882829e-09,2.0206259e-08,0.00059948164,0.00012927789,0.00086085673,0.0019475692,1,0.001355026,0.015233313,0,0,0,0.0005270422,0.0034936741,0.0079041637,0.2314723,0.10455097,0.41979465,0.68559382,0,0.001963531,0.022237423,0.095850362,0.018206971,0.11163481,0.27125822,985,,,,,,,,,,,,,,,,,,,,,,,,,,,,,,,,,,,,,,,,,,,,,,,,,,,,,,,,,,,,,,,,,,
base_self,token_role_x_rkl_entropy,unknown_object,,,highRKL,,highEnt,,,4,6.9750207e-06,0,,,,1,0.10585427,,0.84093198,,1.2877262,,-0.16985533,,0,,1.771443e-09,,0,,0,,1,1,,1,0,0,0,0,1,1,1,0.9947639,0.99874836,0.99942167,0.99975461,1.5,1.5,2,2,0.5,1.2348532,1.3396707,1.5254186,0.74078962,0.95940895,1.1636586,1.5,1.5,2,2,0.5,0,0,0,0,0,0,0,0,0,0,0,0,0,0,0,0,0,0,1,1,1,1.8298959e-09,2.5956877e-09,2.9226301e-09,0.023445803,0.023505137,0.036852546,0.039878601,1,1,1,0,0,0,0.098431706,0.16409507,0.19030276,1.1273633,1.1318421,1.2813105,1.2948244,-0.18671721,0.0055314153,0.067826658,0.67107665,0.58779617,0.87643631,1.1130233,3,,,,,,,,,,,,,,,,,,,,,,,,,,,,,,,,,,,,,,,,,,,,,,,,,,,,,,,,,,,,,,,,,,
base_self,token_role_x_rkl_entropy,unknown_object,,,highRKL,,lowEnt,,,1,1.7437552e-06,0,,,,0,0.063054584,,0.034657173,,0.19966188,,0.10300229,,0,,7.3280644e-09,,0,,0,,1,1,,1,0,0,0,0,1,1,1,0.99999881,0.99999881,0.99999881,0.99999881,1,1,1,1,1,0.19966188,0.19966188,0.19966188,0.034657173,0.034657173,0.034657173,1,1,1,1,1,0,0,0,0,0,0,0,0,0,0,0,0,0,0,0,0,0,0,1,1,1,7.3280644e-09,7.3280644e-09,7.3280644e-09,0.018986907,0.018986907,0.018986907,0.018986907,1,0,0,0,0,0,0.063054584,0.063054584,0.063054584,0.55379021,0.55379021,0.55379021,0.55379021,0.10300229,0.10300229,0.10300229,0.13765946,0.13765946,0.13765946,0.13765946,1,,,,,,,,,,,,,,,,,,,,,,,,,,,,,,,,,,,,,,,,,,,,,,,,,,,,,,,,,,,,,,,,,,
base_self,token_role_x_rkl_entropy,unknown_object,,,lowRKL,,lowEnt,,,5,8.7187759e-06,0,,,,0,0.0017693365,,0.031383543,,0.13495491,,0.005358895,,0,,7.0278519e-09,,0,,0,,1,1,,1,0,0,0,0,1,1,1,0.99994967,0.9999994,0.99999976,0.99999976,1,1,1,1,1,0.047840934,0.10198709,0.34517681,0.0076597077,0.016851099,0.084813044,1,1,1,1,1,0,0,0,0,0,0,0,0,0,0,0,0,0,0,0,0,0,0,1,1,1,3.2323593e-09,2.5415945e-08,2.6650063e-08,0.00045663578,0.00033643446,0.00071565958,0.00098790666,1,0,0,0,0,0,0.0015459338,0.0027857705,0.0036662163,0.14783477,0.030537639,0.14284873,0.38825408,-2.9204384e-05,0.010895789,0.016251177,0.036742438,0.0043516704,0.027746888,0.10106422,2,,,,,,,,,,,,,,,,,,,,,,,,,,,,,,,,,,,,,,,,,,,,,,,,,,,,,,,,,,,,,,,,,,
base_self,token_role_x_rkl_entropy,unknown_token,,,highRKL,,highEnt,,,857,0.0014943982,0,,,,0.98599767,0.14359748,,0.93499886,,1.5020021,,-0.021389021,,0,,1.1114168e-09,,0,,0,,1,1,,1,0,0,0,0,1,1,1,0.98904116,0.99798286,0.99972743,0.99997296,1.3512252,1,1,2,0.76429405,1.3912876,1.7664218,2.1866323,0.78619963,1.1538899,1.6131668,1.3512252,1,1,2,0.76429405,0,0,0,0,0,0,0,0,0,0,0,0,0,0,0,0,0,0,1,1,1,0,1.2330745e-09,3.6684373e-09,0.029449999,0.014484888,0.03154311,0.064458628,1,1,0.98599767,0,0,0,0.061825417,0.13084139,0.27648708,1.4600402,1.3723145,1.7284269,2.1813519,-0.040167928,0.17223644,0.37299994,0.91360984,0.77050644,1.1364594,1.6856675,8,,,,,,,,,,,,,,,,,,,,,,,,,,,,,,,,,,,,,,,,,,,,,,,,,,,,,,,,,,,,,,,,,,
base_self,token_role_x_rkl_entropy,unknown_token,,,highRKL,,lowEnt,,,497,0.00086664632,0,,,,0.50905433,0.11551717,,0.36694616,,0.57310605,,-0.010322756,,0,,-2.4584582e-10,,0,,0,,1,1,,1,0,0,0,0,1,1,1,0.99949285,0.99995917,0.99999595,0.99999958,1.1207243,1,1,1,0.89939638,0.62712902,0.75242609,0.83036039,0.20154294,0.34426743,0.7233875,1.1207243,1,1,1,0.89939638,0,0,0,0,0,0,0,0,0,0,0,0,0,0,0,0,0,0,1,1,1,0,1.3164665e-09,1.4077865e-08,0.024328126,0.010558813,0.019338964,0.047354199,1,0.50301811,0.50905433,0,0,0,0.044117734,0.082609482,0.19124692,0.6122843,0.59923005,0.79696232,0.95486915,-0.00072622299,0.12374816,0.26896356,0.35662341,0.20659347,0.40369862,0.79931818,8,,,,,,,,,,,,,,,,,,,,,,,,,,,,,,,,,,,,,,,,,,,,,,,,,,,,,,,,,,,,,,,,,,
base_self,token_role_x_rkl_entropy,unknown_token,,,lowRKL,,highEnt,,,377,0.0006573957,0,,,,0.45092838,0.0079508095,,0.6784639,,1.2455334,,0.0072455524,,0,,7.5817139e-10,,0,,0,,1,1,,1,0,0,0,0,1,1,1,0.99649683,0.99949688,0.99991226,0.99998702,1.1220159,1,1,2,0.933687,1.1462492,1.4007697,1.6898205,0.62642074,0.82630551,1.0904428,1.1220159,1,1,2,0.933687,0,0,0,0,0,0,0,0,0,0,0,0,0,0,0,0,0,0,1,1,1,0,1.0246225e-09,2.3370373e-09,0.0019736304,0.0019496712,0.0028022227,0.0034280793,1,0.4933687,0.45092838,0,0,0,0.0078232326,0.011092093,0.013914552,1.2470143,1.1503942,1.3904662,1.6982227,-0.00049245358,0.058227062,0.10394347,0.68570945,0.62421238,0.84307599,1.1012443,8,,,,,,,,,,,,,,,,,,,,,,,,,,,,,,,,,,,,,,,,,,,,,,,,,,,,,,,,,,,,,,,,,,
base_self,token_role_x_rkl_entropy,unknown_token,,,lowRKL,,lowEnt,,,2610,0.004551201,0,,,,0.014942529,0.0022330437,,0.08361356,,0.18817937,,0.00086127587,,0,,4.0755411e-10,,0,,0,,1,1,,1,0,0,0,0,1,1,1,0.99987732,0.99999928,0.99999999,1,1.0153257,1,1,1,0.99501916,0.049587652,0.31302468,0.64880694,0.0076314928,0.077684242,0.23101566,1.0153257,1,1,1,0.99501916,0,0,0,0,0,0,0,0,0,0,0,0,0,0,0,0,0,0,1,1,1,6.860575e-12,7.2888254e-09,1.9906136e-08,0.00054872232,7.143457e-05,0.0007376804,0.0019421232,1,0.00076628352,0.014942529,0,0,0,0.00028503469,0.0029778894,0.0078164797,0.18883555,0.049475335,0.31595793,0.64766068,0,0.0010771956,0.01735877,0.084474836,0.0072137369,0.077979993,0.22654426,8,,,,,,,,,,,,,,,,,,,,,,,,,,,,,,,,,,,,,,,,,,,,,,,,,,,,,,,,,,,,,,,,,,
base_self,token_role_x_teacher_stance_nll,correct_object,,,,highNLL,,teacher_neutral,,170,0.00029643838,170,0,,,0.25294118,0.0094529122,,0.71555001,,0.9940811,,-0.00074981118,,0,,7.5498586e-10,,0,,0,,1,1,,1,0,0,0,0,1,1,1,0.99704321,0.99992761,0.99999276,0.99999935,1.2117647,1,1,2,0.98823529,0.83468407,1.1801944,1.5917594,0.65646094,0.82443953,0.99994586,1.2117647,1,1,2,0.98823529,0,0,0,0,0,0,0,0,0,0,0,0,0,0,0,0,0,0,1,1,1,0,5.7438322e-10,1.6083778e-09,0.0022530852,0.00021047679,0.0016398927,0.0076845653,1,0.24705882,0.25294118,0,0,0,0.00087438792,0.0070043574,0.030142047,0.98910898,0.83029342,1.1658471,1.4842057,-8.5234642e-05,0.0014336556,0.003159678,0.71480019,0.65107727,0.82414286,0.99831929,151,,,,,,,,,,,,,,,,,,,,,,,,,,,,,,,,,,,,,,,,,,,,,,,,,,,,,,,,,,,,,,,,,,
base_self,token_role_x_teacher_stance_nll,correct_object,,,,lowNLL,,teacher_neutral,,7916,0.013803566,7916,0,,,0.00176857,0.00070410572,,0.016375614,,0.063042102,,-0.00034482019,,0,,6.7084734e-10,,0,,0,,1,1,,1,0,0,0,0,1,1,1,0.99990047,0.99999976,1,1,1,1,1,1,1,0.0047492802,0.051398465,0.17769392,0.00050674949,0.0078045554,0.035039622,1,1,1,1,1,0,0,0,0,0,0,0,0,0,0,0,0,0,0,0,0,0,0,1,1,1,2.0749054e-12,6.2900606e-09,1.905728e-08,0.00015976181,6.2880099e-06,9.4904961e-05,0.00034133435,1,0.0042950985,0.00176857,0,0,0,2.6231401e-05,0.00038803108,0.001445643,0.061329616,0.0044472285,0.049375298,0.17350142,0,2.2511098e-05,0.0010912474,0.016030794,0.00046194848,0.0072567275,0.032300066,954,,,,,,,,,,,,,,,,,,,,,,,,,,,,,,,,,,,,,,,,,,,,,,,,,,,,,,,,,,,,,,,,,,
base_self,token_role_x_teacher_stance_nll,correct_object,,,,highNLL,,teacher_rejects,,1259,0.0021953878,1259,0,,,0.85305798,0.092113474,,0.9094159,,1.3498287,,0.30989967,,0,,1.4538755e-09,,0,,0,,1,1,,1,0,0,0,0,1,1,1,0.98990209,0.99915528,0.99989951,0.99999298,1.319301,1,1,2,0.77442415,1.2499962,1.631716,2.0967232,0.71268702,1.0068578,1.5166135,1.319301,1,1,2,0.77442415,0,0,0,0,0,0,0,0,0,0,0,0,0,0,0,0,0,0,1,1,0.99920572,0,1.2262837e-09,4.0887058e-09,0.020828492,0.0085963123,0.021748767,0.048989777,1,0.80540111,0.85305798,0,0,0,0.034417227,0.086581286,0.19847498,1.3778322,1.2886763,1.6787207,2.1553373,0.15963387,0.34536758,0.71794555,1.2193156,0.9521662,1.3819051,2.0759343,651,,,,,,,,,,,,,,,,,,,,,,,,,,,,,,,,,,,,,,,,,,,,,,,,,,,,,,,,,,,,,,,,,,
base_self,token_role_x_teacher_stance_nll,correct_object,,,,lowNLL,,teacher_rejects,,2701,0.0047098827,2701,0,,,0.16771566,0.044562928,,0.13701947,,0.448104,,0.094240075,,0,,3.7615327e-10,,0,,0,,1,1,,1,0,0,0,0,1,1,1,0.99893826,0.99994326,0.99999511,0.99999952,1,1,1,1,0.97778601,0.40007865,0.65283132,0.86486262,0.10467218,0.21751499,0.31804088,1,1,1,1,0.97778601,0,0,0,0,0,0,0,0,0,0,0,0,0,0,0,0,0,0,1,1,1,2.191209e-11,1.0913739e-08,2.0452779e-08,0.010873712,0.00282931,0.0083033498,0.022337468,1,0.18437616,0.16771566,0,0,0,0.010549348,0.031144079,0.082300186,0.57116091,0.53505367,0.7840566,1.0275785,0.03632772,0.089818388,0.19260718,0.23125955,0.16320089,0.31821668,0.4693948,869,,,,,,,,,,,,,,,,,,,,,,,,,,,,,,,,,,,,,,,,,,,,,,,,,,,,,,,,,,,,,,,,,,
base_self,token_role_x_teacher_stance_nll,correct_object,,,,highNLL,,teacher_supports,,1833,0.0031963032,1833,0,,,0.90125477,0.13405736,,1.0750157,,1.2845725,,-0.33538311,,0,,9.8696687e-10,,0,,0,,1,1,,1,0,0,0,0,1,1,1,0.99183655,0.99935687,0.99994087,0.99999547,1.5886525,1,2,2,0.77032188,1.1886721,1.5293088,2.0077477,0.83398968,1.2327955,1.8815097,1.5886525,1,2,2,0.77032188,0,0,0,0,0,0,0,0,0,0,0,0,0,0,0,0,0,0,0.99945445,0.99945445,1,0,9.8434261e-10,3.3173247e-09,0.026558765,0.011305377,0.029299088,0.064219861,1,0.83742499,0.90125477,0,0,0,0.046808586,0.12471424,0.28701934,1.1954202,1.0997608,1.4404105,1.8905102,-0.20198023,-0.093901992,-0.045669568,0.73963255,0.59051824,0.89388973,1.3842107,761,,,,,,,,,,,,,,,,,,,,,,,,,,,,,,,,,,,,,,,,,,,,,,,,,,,,,,,,,,,,,,,,,,
base_self,token_role_x_teacher_stance_nll,correct_object,,,,lowNLL,,teacher_supports,,2166,0.0037769737,2166,0,,,0.20267775,0.034163512,,0.17131534,,0.53290359,,-0.05455397,,0,,1.4635931e-10,,0,,0,,1,1,,1,0,0,0,0,1,1,1,0.99883869,0.99991283,0.99999087,0.99999899,1,1,1,1,1,0.50892106,0.69953217,0.91321784,0.15277589,0.25453141,0.34415092,1,1,1,1,1,0,0,0,0,0,0,0,0,0,0,0,0,0,0,0,0,0,0,1,1,1,0,7.0987467e-09,1.7683218e-08,0.0061056346,0.0026677062,0.006512331,0.014423515,1,0.22299169,0.20267775,0,0,0,0.01213275,0.030879914,0.07194218,0.41145656,0.37723178,0.57055721,0.77520484,-0.035360465,-0.018652269,-0.011959706,0.11676137,0.095681742,0.17575827,0.25258835,813,,,,,,,,,,,,,,,,,,,,,,,,,,,,,,,,,,,,,,,,,,,,,,,,,,,,,,,,,,,,,,,,,,
base_self,token_role_x_teacher_stance_nll,hallucinated_object,,,,highNLL,,teacher_neutral,,33,5.7543921e-05,33,1,,,0.33333333,0.015918248,,0.74246854,,1.1467483,,1.0361274e-05,,0,,1.4764948e-10,,0,,0,,1,1,,1,0,0,0,0,1,1,1,0.99459612,0.99961364,0.99999762,0.99999964,1.1212121,1,1,1,0.93939394,0.98898166,1.5144528,1.8717834,0.57995021,0.69581974,1.1152254,1.1212121,1,1,1,0.93939394,0,0,0,0,0,0,0,0,0,0,0,0,0,0,0,0,0,0,1,1,1,0,0,1.1462452e-09,0.0037166632,0.00033930701,0.0034487103,0.0067596134,1,0.33333333,0.33333333,0,0,0,0.0012252356,0.013156828,0.027788018,1.1691065,1.0084016,1.3745102,2.0260717,6.6518784e-05,0.0011875629,0.0047992468,0.74247891,0.58035582,0.69316065,1.1119143,32,,,,,,,,,,,,,,,,,,,,,,,,,,,,,,,,,,,,,,,,,,,,,,,,,,,,,,,,,,,,,,,,,,
base_self,token_role_x_teacher_stance_nll,hallucinated_object,,,,lowNLL,,teacher_neutral,,1077,0.0018780243,1077,1,,,0.0046425255,0.00118381,,0.022317581,,0.088146323,,-0.00051015137,,0,,1.0892328e-09,,0,,0,,1,1,,1,0,0,0,0,1,1,1,0.99977861,0.99999875,0.99999994,1,1,1,1,1,1,0.013476998,0.081070349,0.26231436,0.001552449,0.012825148,0.056220376,1,1,1,1,1,0,0,0,0,0,0,0,0,0,0,0,0,0,0,0,0,0,0,1,1,1,1.5932051e-11,9.7338724e-09,2.1464215e-08,0.00026082574,1.852684e-05,0.00014717686,0.00047950519,1,0.0064995357,0.0046425255,0,0,0,7.5062388e-05,0.00065323617,0.0020190995,0.085600468,0.013374575,0.075651757,0.24880829,-3.576273e-07,5.6818186e-05,0.0012559519,0.02180743,0.001543046,0.011898262,0.052635333,396,,,,,,,,,,,,,,,,,,,,,,,,,,,,,,,,,,,,,,,,,,,,,,,,,,,,,,,,,,,,,,,,,,
base_self,token_role_x_teacher_stance_nll,hallucinated_object,,,,highNLL,,teacher_rejects,,381,0.00066437072,381,1,,,0.91338583,0.14353903,,1.0572969,,1.4746937,,0.43700976,,0,,1.3719775e-09,,0,,0,,1,1,,1,0,0,0,0,1,1,1,0.98655696,0.99811411,0.99967402,0.99995273,1.6036745,1,2,2,0.73753281,1.383788,1.6954679,2.3246436,0.82322013,1.247088,1.8681127,1.6036745,1,2,2,0.73753281,0,0,0,0,0,0,0,0,0,0,0,0,0,0,0,0,0,0,0.99737533,0.99737533,0.98950131,0,1.4602188e-09,4.4004693e-09,0.030439735,0.011404589,0.031224009,0.07235314,1,0.88713911,0.91338583,0,0,0,0.045202665,0.13492611,0.33142751,1.5016619,1.4093099,1.8019772,2.370374,0.21932614,0.48802948,1.0059639,1.4943067,1.1340861,1.7212846,2.6624594,270,,,,,,,,,,,,,,,,,,,,,,,,,,,,,,,,,,,,,,,,,,,,,,,,,,,,,,,,,,,,,,,,,,
base_self,token_role_x_teacher_stance_nll,hallucinated_object,,,,lowNLL,,teacher_rejects,,528,0.00092070273,528,1,,,0.20075758,0.059754208,,0.14988293,,0.48821913,,0.11613239,,0,,2.4270057e-10,,0,,0,,1,1,,1,0,0,0,0,1,1,1,0.99866804,0.99991205,0.99999014,0.99999878,1,1,1,1,0.97537879,0.464193,0.68206191,0.87669452,0.12525032,0.23518454,0.32533804,1,1,1,1,0.97537879,0,0,0,0,0,0,0,0,0,0,0,0,0,0,0,0,0,0,1,1,1,0,8.3388481e-09,1.9786827e-08,0.014602789,0.0032175428,0.0095581631,0.030159719,1,0.22159091,0.20075758,0,0,0,0.011799444,0.035598816,0.11459856,0.63333699,0.61037016,0.84543842,1.0991979,0.044045459,0.11976233,0.26199871,0.26601532,0.2002141,0.36392718,0.53135822,331,,,,,,,,,,,,,,,,,,,,,,,,,,,,,,,,,,,,,,,,,,,,,,,,,,,,,,,,,,,,,,,,,,
base_self,token_role_x_teacher_stance_nll,hallucinated_object,,,,highNLL,,teacher_supports,,525,0.00091547147,525,1,,,0.92380952,0.15329238,,1.3171477,,1.4243093,,-0.37688723,,0,,1.5518307e-09,,0,,0,,1,1,,1,0,0,0,0,1,1,1,0.98917228,0.99813902,0.99981225,0.99998708,2.0209524,1,2,3,0.77333333,1.3630517,1.7650995,2.1805537,0.9516688,1.4900981,2.5772688,2.0209524,1,2,3,0.77333333,0,0,0,0,0,0,0,0,0,0,0,0,0,0,0,0,0,0,0.99238095,0.99238095,0.99428571,0,1.9316824e-09,5.4492742e-09,0.031625732,0.013102414,0.033997592,0.072830898,1,0.87619048,0.92380952,0,0,0,0.056386217,0.1462355,0.32058499,1.350718,1.268034,1.6466427,2.0854168,-0.20462048,-0.10554111,-0.047081292,0.94026051,0.69777203,1.0695684,1.6764045,339,,,,,,,,,,,,,,,,,,,,,,,,,,,,,,,,,,,,,,,,,,,,,,,,,,,,,,,,,,,,,,,,,,
base_self,token_role_x_teacher_stance_nll,hallucinated_object,,,,lowNLL,,teacher_supports,,406,0.0007079646,406,1,,,0.24137931,0.030376391,,0.18047241,,0.58269832,,-0.055879732,,0,,4.6352338e-10,,0,,0,,1,1,,1,0,0,0,0,1,1,1,0.9985007,0.99985608,0.99998625,0.99999756,1,1,1,1,1,0.55444854,0.79948109,0.99503377,0.16069447,0.2720302,0.34935015,1,1,1,1,1,0,0,0,0,0,0,0,0,0,0,0,0,0,0,0,0,0,0,1,1,1,0,6.8184368e-09,2.0338667e-08,0.0061436,0.0029365983,0.0071660797,0.017071458,1,0.29802956,0.24137931,0,0,0,0.012924782,0.034575113,0.085030481,0.45339916,0.4133811,0.62134653,0.85105175,-0.035446778,-0.019234797,-0.01204678,0.12459268,0.1013441,0.1813234,0.26246043,274,,,,,,,,,,,,,,,,,,,,,,,,,,,,,,,,,,,,,,,,,,,,,,,,,,,,,,,,,,,,,,,,,,
base_self,token_role_x_teacher_stance_nll,non_object_token,,,,highNLL,,teacher_neutral,,9758,0.017015563,0,,,,0.24964132,0.010284729,,0.73661257,,1.0803446,,-0.0010515606,,0,,5.1188084e-10,,0,,0,,1,1,,1,0,0,0,0,1,1,1,0.99698478,0.99993253,0.99999475,0.99999952,1.1956344,1,1,2,0.9733552,0.95566359,1.3010053,1.6833686,0.63853878,0.83476749,1.1346703,1.1956344,1,1,2,0.9733552,0,0,0,0,0,0,0,0,0,0,0,0,0,0,0,0,0,0,0.99989752,0.99989752,1,0,4.3898471e-10,1.4038967e-09,0.0024368261,0.00022701526,0.0017346602,0.0063289343,1,0.26470588,0.24964132,0,0,0,0.00093935145,0.0070838849,0.025569366,1.0773383,0.95373619,1.299758,1.6768746,-0.0001437813,0.00093119591,0.0032726109,0.73556101,0.6370829,0.83402438,1.1348172,984,,,,,,,,,,,,,,,,,,,,,,,,,,,,,,,,,,,,,,,,,,,,,,,,,,,,,,,,,,,,,,,,,,
base_self,token_role_x_teacher_stance_nll,non_object_token,,,,lowNLL,,teacher_neutral,,208549,0.3636584,0,,,,0.002253667,0.00078399012,,0.028287236,,0.10092879,,-0.00040491982,,0,,7.096221e-10,,0,,0,,1,1,,1,0,0,0,0,1,1,1,0.99990366,0.99999964,1,1,1,1,1,1,1,0.014411012,0.10225285,0.34073206,0.0017940393,0.017856553,0.081260225,1,1,1,1,1,0,0,0,0,0,0,0,0,0,0,0,0,0,0,0,0,0,0,1,1,1,1.6370813e-11,7.968854e-09,2.0328501e-08,0.00017971855,1.1940516e-05,0.00011718303,0.00036932072,1,0.0044545886,0.002253667,0,0,0,4.8710412e-05,0.00047453828,0.0015437406,0.099200661,0.014083335,0.098153286,0.33624991,-1.1920918e-07,6.5786779e-05,0.0015814031,0.027882316,0.0017270425,0.016791318,0.080208208,985,,,,,,,,,,,,,,,,,,,,,,,,,,,,,,,,,,,,,,,,,,,,,,,,,,,,,,,,,,,,,,,,,,
base_self,token_role_x_teacher_stance_nll,non_object_token,,,,highNLL,,teacher_rejects,,68084,0.11872183,0,,,,0.82301275,0.073886114,,0.90109072,,1.3961718,,0.2395311,,0,,9.2148691e-10,,0,,0,,1,1,,1,0,0,0,0,1,1,1,0.99249238,0.99913305,0.99990797,0.99999022,1.3239087,1,1,2,0.78705716,1.3227046,1.6604824,2.0324762,0.74465692,1.0523746,1.4705981,1.3239087,1,1,2,0.78705716,0,0,0,0,0,0,0,0,0,0,0,0,0,0,0,0,0,0,0.9995153,0.9995153,0.99838435,0,9.8307384e-10,2.6763392e-09,0.016549545,0.0066436552,0.016584517,0.037987863,1,0.7892897,0.82301275,0,0,0,0.026459916,0.066583481,0.15497905,1.4264912,1.3617662,1.7118828,2.0909487,0.13178292,0.27071315,0.51411043,1.1406218,0.93334919,1.3186399,1.8799043,985,,,,,,,,,,,,,,,,,,,,,,,,,,,,,,,,,,,,,,,,,,,,,,,,,,,,,,,,,,,,,,,,,,
base_self,token_role_x_teacher_stance_nll,non_object_token,,,,lowNLL,,teacher_rejects,,97837,0.17060378,0,,,,0.16942466,0.034906896,,0.16464749,,0.52396724,,0.082977167,,0,,3.2365497e-10,,0,,0,,1,1,,1,0,0,0,0,1,1,1,0.99914324,0.999951,0.99999559,0.99999964,1,1,1,1,0.98589491,0.50276923,0.73637855,0.94719379,0.14122277,0.25780299,0.34794183,1,1,1,1,0.98589491,0,0,0,0,0,0,0,0,0,0,0,0,0,0,0,0,0,0,1,1,0.99993867,0,7.3400557e-09,1.8641069e-08,0.0088277399,0.0021860162,0.0066252211,0.017683974,1,0.20375727,0.16942466,0,0,0,0.0082386248,0.024821509,0.065660174,0.63657221,0.61302882,0.85679072,1.1024057,0.037700295,0.086269855,0.1780852,0.24762466,0.20153691,0.35388657,0.47737371,985,,,,,,,,,,,,,,,,,,,,,,,,,,,,,,,,,,,,,,,,,,,,,,,,,,,,,,,,,,,,,,,,,,
base_self,token_role_x_teacher_stance_nll,non_object_token,,,,highNLL,,teacher_supports,,88743,0.15474607,0,,,,0.86105946,0.093439316,,1.0525972,,1.363551,,-0.25579594,,0,,8.6343865e-10,,0,,0,,1,1,,1,0,0,0,0,1,1,1,0.99327058,0.99929535,0.99992964,0.99999344,1.5658024,1,2,2,0.80176465,1.2934512,1.6387004,2.0169205,0.84769815,1.2457775,1.8005332,1.5658024,1,2,2,0.80176465,0,0,0,0,0,0,0,0,0,0,0,0,0,0,0,0,0,0,0.99909852,0.99909852,0.99966195,0,9.365943e-10,2.5986167e-09,0.01967635,0.0076412568,0.019696843,0.046083082,1,0.81288665,0.86105946,0,0,0,0.031216294,0.083526984,0.20125489,1.2933909,1.2157793,1.564339,1.945966,-0.1508615,-0.076073468,-0.035712171,0.79680124,0.65488547,0.97412151,1.3889868,985,,,,,,,,,,,,,,,,,,,,,,,,,,,,,,,,,,,,,,,,,,,,,,,,,,,,,,,,,,,,,,,,,,
base_self,token_role_x_teacher_stance_nll,non_object_token,,,,lowNLL,,teacher_supports,,77158,0.13454466,0,,,,0.1824179,0.023479471,,0.1905116,,0.58151278,,-0.050431613,,0,,3.3874404e-10,,0,,0,,1,1,,1,0,0,0,0,1,1,1,0.99913698,0.99994564,0.99999493,0.99999952,1,1,1,1,1,0.56431377,0.76836739,0.96017424,0.17409795,0.28317703,0.36140798,1,1,1,1,1,0,0,0,0,0,0,0,0,0,0,0,0,0,0,0,0,0,0,1,1,1,0,6.6631417e-09,1.4821117e-08,0.004669422,0.0020629009,0.0051460392,0.011185929,1,0.21722958,0.1824179,0,0,0,0.0089836856,0.023041092,0.053052738,0.47609073,0.45146632,0.65337594,0.8390485,-0.034748137,-0.018423871,-0.012004568,0.14007999,0.12270632,0.20873727,0.28400989,985,,,,,,,,,,,,,,,,,,,,,,,,,,,,,,,,,,,,,,,,,,,,,,,,,,,,,,,,,,,,,,,,,,
base_self,token_role_x_teacher_stance_nll,unknown_object,,,,lowNLL,,teacher_neutral,,3,5.2312655e-06,0,,,,0,0.00060257723,,0.0033152034,,0.021828062,,-0.001307583,,0,,6.9165032e-09,,0,,0,,1,1,,1,0,0,0,0,1,1,1,0.99999964,0.99999976,0.99999976,0.99999976,1,1,1,1,1,0.016744457,0.032292696,0.041621639,0.0022063931,0.0049330504,0.0065690448,1,1,1,1,1,0,0,0,0,0,0,0,0,0,0,0,0,0,0,0,0,0,0,1,1,1,3.2323593e-09,1.4324152e-08,2.0979228e-08,0.00013270487,5.9166516e-05,0.00019780049,0.00028098087,1,0,0,0,0,0,0.00025000941,0.00089797159,0.0012867489,0.014822486,0.013334822,0.02193623,0.027097075,-0.00058550737,-0.00030735588,-0.00014046498,0.0020076204,0.0016208857,0.002986278,0.0038055134,2,,,,,,,,,,,,,,,,,,,,,,,,,,,,,,,,,,,,,,,,,,,,,,,,,,,,,,,,,,,,,,,,,,
base_self,token_role_x_teacher_stance_nll,unknown_object,,,,highNLL,,teacher_rejects,,1,1.7437552e-06,0,,,,1,0.018779129,,0.63564229,,1.2332289,,0.10935682,,0,,2.8538841e-10,,0,,0,,1,1,,1,0,0,0,0,1,1,1,0.99997658,0.99997658,0.99997658,0.99997658,1,1,1,1,1,1.2332289,1.2332289,1.2332289,0.63564229,0.63564229,0.63564229,1,1,1,1,1,0,0,0,0,0,0,0,0,0,0,0,0,0,0,0,0,0,0,1,1,1,2.8538841e-10,2.8538841e-10,2.8538841e-10,0.0048769666,0.0048769666,0.0048769666,0.0048769666,1,1,1,0,0,0,0.018779129,0.018779129,0.018779129,1.3038337,1.3038337,1.3038337,1.3038337,0.10935682,0.10935682,0.10935682,0.74499911,0.74499911,0.74499911,0.74499911,1,,,,,,,,,,,,,,,,,,,,,,,,,,,,,,,,,,,,,,,,,,,,,,,,,,,,,,,,,,,,,,,,,,
base_self,token_role_x_teacher_stance_nll,unknown_object,,,,lowNLL,,teacher_rejects,,3,5.2312655e-06,0,,,,0,0.023364512,,0.060543093,,0.26965075,,0.04457317,,0,,7.2392714e-09,,0,,0,,1,1,,1,0,0,0,0,1,1,1,0.99991608,0.99999404,0.99999642,0.99999785,1,1,1,1,1,0.19966188,0.35348259,0.44577501,0.034657173,0.08238909,0.11102824,1,1,1,1,1,0,0,0,0,0,0,0,0,0,0,0,0,0,0,0,0,0,0,1,1,1,7.3280644e-09,1.7400436e-08,2.3443859e-08,0.0069573237,0.0011694047,0.010078156,0.015423406,1,0,0,0,0,0,0.0042531802,0.033653882,0.051294303,0.41616553,0.55185765,0.55282393,0.5534037,0.019821435,0.061411861,0.086366117,0.10511626,0.13765946,0.14380095,0.14748585,3,,,,,,,,,,,,,,,,,,,,,,,,,,,,,,,,,,,,,,,,,,,,,,,,,,,,,,,,,,,,,,,,,,
base_self,token_role_x_teacher_stance_nll,unknown_object,,,,highNLL,,teacher_supports,,3,5.2312655e-06,0,,,,1,0.13487932,,0.90936188,,1.305892,,-0.26292605,,0,,2.2667945e-09,,0,,0,,1,1,,1,0,0,0,0,1,1,1,0.99302634,0.99826002,0.99874836,0.99904137,1.6666667,2,2,2,0.33333333,1.2364775,1.442864,1.5666959,0.84593695,1.072881,1.2090474,1.6666667,2,2,2,0.33333333,0,0,0,0,0,0,0,0,0,0,0,0,0,0,0,0,0,0,1,1,1,2.414053e-09,2.7773224e-09,2.995284e-09,0.029635415,0.035171404,0.038533688,0.040551057,1,1,1,0,0,0,0.14953524,0.17865489,0.19612669,1.0685398,0.9898814,1.1318421,1.2170185,-0.34435737,-0.18671721,-0.092133117,0.64643583,0.43059322,0.85067056,1.102717,2,,,,,,,,,,,,,,,,,,,,,,,,,,,,,,,,,,,,,,,,,,,,,,,,,,,,,,,,,,,,,,,,,,
base_self,token_role_x_teacher_stance_nll,unknown_token,,,,highNLL,,teacher_neutral,,78,0.0001360129,0,,,,0.26923077,0.014049092,,0.69491151,,1.0475302,,-0.00093677296,,0,,4.6547464e-10,,0,,0,,1,1,,1,0,0,0,0,1,1,1,0.9982469,0.99995926,0.99999382,0.99999971,1.1794872,1,1,2,0.97435897,0.92009398,1.1796934,1.6821239,0.61665457,0.83834304,0.93242434,1.1794872,1,1,2,0.97435897,0,0,0,0,0,0,0,0,0,0,0,0,0,0,0,0,0,0,1,1,1,1.1713965e-11,4.0761373e-10,1.0900337e-09,0.0034873615,0.00037436746,0.0021218203,0.0062297285,1,0.28205128,0.26923077,0,0,0,0.0015274261,0.0084973697,0.024117045,1.0535056,0.92437679,1.1956287,1.7015808,-0.00027349591,0.00147333,0.0029437065,0.69397474,0.61471182,0.83454826,0.93315049,8,,,,,,,,,,,,,,,,,,,,,,,,,,,,,,,,,,,,,,,,,,,,,,,,,,,,,,,,,,,,,,,,,,
base_self,token_role_x_teacher_stance_nll,unknown_token,,,,lowNLL,,teacher_neutral,,1805,0.0031474781,0,,,,0.0038781163,0.00070264494,,0.019817844,,0.074507276,,-0.00037591091,,0,,5.0758788e-10,,0,,0,,1,1,,1,0,0,0,0,1,1,1,0.99992289,0.99999982,1,1,1,1,1,1,1,0.0052940883,0.067054302,0.23569095,0.00055845879,0.010358972,0.049682239,1,1,1,1,1,0,0,0,0,0,0,0,0,0,0,0,0,0,0,0,0,0,0,1,1,1,7.2759303e-12,7.1668267e-09,1.9312323e-08,0.00016270396,6.2290856e-06,9.5765921e-05,0.00037256755,1,0.004432133,0.0038781163,0,0,0,2.5284031e-05,0.0003928318,0.0015868627,0.072983434,0.0049034902,0.061815608,0.23085276,-1.1920918e-07,3.1944619e-05,0.0013096867,0.019441933,0.00055333559,0.0095932195,0.049049413,8,,,,,,,,,,,,,,,,,,,,,,,,,,,,,,,,,,,,,,,,,,,,,,,,,,,,,,,,,,,,,,,,,,
base_self,token_role_x_teacher_stance_nll,unknown_token,,,,highNLL,,teacher_rejects,,518,0.00090326518,0,,,,0.86293436,0.097485511,,0.89706928,,1.4268447,,0.25435616,,0,,9.0701242e-10,,0,,0,,1,1,,1,0,0,0,0,1,1,1,0.99065802,0.99892041,0.99988697,0.99999276,1.2509653,1,1,2,0.75482625,1.3522471,1.6969815,2.1087049,0.7350373,1.039134,1.4173447,1.2509653,1,1,2,0.75482625,0,0,0,0,0,0,0,0,0,0,0,0,0,0,0,0,0,0,1,1,1,0,1.0136966e-09,3.0246206e-09,0.019097317,0.0069881727,0.017183458,0.047035674,1,0.82432432,0.86293436,0,0,0,0.028032837,0.068971623,0.19322334,1.4443897,1.3697613,1.7483543,2.1030136,0.13903338,0.29510874,0.540104,1.1514254,0.91982961,1.2722348,1.9063398,8,,,,,,,,,,,,,,,,,,,,,,,,,,,,,,,,,,,,,,,,,,,,,,,,,,,,,,,,,,,,,,,,,,
base_self,token_role_x_teacher_stance_nll,unknown_token,,,,lowNLL,,teacher_rejects,,731,0.001274685,0,,,,0.19699042,0.042492996,,0.15590906,,0.50459372,,0.092703585,,0,,6.9181715e-10,,0,,0,,1,1,,1,0,0,0,0,1,1,1,0.99896198,0.99996245,0.99999744,0.9999997,1,1,1,1,0.97948016,0.48078588,0.7350643,0.94250751,0.1285408,0.2597236,0.35104033,1,1,1,1,0.97948016,0,0,0,0,0,0,0,0,0,0,0,0,0,0,0,0,0,0,1,1,1,1.7734335e-11,8.8608205e-09,2.0442601e-08,0.011007986,0.0026263774,0.0093380702,0.023696013,1,0.2380301,0.19699042,0,0,0,0.0094650239,0.033317583,0.081350744,0.63073343,0.60108912,0.86954182,1.1217676,0.040731736,0.093936123,0.21901184,0.24861264,0.18559062,0.3571261,0.49062744,8,,,,,,,,,,,,,,,,,,,,,,,,,,,,,,,,,,,,,,,,,,,,,,,,,,,,,,,,,,,,,,,,,,
base_self,token_role_x_teacher_stance_nll,unknown_token,,,,highNLL,,teacher_supports,,657,0.0011456472,0,,,,0.86757991,0.13516165,,1.0421276,,1.3517748,,-0.28349507,,0,,8.440676e-10,,0,,0,,1,1,,1,0,0,0,0,1,1,1,0.99256913,0.99953479,0.99995923,0.99999468,1.4611872,1,2,2,0.77777778,1.2719676,1.615248,2.0504967,0.83080012,1.2173675,1.7759669,1.4611872,1,2,2,0.77777778,0,0,0,0,0,0,0,0,0,0,0,0,0,0,0,0,0,0,1,1,1,0,8.5263779e-10,2.8433932e-09,0.026963359,0.010458461,0.026831876,0.06065546,1,0.80974125,0.86757991,0,0,0,0.044398606,0.1147462,0.25892155,1.279601,1.1877713,1.5231519,1.988645,-0.1622062,-0.07845819,-0.034159899,0.75863248,0.62681949,0.93932515,1.329103,8,,,,,,,,,,,,,,,,,,,,,,,,,,,,,,,,,,,,,,,,,,,,,,,,,,,,,,,,,,,,,,,,,,
base_self,token_role_x_teacher_stance_nll,unknown_token,,,,lowNLL,,teacher_supports,,552,0.00096255286,0,,,,0.21376812,0.030028256,,0.18908519,,0.58059989,,-0.056152647,,0,,-5.4847937e-10,,0,,0,,1,1,,1,0,0,0,0,1,1,1,0.99904213,0.99995208,0.99999572,0.99999946,1,1,1,1,1,0.5590542,0.75815065,0.96597608,0.17087271,0.28184219,0.35866133,1,1,1,1,1,0,0,0,0,0,0,0,0,0,0,0,0,0,0,0,0,0,0,1,1,1,0,3.2623949e-09,1.3956039e-08,0.0059530476,0.0026912494,0.0061243949,0.014080726,1,0.23913043,0.21376812,0,0,0,0.011965734,0.029192357,0.069401039,0.46137412,0.42989425,0.63486658,0.84490519,-0.039496699,-0.018986441,-0.012327792,0.13293255,0.11428248,0.19545547,0.27782707,8,,,,,,,,,,,,,,,,,,,,,,,,,,,,,,,,,,,,,,,,,,,,,,,,,,,,,,,,,,,,,,,,,,
base_self,token_offline_risk_bin,,,,,,,,offline_risk_tail,172043,0.30000087,4728,0.22271574,,,1,0.099878418,,0.90674057,,1.3248777,,-0.023642257,,0,,8.9156338e-10,,0,,0,,1,1,,1,0,0,0,0,1,1,1,0.99294737,0.99918443,0.99991614,0.99999225,1.4243358,1,2,2,0.8024738,1.2488878,1.6162434,2.0061025,0.74194026,1.1246059,1.6271683,1.4243358,1,2,2,0.8024738,0,0,0,0,0,0,0,0,0,0,0,0,0,0,0,0,0,0,0.99932575,0.99932575,0.99914556,0,1.0452853e-09,2.9949559e-09,0.021705279,0.010037787,0.022139205,0.047488387,1,0.925228,1,0,0,0,0.041312139,0.092711311,0.20487492,1.3027855,1.2396185,1.6107067,2.0001369,-0.043824285,0.14812943,0.32812445,0.88309831,0.73033094,1.1058047,1.5949725,993,,,,,,,,,,,,,,,,,,,,,,,,,,,,,,,,,,,,,,,,,,,,,,,,,,,,,,,,,,,,,,,,,,
base_self,token_offline_risk_bin,,,,,,,,offline_safe_bulk,401432,0.69999913,14267,0.13296418,,,0,0.0063864519,,0.12336281,,0.31739176,,0.0042462048,,0,,5.2869735e-10,,0,,0,,1,1,,1,0,0,0,0,1,1,1,0.99961862,0.99999577,0.99999988,1,1.0097277,1,1,1,0.99740927,0.17318358,0.54557268,0.84144344,0.03388826,0.16353541,0.37215709,1.0097277,1,1,1,0.99740927,0,0,0,0,0,0,0,0,0,0,0,0,0,0,0,0,0,0,0.99999004,0.99999004,0.99998256,7.7306746e-12,7.1518127e-09,1.9727036e-08,0.001548097,0.00026134589,0.0013547161,0.0032877975,1,0.032045278,0,0,0,0,0.0010637545,0.0054860534,0.013465676,0.32246855,0.1723981,0.56337759,0.86048172,0,0.004614234,0.03986113,0.12760902,0.033702424,0.17308859,0.3868753,993,,,,,,,,,,,,,,,,,,,,,,,,,,,,,,,,,,,,,,,,,,,,,,,,,,,,,,,,,,,,,,,,,,
base_self,mention_object_x_rkl_nll,,correct_object,,highRKL,highNLL,,,,2431,0.1499599,,,0,0,,,0.14316536,,0.92547979,,1.2554386,,-0.071630304,,0,,1.2116401e-09,,0,,0,,,1,,,,,,,,,,,,,,,,,,,,,,,,,,,,,,,,,,,,,,,,,,,,,,,,,,,,,,,,,,,,,,,,,,,,,,,,,,,,,814,1,1,1,1.1478465,1.524166,2.0106678,0.70564759,1.1048445,1.7114656,0,0,0,0,0,0,0,1.2280014e-09,4.4817954e-09,0,0,0,0,0,0,0,0,0,0,0,0,1,1,1,1,0,0,0,0,1,0,0,0.94834087,1,1,1,0,0,0,0.064184643,0.13625716,0.29457736,1.2021408,1.1079211,1.5071406,1.9847201,-0.10442069,0.16547126,0.40491068,0.85384948,0.66722375,1.0570847,1.6516984,,,,
base_self,mention_object_x_rkl_nll,,correct_object,,highRKL,lowNLL,,,,1374,0.084757264,,,0,0,,,0.085246101,,0.14316162,,0.48330393,,0.070237911,,0,,2.8459326e-10,,0,,0,,,1,,,,,,,,,,,,,,,,,,,,,,,,,,,,,,,,,,,,,,,,,,,,,,,,,,,,,,,,,,,,,,,,,,,,,,,,,,,,,679,1,1,1,0.47767843,0.64130238,0.78835917,0.14410104,0.20814301,0.25361255,0,0,0,0,0,0,8.6680481e-13,9.6463984e-09,1.7760312e-08,0,0,0,0,0,0,0,0,0,0,0,0,1,1,1,1,0,0,0,0,1,0,0,0.32296215,0,1,1,0,0,0,0.041075027,0.076403681,0.15756308,0.53202965,0.48832308,0.71270532,0.94221525,0.03723345,0.1231278,0.22667948,0.21339953,0.14590443,0.28196576,0.42145785,,,,
base_self,mention_object_x_rkl_nll,,correct_object,,lowRKL,highNLL,,,,1340,0.082659922,,,0,0,,,0.0076934587,,0.65548661,,0.98564004,,-0.0084162359,,0,,6.8103231e-10,,0,,0,,,1,,,,,,,,,,,,,,,,,,,,,,,,,,,,,,,,,,,,,,,,,,,,,,,,,,,,,,,,,,,,,,,,,,,,,,,,,,,,,653,1,1,1,0.88605759,1.1764335,1.5135452,0.52069776,0.75989181,1.0544635,0,0,0,0,0,0,0,7.2241456e-10,2.0672543e-09,0,0,0,0,0,0,0,0,0,0,0,0,1,1,1,1,0,0,0,0,1,0,0,0.38712687,0,1,1,0,0,0,0.0072873603,0.011480469,0.015487419,0.98043765,0.88564655,1.1774027,1.5132983,-0.0037050694,0.044461556,0.09923172,0.64707037,0.53103632,0.7445344,1.0366027,,,,
base_self,mention_object_x_rkl_nll,,correct_object,,lowRKL,lowNLL,,,,8324,0.5134785,,,0,0,,,0.0026194675,,0.043700303,,0.15945294,,0.00072334071,,0,,5.4646932e-10,,0,,0,,,1,,,,,,,,,,,,,,,,,,,,,,,,,,,,,,,,,,,,,,,,,,,,,,,,,,,,,,,,,,,,,,,,,,,,,,,,,,,,,965,1,1,1,0.0657879,0.24900301,0.48034585,0.010650737,0.057933155,0.15139905,0,0,0,0,0,0,9.5495625e-11,9.6642285e-09,2.011999e-08,0,0,0,0,0,0,0,0,0,0,0,0,1,1,1,1,0,0,0,0,1,0,0,0.0050957072,0,0,0,0,0,0,0.00059337455,0.0034945067,0.0089709987,0.15989451,0.064117886,0.2511034,0.48086283,-1.1920928e-07,0.0019074418,0.017012384,0.044423643,0.010292133,0.059500142,0.15004432,,,,
base_self,mention_object_x_rkl_nll,,hallucinated_object,,highRKL,highNLL,,,,784,0.048362223,,,1,0,,,0.15940678,,1.1209749,,1.4083424,,-0.035994215,,0,,1.5799466e-09,,0,,0,,,1,,,,,,,,,,,,,,,,,,,,,,,,,,,,,,,,,,,,,,,,,,,,,,,,,,,,,,,,,,,,,,,,,,,,,,,,,,,,,431,1,1,1,1.3325617,1.6982322,2.1833712,0.8362129,1.3379522,2.0849274,0,0,0,0,0,0,0,1.8993803e-09,5.4495149e-09,0,0,0,0,0,0,0,0,0,0,0,0,1,1,1,1,0,0,0,0,1,0,0,0.97574405,1,1,1,0,0,0,0.072598487,0.16438298,0.33973082,1.3614288,1.2811832,1.7064513,2.1917616,-0.098222762,0.21187119,0.56319755,1.0849807,0.80915913,1.3338073,2.1287119,,,,
base_self,mention_object_x_rkl_nll,,hallucinated_object,,highRKL,lowNLL,,,,275,0.01696379,,,1,0,,,0.09651873,,0.15023201,,0.53598274,,0.10727119,,0,,-1.4709667e-10,,0,,0,,,1,,,,,,,,,,,,,,,,,,,,,,,,,,,,,,,,,,,,,,,,,,,,,,,,,,,,,,,,,,,,,,,,,,,,,,,,,,,,,206,1,1,1,0.51678419,0.70012867,0.84900998,0.13890252,0.22615167,0.26662642,0,0,0,0,0,0,0,7.3661992e-09,1.4818161e-08,0,0,0,0,0,0,0,0,0,0,0,0,1,1,1,1,0,0,0,0,1,0,0,0.31606061,0,1,1,0,0,0,0.041488506,0.086179741,0.19050997,0.62833557,0.62191188,0.83099765,1.0326299,0.059468821,0.13503742,0.33730188,0.25750321,0.17700586,0.35107221,0.53436737,,,,
base_self,mention_object_x_rkl_nll,,hallucinated_object,,lowRKL,highNLL,,,,309,0.019061131,,,1,0,,,0.0084077871,,0.7501243,,1.0979364,,-0.0031943909,,0,,7.4491381e-10,,0,,0,,,1,,,,,,,,,,,,,,,,,,,,,,,,,,,,,,,,,,,,,,,,,,,,,,,,,,,,,,,,,,,,,,,,,,,,,,,,,,,,,224,1,1,1,1.0021558,1.3529898,1.5959061,0.57995021,0.83740491,1.1764678,0,0,0,0,0,0,0,1.0233225e-09,2.9615533e-09,0,0,0,0,0,0,0,0,0,0,0,0,1,1,1,1,0,0,0,0,1,0,0,0.46979504,0,1,1,0,0,0,0.0077752788,0.012947847,0.0163052,1.0935107,0.99421632,1.3465118,1.5998708,-0.00020802021,0.063334912,0.11729815,0.74692991,0.58891213,0.82852298,1.1794798,,,,
base_self,mention_object_x_rkl_nll,,hallucinated_object,,lowRKL,lowNLL,,,,1374,0.084757264,,,1,0,,,0.002757374,,0.048440362,,0.18232682,,0.00091961898,,0,,8.5086136e-10,,0,,0,,,1,,,,,,,,,,,,,,,,,,,,,,,,,,,,,,,,,,,,,,,,,,,,,,,,,,,,,,,,,,,,,,,,,,,,,,,,,,,,,466,1,1,1,0.074806429,0.29436042,0.53306652,0.012106332,0.069242931,0.16117322,0,0,0,0,0,0,9.253194e-11,1.2085291e-08,2.190753e-08,0,0,0,0,0,0,0,0,0,0,0,0,1,1,1,1,0,0,0,0,1,0,0,0.0031538088,0,0,0,0,0,0,0.00074028832,0.0038189658,0.0089899551,0.18280699,0.075780921,0.28776237,0.54582918,-3.5762702e-07,0.0021012047,0.01892817,0.049359981,0.012465115,0.067883411,0.16638257,,,,
base_self,mention_object_x_offline_risk_bin,,correct_object,,,,,,offline_risk_tail,3636,0.22429215,,,0,0,,,0.11645844,,0.78217042,,1.1182966,,-0.035920555,,0,,1.0769099e-09,,0,,0,,,1,,,,,,,,,,,,,,,,,,,,,,,,,,,,,,,,,,,,,,,,,,,,,,,,,,,,,,,,,,,,,,,,,,,,,,,,,,,,,908,1,1,1,1.0247825,1.409605,1.85663,0.59958977,0.9740508,1.5005113,0,0,0,0,0,0,5.6843392e-14,1.2548539e-09,5.3427384e-09,0,0,0,0,0,0,0,0,0,0,0,0,1,1,1,1,0,0,0,0,1,0,0,0.91043271,1,1,1,0,0,0,0.04850235,0.10988804,0.24824992,1.0849885,0.98792171,1.3943193,1.8405303,-0.055844262,0.14059315,0.34536758,0.74624986,0.57426228,0.94400723,1.4753087,,,,
base_self,mention_object_x_offline_risk_bin,,correct_object,,,,,,offline_safe_bulk,9833,0.60656344,,,0,0,,,0.0075087882,,0.085903301,,0.23369759,,0.0048534616,,0,,4.9651964e-10,,0,,0,,,1,,,,,,,,,,,,,,,,,,,,,,,,,,,,,,,,,,,,,,,,,,,,,,,,,,,,,,,,,,,,,,,,,,,,,,,,,,,,,969,1,1,1,0.10737996,0.36950061,0.66667858,0.018932469,0.10050855,0.24236908,0,0,0,0,0,0,6.7301831e-11,8.4014786e-09,1.9397837e-08,0,0,0,0,0,0,0,0,0,0,0,0,1,1,1,1,0,0,0,0,1,0,0,0,0,0,0,0,0,0,0.0010491945,0.0056514293,0.015725543,0.2393108,0.10588664,0.38178247,0.68427343,-1.1827797e-07,0.0039603719,0.033296525,0.090756762,0.019064993,0.10474604,0.25967664,,,,
base_self,mention_object_x_offline_risk_bin,,hallucinated_object,,,,,,offline_risk_tail,1040,0.06415397,,,1,0,,,0.13564237,,1.0040797,,1.3198165,,-0.013125708,,0,,1.2666584e-09,,0,,0,,,1,,,,,,,,,,,,,,,,,,,,,,,,,,,,,,,,,,,,,,,,,,,,,,,,,,,,,,,,,,,,,,,,,,,,,,,,,,,,,501,1,1,1,1.2429317,1.6238974,2.1106563,0.75237763,1.2106078,1.9959351,0,0,0,0,0,0,0,1.6795624e-09,5.4532947e-09,0,0,0,0,0,0,0,0,0,0,0,0,1,1,1,1,0,0,0,0,1,0,0,0.96288462,1,1,1,0,0,0,0.056466416,0.13538922,0.27131627,1.2883296,1.2227209,1.6236805,2.0904034,-0.053701818,0.16832719,0.48833889,0.99095399,0.73267552,1.1914531,2.0178443,,,,
base_self,mention_object_x_offline_risk_bin,,hallucinated_object,,,,,,offline_safe_bulk,1702,0.10499044,,,1,0,,,0.0098919729,,0.10238584,,0.27538535,,0.0089349816,,0,,7.5215258e-10,,0,,0,,,1,,,,,,,,,,,,,,,,,,,,,,,,,,,,,,,,,,,,,,,,,,,,,,,,,,,,,,,,,,,,,,,,,,,,,,,,,,,,,538,1,1,1,0.15447673,0.45757955,0.72752612,0.029244962,0.12553313,0.26944345,0,0,0,0,0,0,3.1377319e-11,1.0488088e-08,2.1123826e-08,0,0,0,0,0,0,0,0,0,0,0,0,1,1,1,1,0,0,0,0,1,0,0,0,0,0,0,0,0,0,0.0015184009,0.0067287257,0.018906472,0.28752132,0.15400983,0.51199828,0.75762624,-1.1920736e-07,0.0060933736,0.047992105,0.11132082,0.028710446,0.14142643,0.31405328,,,,
frozen_rkl_s312,token_role_x_rkl_nll,correct_object,,,highRKL,highNLL,,,,2318,0.0040420245,2318,0,,,1,0.15377595,,1.0689316,,1.3807514,,-0.093216621,,0.096874098,,0.023411625,,0.10967959,,-0.04633861,,0.76833477,0.87018627,,0.13977567,0.34598792,0.23209664,0.16264021,0.11949957,0.9047619,0.9047619,1,0.988446,0.99906546,0.99990569,0.9999932,1.4327006,1,2,2,0.79939603,1.280873,1.6601825,2.1498364,0.82863408,1.2410426,1.8763841,1.553063,1,2,2,0.72476273,0.0015321888,2.7686357e-05,0.00058998168,0.0039641917,-0.032612562,0.047306031,0.15948814,0.078745216,0.27778134,0.56729444,0.1180975,5.9604645e-08,0.37500012,0.87499994,0.02504886,0.015696734,0.089914918,0.1706491,1,0.99956859,1,0.010354832,0.025656275,0.058865894,0.03174745,0.015996824,0.034614655,0.072249435,0.13977567,0.97627265,1,0.041058131,0.10159274,0.23742439,0.066772405,0.14618796,0.32049239,1.3269031,1.236754,1.6297834,2.1312604,-0.11282437,0.17649738,0.44140964,0.97571496,0.78073493,1.1855693,1.8098692,814,,,,,,,,,,,,,,,,,,,,,,,,,,,,,,,,,,,,,,,,,,,,,,,,,,,,,,,,,,,,,,,0.11949957,0.23209664,0.34598792,0.16264021
frozen_rkl_s312,token_role_x_rkl_nll,correct_object,,,highRKL,lowNLL,,,,1980,0.0034526353,1980,0,,,0.44949495,0.089571383,,0.19150481,,0.59931219,,0.065192579,,0.044931782,,0.010124223,,-0.017835024,,-0.0077350605,,0.98939394,0.86677952,,0.29545455,0.44343434,0.012626263,0.24747475,0.001010101,0.9047619,0.9047619,1,0.99817346,0.99987617,0.99999,0.99999911,1.0085859,1,1,1,0.97121212,0.58665544,0.79253218,1.0120868,0.1832099,0.28406237,0.3627379,1,1,1,1,0.96969697,0.0001346285,4.3213367e-06,0.00011256337,0.00074468851,-0.018486768,0.095278025,0.21260137,0.0030189585,0.052067355,0.11103047,0.029734852,2.9802322e-08,0.5,0.99999993,-0.0050929976,0.0028468668,0.045434058,0.088081771,1,1,1,0.0047002295,0.010477801,0.023513833,0.01935787,0.0095964978,0.018099541,0.038723438,0.29545455,0.46666667,0.44949495,0.019182955,0.041198906,0.099815271,0.039774897,0.077367537,0.16486434,0.62671491,0.59166139,0.84036501,1.0919006,0.031098391,0.12422527,0.24297418,0.25669739,0.18372693,0.32995262,0.50315417,788,,,,,,,,,,,,,,,,,,,,,,,,,,,,,,,,,,,,,,,,,,,,,,,,,,,,,,,,,,,,,,,0.001010101,0.012626263,0.44343434,0.24747475
frozen_rkl_s312,token_role_x_rkl_nll,correct_object,,,lowRKL,highNLL,,,,944,0.0016461049,944,0,,,0.47775424,0.0072588435,,0.80436273,,1.0831228,,-0.0091577309,,0.022938474,,0.0057450466,,0.054858158,,-0.028009043,,0.88135593,0.9130003,,0.27648305,0.33898305,0.11864407,0.14512712,0.12076271,0.9047619,1,1,0.99661641,0.99980468,0.99998048,0.99999819,1.217161,1,1,2,0.87817797,1.0033534,1.2997695,1.5946773,0.67459813,0.89312366,1.191738,1.2489407,1,1,2,0.92690678,0.00013335542,4.9173832e-06,9.1060996e-05,0.00062331557,-0.017776728,0.016894504,0.056683916,0.035272211,0.11923644,0.22181714,0.077065676,5.9604645e-08,0.25,0.5,0.019300485,0.011210516,0.056834504,0.11021667,1,1,0.99894068,0.0022167377,0.0067384987,0.01363821,0.0017984342,0.0018353465,0.0025788979,0.0034932573,0.27648305,0.34745763,0.47775424,0.0088878353,0.026661126,0.054353957,0.0073966775,0.010509487,0.014087428,1.0786896,0.99245292,1.2835918,1.5960434,-0.0037359297,0.047936916,0.10859915,0.795205,0.66524604,0.88431035,1.1843237,543,,,,,,,,,,,,,,,,,,,,,,,,,,,,,,,,,,,,,,,,,,,,,,,,,,,,,,,,,,,,,,,0.12076271,0.11864407,0.33898305,0.14512712
frozen_rkl_s312,token_role_x_rkl_nll,correct_object,,,lowRKL,lowNLL,,,,10803,0.018837787,10803,0,,,0.0014810701,0.002090623,,0.045506662,,0.15523477,,0.00042281202,,0.0036227041,,0.00085479512,,-0.00024085763,,-0.0031240874,,0.9994446,0.90405022,,0.80440618,0.16439878,0.00074053504,0.030361936,9.256688e-05,0.9047619,1,1,0.99973318,0.99999881,1,1,1.0002777,1,1,1,0.9994446,0.028783785,0.2172775,0.53580668,0.0038619475,0.045741608,0.16386198,1,1,1,1,1,2.0088752e-05,5.9604645e-08,2.0861626e-06,3.2508373e-05,-3.9935112e-06,0.0010959687,0.031563564,2.3841835e-07,0.0012578812,0.015130662,0.069268954,2.3806933e-07,0.37499952,0.62500012,0.00013703383,2.3841858e-07,0.0012118518,0.01425755,1,1,1,4.4537999e-05,0.00054317171,0.0020606533,0.00051196823,5.1009349e-05,0.00060862768,0.0018007584,0.80440618,0.008423586,0.0014810701,0.00017529575,0.002131373,0.0081772758,0.0002141787,0.00253501,0.0074451039,0.15537445,0.02807866,0.22038005,0.53585762,0,0.00059131082,0.013438722,0.045929474,0.0037724061,0.046197649,0.16340532,969,,,,,,,,,,,,,,,,,,,,,,,,,,,,,,,,,,,,,,,,,,,,,,,,,,,,,,,,,,,,,,,9.256688e-05,0.00074053504,0.16439878,0.030361936
frozen_rkl_s312,token_role_x_rkl_nll,hallucinated_object,,,highRKL,highNLL,,,,732,0.0012764288,732,1,,,1,0.18321377,,1.2700455,,1.50497,,-0.041751058,,0.11585218,,0.026439619,,0.078986201,,-0.010598768,,0.78961749,0.86279861,,0.11748634,0.32923497,0.21448087,0.20628415,0.13251366,0.9047619,0.9047619,1,0.98431053,0.99753699,0.99968687,0.99996809,1.8142077,1,2,3,0.76092896,1.4343671,1.819762,2.2526493,0.9515312,1.4796863,2.3857386,1.8825137,1,2,3,0.7226776,0.0014738023,4.6819448e-05,0.00097554922,0.0055728793,-0.018667608,0.086045489,0.21949389,0.049062133,0.27191263,0.6026474,0.043203549,0,0.37499998,0.75000011,0.0080560345,0.0048879236,0.076446705,0.16326811,0.99726776,0.99453552,0.99180328,0.01210242,0.029471771,0.059712366,0.038156629,0.017611072,0.041270328,0.083764067,0.11748634,0.97540984,1,0.04911444,0.11933638,0.24739505,0.072692465,0.17538234,0.38997916,1.4677175,1.3913535,1.791893,2.3190033,-0.10393387,0.22199431,0.6063974,1.2282944,0.90660414,1.49747,2.3573206,416,,,,,,,,,,,,,,,,,,,,,,,,,,,,,,,,,,,,,,,,,,,,,,,,,,,,,,,,,,,,,,,0.13251366,0.21448087,0.32923497,0.20628415
frozen_rkl_s312,token_role_x_rkl_nll,hallucinated_object,,,highRKL,lowNLL,,,,419,0.00073063342,419,1,,,0.49164678,0.098169158,,0.20640928,,0.66514126,,0.088683369,,0.056836888,,0.012013628,,-0.038927215,,0.045079974,,0.99045346,0.86970272,,0.29832936,0.3627685,0.0095465394,0.32935561,0,0.9047619,0.9047619,1,0.99567524,0.99974668,0.99996907,0.99999644,1.0071599,1,1,1,0.96420048,0.64798641,0.85641381,1.0714857,0.20076998,0.2993017,0.3747698,1,1,1,1,0.96897375,-0.0014474405,9.5367432e-07,7.0631504e-05,0.0009753108,0.018813968,0.1286011,0.32240633,-0.012103878,0.047747327,0.10987139,-0.10292362,-0.12499994,0.37500013,0.87499977,-0.022666748,-0.0096746087,0.038200647,0.083293569,1,1,1,0.0058673499,0.014061512,0.027740164,0.022662943,0.0095765153,0.020628791,0.042513819,0.29832936,0.54892601,0.49164678,0.022570916,0.058416225,0.1280588,0.040946264,0.087680008,0.18840958,0.71593843,0.67044342,0.9021849,1.2075932,0.046313606,0.13375159,0.31291215,0.29509265,0.21381116,0.39060694,0.5591361,290,,,,,,,,,,,,,,,,,,,,,,,,,,,,,,,,,,,,,,,,,,,,,,,,,,,,,,,,,,,,,,,,0.0095465394,0.3627685,0.32935561
frozen_rkl_s312,token_role_x_rkl_nll,hallucinated_object,,,lowRKL,highNLL,,,,207,0.00036095732,207,1,,,0.5410628,0.0076313709,,0.91382053,,1.1875622,,-0.0038790238,,0.023810308,,0.005882921,,-0.0064346337,,-0.0086010948,,0.85507246,0.90255421,,0.2705314,0.28019324,0.14492754,0.20772947,0.096618357,0.9047619,0.95238095,1,0.99445462,0.99945688,0.99993744,0.9999972,1.589372,1,2,2,0.83574879,1.1324373,1.4207458,1.6751924,0.6790297,0.98930445,1.4048181,1.5990338,1,1,2,0.91304348,0.00011543548,1.7881393e-06,0.0001694262,0.0010082722,-0.0022596121,0.031232655,0.090220571,0.00033900142,0.10414326,0.1919594,0.019927541,0,0.25,0.37500006,0.0050351102,0.0014470816,0.05127278,0.085340548,0.99516908,0.99516908,0.99516908,0.0026015863,0.0071027444,0.013702573,0.0018987701,0.0019323984,0.0026386122,0.0034797148,0.2705314,0.4589372,0.5410628,0.010792524,0.028292295,0.054564773,0.0075742784,0.010957863,0.013855717,1.1858525,1.1180409,1.399713,1.6808341,-9.727478e-05,0.067222431,0.11899174,0.90994151,0.69151711,0.96496797,1.4374363,168,,,,,,,,,,,,,,,,,,,,,,,,,,,,,,,,,,,,,,,,,,,,,,,,,,,,,,,,,,,,,,,0.096618357,0.14492754,0.28019324,0.20772947
frozen_rkl_s312,token_role_x_rkl_nll,hallucinated_object,,,lowRKL,lowNLL,,,,1592,0.0027760582,1592,1,,,0.0018844221,0.0025283434,,0.056507873,,0.19509713,,0.00057975216,,0.0055304683,,0.0012664021,,-0.0036779902,,0.0023424739,,0.99937186,0.90688349,,0.77449749,0.17022613,0.0012562814,0.054020101,0,0.9047619,1,1,0.9996897,0.99999571,0.99999982,1,1.0006281,1,1,1,0.99937186,0.065262873,0.31277347,0.60326633,0.010103865,0.074300721,0.20263998,1,1,1,1,1,-2.0565849e-07,1.1920929e-07,3.1143427e-06,4.0578842e-05,-4.8764584e-06,0.0064754337,0.053227511,1.1920927e-07,0.0015712238,0.018729801,0.030150748,5.4948032e-08,0.25000012,0.50000034,-0.0024259921,1.1920929e-07,0.0015244633,0.016683894,1,1,1,9.367707e-05,0.00075483693,0.0027303394,0.00062167751,0.00013503817,0.00087594397,0.0020801656,0.77449749,0.0094221106,0.0018844221,0.00037360402,0.00304049,0.011470021,0.00055098865,0.003578962,0.0083375043,0.19516049,0.066163339,0.31361792,0.59911834,-1.1920918e-07,0.0013991918,0.019448119,0.057087625,0.010654529,0.071583763,0.2020872,503,,,,,,,,,,,,,,,,,,,,,,,,,,,,,,,,,,,,,,,,,,,,,,,,,,,,,,,,,,,,,,,,0.0012562814,0.17022613,0.054020101
frozen_rkl_s312,token_role_x_rkl_nll,non_object_token,,,highRKL,highNLL,,,,104556,0.18232007,0,,,,1,0.12407967,,1.0757227,,1.4661024,,-0.058071188,,0.073995691,,0.017588105,,0.077195031,,-0.028324607,,0.79423467,0.8824209,,0.14570182,0.32459161,0.20709476,0.19056773,0.13204407,0.9047619,0.9047619,1,0.98993128,0.99865973,0.99985531,0.99998695,1.4996366,1,2,2,0.80293814,1.3994005,1.7559658,2.1380318,0.87366045,1.2886458,1.8399977,1.5711676,1,2,2,0.73318604,0.00091456789,2.2351742e-05,0.00058485568,0.0032266676,-0.020869642,0.051784247,0.14539063,0.059228942,0.21718846,0.43970141,0.066047142,0,0.25000015,0.62500006,0.014949121,0.010757089,0.069070749,0.13349261,0.99905314,0.99897662,0.99870883,0.0083453143,0.018701941,0.039757831,0.02663695,0.013306205,0.02779784,0.057687286,0.14570182,0.98448678,1,0.033417178,0.075235842,0.16235891,0.054642027,0.11605753,0.25098167,1.4279982,1.3677678,1.7383705,2.126332,-0.082712173,0.17251584,0.38791901,1.0176515,0.84342921,1.2484953,1.7897431,985,,,,,,,,,,,,,,,,,,,,,,,,,,,,,,,,,,,,,,,,,,,,,,,,,,,,,,,,,,,,,,,0.13204407,0.20709476,0.32459161,0.19056773
frozen_rkl_s312,token_role_x_rkl_nll,non_object_token,,,highRKL,lowNLL,,,,60679,0.10580932,0,,,,0.50272747,0.075605362,,0.21828133,,0.67533998,,0.06325591,,0.042233204,,0.0093589698,,-0.025271655,,0.007925301,,0.98983174,0.87981557,,0.30761878,0.39743569,0.011832759,0.28136588,0.0017468976,0.9047619,0.9047619,1,0.99818845,0.99986613,0.99998832,0.99999917,1.0105473,1,1,1,0.97557639,0.66532922,0.87747452,1.0614341,0.21731021,0.31407173,0.37634632,1,1,1,1,0.97725737,7.0660251e-05,1.6689301e-06,7.545948e-05,0.00060120821,-0.00052058697,0.10264845,0.21902282,-0.00042025745,0.048556503,0.10090805,-0.023311195,-2.9802322e-08,0.375,0.75000004,-0.010960642,-0.00031447411,0.040104419,0.081226194,0.99996704,1,0.99990112,0.0042947335,0.0095734638,0.020152989,0.017524009,0.0086575029,0.016232851,0.032807575,0.30761878,0.54902025,0.50272747,0.017088667,0.038589366,0.084243637,0.035795845,0.067484811,0.13944869,0.71278426,0.68528664,0.93218571,1.1851939,0.038003139,0.13060264,0.24208906,0.28153724,0.22367766,0.37754907,0.53911505,985,,,,,,,,,,,,,,,,,,,,,,,,,,,,,,,,,,,,,,,,,,,,,,,,,,,,,,,,,,,,,,,0.0017468976,0.011832759,0.39743569,0.28136588
frozen_rkl_s312,token_role_x_rkl_nll,non_object_token,,,lowRKL,highNLL,,,,62029,0.10816339,0,,,,0.48891647,0.0072487361,,0.79761239,,1.1819434,,-0.0053270859,,0.016092221,,0.0039679643,,0.01989696,,-0.011645469,,0.89229231,0.92429259,,0.32910413,0.26987377,0.10773993,0.18886327,0.1044189,0.9047619,1,1,0.99722165,0.99978948,0.99997938,0.99999797,1.2211224,1,1,2,0.89322736,1.1239552,1.4058838,1.7066971,0.68798357,0.92107129,1.230542,1.23302,1,1,2,0.928211,7.4736623e-05,1.4901161e-06,5.531311e-05,0.00040132999,-0.0071408153,0.02394402,0.066519439,0.0073381364,0.091169417,0.17375641,0.030451482,0,0.24999994,0.37499994,0.007112893,0.0022442937,0.041510463,0.071031857,0.99991939,0.99988715,0.99991939,0.0019835727,0.0043380838,0.008265231,0.0017995322,0.0018529482,0.0025719376,0.0034096219,0.32910413,0.41150107,0.48891647,0.0079360791,0.017370343,0.033285999,0.0074527822,0.010393957,0.013773051,1.178602,1.1210117,1.4028786,1.706992,-0.0016002357,0.052429348,0.1104265,0.7922853,0.68860972,0.91802728,1.2250066,985,,,,,,,,,,,,,,,,,,,,,,,,,,,,,,,,,,,,,,,,,,,,,,,,,,,,,,,,,,,,,,,0.1044189,0.10773993,0.26987377,0.18886327
frozen_rkl_s312,token_role_x_rkl_nll,non_object_token,,,lowRKL,lowNLL,,,,322865,0.56299752,0,,,,0.0019079182,0.0024860472,,0.072669048,,0.23601626,,0.00094244856,,0.0038696764,,0.00091526096,,-0.0011376411,,-0.0016641711,,0.99966549,0.91615112,,0.76496988,0.18781844,0.00082077649,0.046183389,0.00020751707,0.9047619,1,1,0.99974744,0.99999803,0.99999994,1,1.0002261,1,1,1,0.99966549,0.10050669,0.40690741,0.68387095,0.017403157,0.10592657,0.25208554,1,1,1,1,1,7.3988574e-06,5.9604645e-08,1.4305115e-06,2.5331974e-05,-9.7660868e-06,0.0053718463,0.047698921,5.9604463e-07,0.002630674,0.021521622,0.045603619,8.7544322e-08,0.25000004,0.50000007,-0.00044018454,5.9604645e-07,0.0025022626,0.019129694,1,1,1,0.00011161517,0.00078464439,0.0022155218,0.00061358045,0.00013449453,0.0008890304,0.0020035505,0.76496988,0.01335233,0.0019079182,0.00044405996,0.0031382211,0.0088908914,0.00054881483,0.0035873938,0.0081758916,0.23679149,0.1001029,0.40729445,0.68614771,0,0.0021218089,0.02219531,0.073611497,0.017420379,0.10605694,0.25221347,985,,,,,,,,,,,,,,,,,,,,,,,,,,,,,,,,,,,,,,,,,,,,,,,,,,,,,,,,,,,,,,,0.00020751707,0.00082077649,0.18781844,0.046183389
frozen_rkl_s312,token_role_x_rkl_nll,unknown_object,,,highRKL,highNLL,,,,4,6.9750207e-06,0,,,,1,0.10585427,,0.84093198,,1.2877262,,-0.16985533,,0.060749896,,0.016223614,,0.26772197,,-0.197115,,0.75,0.82359307,,0,0.5,0.25,0,0.25,0.86147186,0.9047619,0.9047619,0.99745251,0.9987143,0.999495,0.99978741,1.25,1,1.25,1.7,0.75,1.2348532,1.3396707,1.5254186,0.74078962,0.95940895,1.1636586,1.5,1.5,2,2,0.5,0.0041396618,7.4833632e-05,0.0042345673,0.011599833,-0.10728317,-0.036433458,-0.016600347,0.27926446,0.29585527,0.30692279,0.28124999,0.43750001,0.53125001,0.58749999,0.087221548,0.10153441,0.13007024,0.15539882,1,1,1,0.015274247,0.020392965,0.02321959,0.023445803,0.023505137,0.036852546,0.039878601,,1,1,0.058132924,0.07463613,0.083817314,0.098431706,0.16409507,0.19030276,1.1273633,1.1318421,1.2813105,1.2948244,-0.18671721,0.0055314153,0.067826658,0.67107665,0.58779617,0.87643631,1.1130233,3,,,,,,,,,,,,,,,,,,,,,,,,,,,,,,,,,,,,,,,,,,,,,,,,,,,,,,,,,,,,,,,0.25,0.25,0.5,
frozen_rkl_s312,token_role_x_rkl_nll,unknown_object,,,highRKL,lowNLL,,,,1,1.7437552e-06,0,,,,0,0.063054584,,0.034657173,,0.19966188,,0.10300229,,0.0022308463,,0.00061640551,,0.00034769624,,-0.003077805,,1,1,,1,0,0,0,0,1,1,1,0.99999857,0.99999857,0.99999857,0.99999857,1,1,1,1,1,0.19966188,0.19966188,0.19966188,0.034657173,0.034657173,0.034657173,1,1,1,1,1,-2.3841858e-07,-2.3841858e-07,-2.3841858e-07,-2.3841858e-07,-0.003077805,-0.003077805,-0.003077805,0.00034769624,0.00034769624,0.00034769624,8.1956387e-08,8.1956387e-08,8.1956387e-08,8.1956387e-08,0.00033587217,0.00033587217,0.00033587217,0.00033587217,1,1,1,0.00061640551,0.00061640551,0.00061640551,0.018986907,0.018986907,0.018986907,0.018986907,1,0,0,0.0022308463,0.0022308463,0.0022308463,0.063054584,0.063054584,0.063054584,0.55379021,0.55379021,0.55379021,0.55379021,0.10300229,0.10300229,0.10300229,0.13765946,0.13765946,0.13765946,0.13765946,1,,,,,,,,,,,,,,,,,,,,,,,,,,,,,,,,,,,,,,,,,,,,,,,,,,,,,,,,,,,,,,,,,,
frozen_rkl_s312,token_role_x_rkl_nll,unknown_object,,,lowRKL,lowNLL,,,,5,8.7187759e-06,0,,,,0,0.0017693365,,0.031383543,,0.13495491,,0.005358895,,0.0012047657,,0.0003180907,,0.00038573499,,-0.006814595,,1,0.93333333,,1,0,0,0,0,1,1,1,0.99994781,0.99999917,0.99999982,0.99999993,1,1,1,1,1,0.047840934,0.10198709,0.34517681,0.0076597077,0.016851099,0.084813044,1,1,1,1,1,-1.8358231e-06,-5.9604645e-08,5.9604645e-08,1.3113022e-07,-0.0025018016,-0.00044475993,-0.00026575973,0.00034943223,0.00039962132,0.0014021446,0.24999997,0.25000003,0.49999959,0.72499991,0.00037753582,0.00030690432,0.00039881468,0.0013936281,1,1,1,0.00020158406,0.00024111316,0.00077335072,0.00045663578,0.00033643446,0.00071565958,0.00098790666,1,0,0,0.00077180337,0.0009353697,0.0029199157,0.0015459338,0.0027857705,0.0036662163,0.14783477,0.030537639,0.14284873,0.38825408,-2.9204384e-05,0.010895789,0.016251177,0.036742438,0.0043516704,0.027746888,0.10106422,2,,,,,,,,,,,,,,,,,,,,,,,,,,,,,,,,,,,,,,,,,,,,,,,,,,,,,,,,,,,,,,,,,,
frozen_rkl_s312,token_role_x_rkl_nll,unknown_token,,,highRKL,highNLL,,,,834,0.0014542918,0,,,,1,0.16474554,,1.0487216,,1.476746,,-0.068781385,,0.098911712,,0.021759374,,0.091449697,,-0.039337677,,0.78057554,0.87511201,,0.15707434,0.32733813,0.2206235,0.17026379,0.12470024,0.9047619,0.9047619,1,0.9887254,0.99873528,0.99985871,0.99999073,1.3657074,1,1,2,0.78417266,1.4002634,1.7714998,2.1902306,0.85140157,1.226124,1.7692317,1.4328537,1,2,2,0.71582734,0.0027529378,3.0040741e-05,0.00081095099,0.0040092945,-0.028599203,0.047745913,0.14132583,0.054720148,0.2298015,0.47567038,0.074940049,0,0.37499992,0.75,0.01816658,0.01059702,0.073162742,0.14625219,1,1,1,0.0089036925,0.02095432,0.047981202,0.032534831,0.015315607,0.034181843,0.071938597,0.15707434,0.98681055,1,0.035975402,0.083770707,0.19975803,0.063550413,0.1439635,0.31783829,1.4314028,1.3666428,1.7477413,2.1921746,-0.075611189,0.18142591,0.38970625,0.97994017,0.8297163,1.182328,1.7804297,8,,,,,,,,,,,,,,,,,,,,,,,,,,,,,,,,,,,,,,,,,,,,,,,,,,,,,,,,,,,,,,,0.12470024,0.2206235,0.32733813,0.17026379
frozen_rkl_s312,token_role_x_rkl_nll,unknown_token,,,highRKL,lowNLL,,,,520,0.00090675269,0,,,,0.50769231,0.082840957,,0.20967786,,0.65469869,,0.065197837,,0.052490417,,0.011597956,,-0.027994021,,0.004362265,,0.97884615,0.87801915,,0.30576923,0.41538462,0.021153846,0.25192308,0.0057692308,0.9047619,0.9047619,1,0.99817782,0.99988461,0.99999207,0.99999934,1.0192308,1,1,1,0.97115385,0.65791333,0.86423984,1.0354928,0.20604476,0.3076207,0.37026433,1,1,1,1,0.97115385,0.0001038549,1.5199184e-06,5.9321523e-05,0.00051132441,-0.00035624142,0.10671531,0.21417862,0.00012302957,0.052972054,0.11385169,0.014903853,5.5879354e-09,0.49999991,0.87500007,-0.0073574402,0.0001860857,0.044287175,0.093613553,1,1,1,0.0046225602,0.010133659,0.023851814,0.019607075,0.01032743,0.01793701,0.038620543,0.30576923,0.54615385,0.50769231,0.019072882,0.041712734,0.097450118,0.043479325,0.074223472,0.16580048,0.6957112,0.67176804,0.9257586,1.1603127,0.043304279,0.12527767,0.26254233,0.2748757,0.20733765,0.35757621,0.55079325,8,,,,,,,,,,,,,,,,,,,,,,,,,,,,,,,,,,,,,,,,,,,,,,,,,,,,,,,,,,,,,,,0.0057692308,0.021153846,0.41538462,0.25192308
frozen_rkl_s312,token_role_x_rkl_nll,unknown_token,,,lowRKL,highNLL,,,,419,0.00073063342,0,,,,0.48687351,0.0071521372,,0.78503344,,1.1391952,,0.0066607119,,0.020571312,,0.0048548486,,0.020260804,,-0.0077159356,,0.87350835,0.9199751,,0.33412888,0.21479714,0.12649165,0.21718377,0.10739857,0.9047619,1,1,0.99761045,0.99985451,0.99998552,0.99999934,1.2124105,1,1,2,0.87350835,1.085423,1.3354362,1.6586133,0.68544865,0.85720021,1.1700042,1.2052506,1,1,2,0.90930788,0.00010663029,1.7881393e-06,5.5670738e-05,0.00053777695,-0.0017042756,0.02315098,0.055914235,0.00045502186,0.093617588,0.17392111,0.02267303,0,0.24999994,0.27500005,0.0038963365,0.00012606382,0.037642717,0.063166702,1,1,1,0.0019356513,0.0041504728,0.0086687554,0.0017787645,0.0018825539,0.002468626,0.0032878934,0.33412888,0.37708831,0.48687351,0.0077406256,0.016870944,0.03356695,0.007569788,0.0098447721,0.0131262,1.1390817,1.0857317,1.3518763,1.6483307,-0.00095772743,0.064075589,0.11721123,0.79169415,0.68404442,0.88883328,1.1444955,8,,,,,,,,,,,,,,,,,,,,,,,,,,,,,,,,,,,,,,,,,,,,,,,,,,,,,,,,,,,,,,,0.10739857,0.12649165,0.21479714,0.21718377
frozen_rkl_s312,token_role_x_rkl_nll,unknown_token,,,lowRKL,lowNLL,,,,2568,0.0044779633,0,,,,0.0019470405,0.0022698418,,0.0564966,,0.18823655,,0.00085228387,,0.0040570756,,0.00092003595,,-0.00059332785,,-0.0018904726,,1,0.9059357,,0.79595016,0.16549844,0.0007788162,0.037772586,0,0.9047619,1,1,0.99975401,0.99999928,1,1,1,1,1,1,1,0.046101768,0.28915539,0.61812257,0.0068571365,0.070144061,0.20360851,1,1,1,1,1,5.9546154e-06,5.9604645e-08,8.3446503e-07,1.9305944e-05,-6.2953081e-06,0.0011827881,0.037029313,3.5762756e-07,0.0015297616,0.016808674,0.050963782,1.2040982e-07,0.25000014,0.50000051,-0.00017977791,3.5762787e-07,0.0014996827,0.014893156,1,1,1,4.597925e-05,0.00060259763,0.0020731937,0.00055721245,7.0468705e-05,0.00075323408,0.0019612881,0.79595016,0.011682243,0.0019470405,0.00017746911,0.0023863607,0.0084399752,0.00027727715,0.0030820398,0.007999105,0.18913938,0.045345873,0.29614514,0.62541764,0,0.0011270593,0.017560794,0.057348884,0.0066669756,0.0692895,0.19999127,8,,,,,,,,,,,,,,,,,,,,,,,,,,,,,,,,,,,,,,,,,,,,,,,,,,,,,,,,,,,,,,,,0.0007788162,0.16549844,0.037772586
frozen_rkl_s312,token_role_x_rkl_entropy,correct_object,,,highRKL,,highEnt,,,2273,0.0039635555,2273,0,,,0.98328201,0.13968534,,0.92419109,,1.4486487,,-0.035693302,,0.087662817,,0.021282128,,0.068061062,,-0.051988274,,0.80862297,0.86968581,,0.16058073,0.3699956,0.19181698,0.19401672,0.083589969,0.9047619,0.9047619,1,0.98713006,0.99824518,0.99969602,0.9999615,1.3528377,1,1,2,0.82270128,1.3089288,1.6703058,2.1567813,0.74387163,1.1237223,1.6955019,1.4153102,1,2,2,0.77386714,0.0016140372,7.4207783e-05,0.00098401308,0.0050042391,-0.040679574,0.056453466,0.17130516,0.051793173,0.22251087,0.45244755,0.10520238,5.9604645e-08,0.37500004,0.75000003,0.022594872,0.016223013,0.082645655,0.15683981,1,1,1,0.01020101,0.023694202,0.051275039,0.029329427,0.014725475,0.031843774,0.06566924,0.16058073,1,0.98328201,0.04030747,0.093236387,0.21092637,0.062984221,0.1349259,0.2983314,1.3904909,1.2884536,1.654377,2.1396998,-0.061490834,0.16295904,0.39175651,0.88849779,0.71679062,1.1046042,1.6885467,803,,,,,,,,,,,,,,,,,,,,,,,,,,,,,,,,,,,,,,,,,,,,,,,,,,,,,,,,,,,,,,,0.083589969,0.19181698,0.3699956,0.19401672
frozen_rkl_s312,token_role_x_rkl_entropy,correct_object,,,highRKL,,lowEnt,,,2025,0.0035311042,2025,0,,,0.48049383,0.10681442,,0.37346992,,0.54046485,,-0.0028957754,,0.056425435,,0.012809793,,0.031714147,,-0.002251344,,0.93925926,0.86741698,,0.26864198,0.41432099,0.062716049,0.21037037,0.043950617,0.9047619,0.9047619,1,0.9994344,0.99994755,0.99999583,0.99999952,1.1076543,1,1,1,0.94123457,0.58118832,0.72386128,0.81490866,0.18878376,0.34290963,0.74701209,1.1669136,1,1,1,0.9091358,7.3813053e-05,2.0265579e-06,4.5418739e-05,0.00025779009,-0.010145962,0.081654906,0.20092133,0.0065750256,0.070592843,0.20749823,0.046172842,2.9802322e-08,0.50000003,1,-0.0016686528,0.0022425652,0.049379408,0.10264564,1,0.99950617,1,0.0046172943,0.011200357,0.028721869,0.02234735,0.0099144764,0.020618699,0.045427941,0.26864198,0.45135802,0.48049383,0.01841899,0.045175105,0.12286156,0.041386232,0.086595468,0.1890691,0.57089932,0.58166432,0.74501181,0.92000693,0.0035324246,0.12822202,0.28228052,0.37057415,0.202242,0.39039162,0.77542174,797,,,,,,,,,,,,,,,,,,,,,,,,,,,,,,,,,,,,,,,,,,,,,,,,,,,,,,,,,,,,,,,0.043950617,0.062716049,0.41432099,0.21037037
frozen_rkl_s312,token_role_x_rkl_entropy,correct_object,,,lowRKL,,highEnt,,,783,0.0013653603,783,0,,,0.43933589,0.0083136268,,0.66838508,,1.2307705,,-0.0061353668,,0.02092907,,0.0052723189,,0.032765597,,-0.036573038,,0.91443167,0.91546242,,0.29885057,0.3844189,0.085568327,0.15836526,0.072796935,0.9047619,1,1,0.99460572,0.99910861,0.99984694,0.99996889,1.1226054,1,1,2,0.90804598,1.1318823,1.3626071,1.669259,0.60564196,0.8295804,1.0759086,1.1404853,1,1,2,0.94508301,0.00024160343,2.5749207e-05,0.00031220913,0.0014637589,-0.028270364,0.022437036,0.077358508,0.031255782,0.096539296,0.19129251,0.068486589,5.9604645e-08,0.25,0.49999993,0.016978042,0.014919698,0.052060857,0.087692153,1,1,1,0.0025941404,0.0056886002,0.01144352,0.0020549715,0.001964163,0.0029967937,0.0036512391,0.29885057,0.51851852,0.43933589,0.010233956,0.022402263,0.045517208,0.0079011535,0.012040408,0.014700522,1.2227329,1.1330271,1.3769287,1.6466992,-0.0065586567,0.041931182,0.08895185,0.66224971,0.60176408,0.82397577,1.0592669,483,,,,,,,,,,,,,,,,,,,,,,,,,,,,,,,,,,,,,,,,,,,,,,,,,,,,,,,,,,,,,,,0.072796935,0.085568327,0.3844189,0.15836526
frozen_rkl_s312,token_role_x_rkl_entropy,correct_object,,,lowRKL,,lowEnt,,,10964,0.019118532,10964,0,,,0.011218533,0.0020911874,,0.066360942,,0.15831593,,6.6283522e-05,,0.0040498477,,0.00096036574,,0.0021459918,,-0.0028779062,,0.99534841,0.90400581,,0.79505655,0.16371762,0.0048340022,0.031101788,0.0052900401,0.9047619,1,1,0.999831,0.99999881,0.99999994,1,1.0102152,1,1,1,0.99553083,0.031545864,0.23203122,0.5696753,0.0042581963,0.04976228,0.18521808,1.0114009,1,1,1,0.9976286,1.4021416e-05,5.9604645e-08,2.0265579e-06,2.9069185e-05,-4.3135028e-06,0.0011405256,0.031139057,2.3841847e-07,0.0013670968,0.016638274,0.069996124,2.30968e-07,0.37499952,0.62500012,0.00058429655,2.3841858e-07,0.0012872368,0.015003508,1,1,0.99990879,4.6481102e-05,0.00055563706,0.0021417688,0.00051253849,5.3807216e-05,0.00061557605,0.0018292291,0.79505655,0.0011856987,0.011218533,0.00018407948,0.0021937379,0.0084633384,0.00022456172,0.0025634504,0.0074937378,0.15864588,0.030053958,0.23353203,0.56615338,0,0.00059154234,0.01371744,0.066427226,0.0041534358,0.050479617,0.18675857,972,,,,,,,,,,,,,,,,,,,,,,,,,,,,,,,,,,,,,,,,,,,,,,,,,,,,,,,,,,,,,,,0.0052900401,0.0048340022,0.16371762,0.031101788
frozen_rkl_s312,token_role_x_rkl_entropy,hallucinated_object,,,highRKL,,highEnt,,,737,0.0012851476,737,1,,,0.99185889,0.17589944,,1.1130811,,1.5508757,,-0.0090527585,,0.098495631,,0.02359271,,0.032531738,,-0.022132569,,0.81953867,0.86658172,,0.13839891,0.34871099,0.18317503,0.23202171,0.097693351,0.9047619,0.9047619,1,0.9834268,0.9965871,0.99935758,0.99991536,1.7164179,1,2,3,0.78968792,1.4384065,1.8184417,2.2499668,0.85819614,1.3370367,2.0422381,1.7272727,1,2,3,0.75712347,0.0015213407,8.9943409e-05,0.0015118122,0.006184721,-0.02588737,0.090493917,0.22054415,0.032847643,0.22824949,0.47672684,0.054782901,0,0.37499997,0.75000008,0.0099759775,0.0097169876,0.072889388,0.15249939,0.9972863,0.99592944,0.99321574,0.012106964,0.026012199,0.052093471,0.036106991,0.016590392,0.037428383,0.077872336,0.13839891,1,0.99185889,0.049411304,0.10365151,0.21957869,0.071580276,0.16655518,0.34579834,1.499849,1.4006667,1.7981637,2.3213954,-0.062732607,0.20791805,0.5801296,1.1040284,0.84627634,1.3530192,2.1267108,416,,,,,,,,,,,,,,,,,,,,,,,,,,,,,,,,,,,,,,,,,,,,,,,,,,,,,,,,,,,,,,,0.097693351,0.18317503,0.34871099,0.23202171
frozen_rkl_s312,token_role_x_rkl_entropy,hallucinated_object,,,highRKL,,lowEnt,,,414,0.00072191464,414,1,,,0.5,0.11016297,,0.47299035,,0.57327736,,0.032049372,,0.087022161,,0.01690745,,0.042346631,,0.066284818,,0.93961353,0.86305144,,0.26328502,0.32850242,0.062801932,0.28502415,0.060386473,0.9047619,0.9047619,1,0.9973857,0.99988881,0.99998631,0.99999818,1.1714976,1,1,2,0.91545894,0.61425659,0.74832664,0.83411889,0.20061669,0.38871153,1.0100711,1.2657005,1,1,2,0.91062802,-0.0015673488,3.5762787e-07,3.4704804e-05,0.00019133687,0.018907189,0.12409435,0.3145748,-0.0056238528,0.077804202,0.23849793,-0.12530193,-0.12500001,0.37500015,0.87499983,-0.026455665,-0.014319539,0.03836529,0.09685626,1,0.99758454,0.99758454,0.0058350069,0.014895142,0.034237165,0.026124574,0.010522351,0.023306581,0.054450569,0.26328502,0.5,0.5,0.023127099,0.06219091,0.15339708,0.042461352,0.10235059,0.227339,0.64965862,0.6466769,0.81831598,0.97179335,0.042086616,0.15191715,0.38012056,0.50503972,0.24557134,0.5258753,0.92438755,283,,,,,,,,,,,,,,,,,,,,,,,,,,,,,,,,,,,,,,,,,,,,,,,,,,,,,,,,,,,,,,,0.060386473,0.062801932,0.32850242,0.28502415
frozen_rkl_s312,token_role_x_rkl_entropy,hallucinated_object,,,lowRKL,,highEnt,,,188,0.00032782597,188,1,,,0.50531915,0.0083230032,,0.78997685,,1.2989633,,-0.0019537303,,0.023485988,,0.005784789,,0.0010131637,,-0.013760819,,0.90425532,0.90487604,,0.29787234,0.32446809,0.095744681,0.19680851,0.085106383,0.9047619,1,1,0.99311905,0.99834403,0.99967889,0.99996226,1.5212766,1,1,2,0.87765957,1.2130227,1.4510385,1.7023746,0.63913807,0.87360957,1.1792002,1.5638298,1,1,2,0.93085106,0.00010757148,3.0130148e-05,0.00034295022,0.0013289392,-0.011634231,0.031778842,0.098398858,0.015223742,0.089773633,0.17090696,0.031914895,0,0.25,0.49999993,0.0069634299,0.0090035498,0.048927918,0.083365425,0.99468085,0.99468085,0.99468085,0.0029516916,0.0065468253,0.013157849,0.0020609891,0.0020634041,0.0028176201,0.0035253163,0.29787234,0.57978723,0.50531915,0.011649076,0.026796727,0.051349318,0.0083141243,0.011372671,0.014449265,1.288373,1.1936578,1.4142411,1.720083,-0.0088553801,0.049471378,0.10663456,0.78802312,0.65275979,0.90089153,1.1669143,159,,,,,,,,,,,,,,,,,,,,,,,,,,,,,,,,,,,,,,,,,,,,,,,,,,,,,,,,,,,,,,,0.085106383,0.095744681,0.32446809,0.19680851
frozen_rkl_s312,token_role_x_rkl_entropy,hallucinated_object,,,lowRKL,,lowEnt,,,1611,0.0028091896,1611,1,,,0.012414649,0.0025078162,,0.081071221,,0.19380193,,0.00030248841,,0.0057839066,,0.0013323007,,-0.0045796427,,0.0028155343,,0.99193048,0.90656148,,0.76536313,0.1663563,0.0086902545,0.057107387,0.0024829299,0.9047619,1,1,0.99978382,0.99999589,0.99999982,1,1.0155183,1,1,1,0.99255121,0.068426758,0.32420757,0.61837059,0.01095672,0.078890741,0.20972876,1.0111732,1,1,1,0.99689634,2.075914e-06,5.9604645e-08,2.771616e-06,3.3378601e-05,-4.0534505e-06,0.0068959971,0.051726073,1.1920926e-07,0.0014830865,0.017148357,0.028631279,5.2154064e-08,0.25000012,0.50000028,-0.0025630269,1.1920929e-07,0.0014757514,0.017035842,1,1,1,9.6392803e-05,0.00075666231,0.0027506948,0.00061780884,0.00013413135,0.00087384743,0.0020218403,0.76536313,0.00062073246,0.012414649,0.00038797688,0.003125129,0.011505369,0.00054552703,0.0035302418,0.0080480697,0.19488072,0.069313727,0.32587864,0.61793202,-1.1920906e-07,0.001713105,0.020920284,0.081373709,0.01097877,0.079110373,0.21539764,499,,,,,,,,,,,,,,,,,,,,,,,,,,,,,,,,,,,,,,,,,,,,,,,,,,,,,,,,,,,,,,,0.0024829299,0.0086902545,0.1663563,0.057107387
frozen_rkl_s312,token_role_x_rkl_entropy,non_object_token,,,highRKL,,highEnt,,,108123,0.18854004,0,,,,0.98716277,0.1166107,,0.97000625,,1.4870539,,-0.024698552,,0.069519797,,0.016678498,,0.049396807,,-0.029682759,,0.8228499,0.88168761,,0.16194519,0.33905829,0.17843567,0.21789998,0.10266086,0.9047619,0.9047619,1,0.98963892,0.99813598,0.99970609,0.99995804,1.4315363,1,1,2,0.82756675,1.3855565,1.7409915,2.1249824,0.80179071,1.2098446,1.7258761,1.4844853,1,2,2,0.77306401,0.00093261087,4.4345856e-05,0.00073981285,0.0034910917,-0.023123741,0.058532059,0.15828147,0.039698422,0.1786439,0.37594059,0.056626481,0,0.25000009,0.625,0.012553191,0.010253549,0.065831348,0.1256057,0.99919536,0.99920461,0.9988809,0.0082468092,0.018024029,0.03749215,0.025255201,0.012865053,0.026545224,0.054501074,0.16194519,1,0.98716277,0.032941014,0.072380222,0.15291558,0.052943707,0.11108191,0.23768129,1.4512629,1.3721607,1.729573,2.1167227,-0.046862662,0.1656903,0.37167025,0.94530769,0.78311545,1.1909044,1.7112548,985,,,,,,,,,,,,,,,,,,,,,,,,,,,,,,,,,,,,,,,,,,,,,,,,,,,,,,,,,,,,,,,0.10266086,0.17843567,0.33905829,0.21789998
frozen_rkl_s312,token_role_x_rkl_entropy,non_object_token,,,highRKL,,lowEnt,,,57112,0.099589346,0,,,,0.49597283,0.086717905,,0.36486845,,0.58628714,,0.0076533082,,0.048723089,,0.010567054,,0.020955558,,0.012760553,,0.94787435,0.88104109,,0.28697997,0.37459728,0.053894103,0.23529206,0.049236588,0.9047619,0.9047619,1,0.99925765,0.99995559,0.99999571,0.99999964,1.1089263,1,1,1,0.93973246,0.62971666,0.75265911,0.83209156,0.20840733,0.35091531,0.70399393,1.1284319,1,1,1,0.91700518,-1.6205553e-05,6.5565109e-07,2.425909e-05,0.00019901991,-0.00028155744,0.090331286,0.2028923,0.0026547618,0.065384382,0.16788036,-0.011057221,0,0.37500013,0.75000007,-0.008042954,0,0.043775022,0.090632772,0.99975487,0.9996323,0.99964981,0.0040566744,0.0095729735,0.022213143,0.019570741,0.0085593187,0.016962109,0.036638387,0.28697997,0.49245342,0.49597283,0.016214024,0.038967663,0.094569907,0.035425236,0.069511088,0.15345829,0.62407063,0.63553491,0.79497559,0.95864152,0.0095285028,0.12907343,0.25821544,0.37252175,0.22946689,0.42064106,0.74386081,985,,,,,,,,,,,,,,,,,,,,,,,,,,,,,,,,,,,,,,,,,,,,,,,,,,,,,,,,,,,,,,,0.049236588,0.053894103,0.37459728,0.23529206
frozen_rkl_s312,token_role_x_rkl_entropy,non_object_token,,,lowRKL,,highEnt,,,58701,0.10236017,0,,,,0.44247969,0.0078424304,,0.71174018,,1.2653889,,-0.0022884919,,0.015915829,,0.0039413418,,0.010355731,,-0.01281141,,0.91995026,0.92477516,,0.34580331,0.29544641,0.080066779,0.20607826,0.072605237,0.9047619,1,1,0.99646099,0.99939501,0.99990094,0.99998355,1.1599632,1,1,2,0.92046132,1.1738405,1.4276185,1.7251716,0.62756389,0.88338929,1.1775919,1.1670159,1,1,2,0.94713889,9.4772211e-05,6.1988831e-06,0.00012886524,0.00064146519,-0.0099287033,0.03325057,0.08308661,0.0086015463,0.07255131,0.14661014,0.021364627,0,0.12500016,0.37499994,0.0049454471,0.0038682222,0.035632193,0.067073524,0.99998296,0.99998296,0.99998296,0.0021452028,0.0044290666,0.0083215404,0.0019451137,0.0018942521,0.002782939,0.0035050488,0.34580331,0.50074104,0.44247969,0.0085807294,0.017702952,0.033509508,0.0076201968,0.011244366,0.014172343,1.2615551,1.1740627,1.4274211,1.7238078,-0.0028825402,0.047773123,0.097234547,0.70945169,0.62852168,0.88008898,1.177532,985,,,,,,,,,,,,,,,,,,,,,,,,,,,,,,,,,,,,,,,,,,,,,,,,,,,,,,,,,,,,,,,0.072605237,0.080066779,0.29544641,0.20607826
frozen_rkl_s312,token_role_x_rkl_entropy,non_object_token,,,lowRKL,,lowEnt,,,326193,0.56880073,0,,,,0.015233313,0.0024277988,,0.095518697,,0.23065044,,0.00033166439,,0.0040261206,,0.00095119723,,0.00079398485,,-0.0015561855,,0.99359275,0.91614734,,0.75751779,0.18405361,0.0068916255,0.044541115,0.0069958583,0.9047619,1,1,0.99985856,0.99999821,0.99999994,1,1.0134859,1,1,1,0.99367859,0.1046994,0.41955456,0.68550065,0.018201234,0.11127928,0.26868509,1.0142554,1,1,1,0.99586135,4.4803123e-06,5.9604645e-08,1.2516975e-06,1.8715858e-05,-1.0743737e-05,0.0049766935,0.044339871,7.1525415e-07,0.0027143359,0.023395112,0.047084279,7.6368451e-08,0.25000004,0.50000006,2.6925054e-05,6.5565109e-07,0.002491951,0.020052183,0.99998774,0.99998161,0.99998774,0.00010762373,0.00076444703,0.002152418,0.00059948164,0.00012927789,0.00086085673,0.0019475692,0.75751779,0.001355026,0.015233313,0.00042893449,0.0030766623,0.0085877173,0.0005270422,0.0034936741,0.0079041637,0.2314723,0.10455097,0.41979465,0.68559382,0,0.001963531,0.022237423,0.095850362,0.018206971,0.11163481,0.27125822,985,,,,,,,,,,,,,,,,,,,,,,,,,,,,,,,,,,,,,,,,,,,,,,,,,,,,,,,,,,,,,,,0.0069958583,0.0068916255,0.18405361,0.044541115
frozen_rkl_s312,token_role_x_rkl_entropy,unknown_object,,,highRKL,,highEnt,,,4,6.9750207e-06,0,,,,1,0.10585427,,0.84093198,,1.2877262,,-0.16985533,,0.060749896,,0.016223614,,0.26772197,,-0.197115,,0.75,0.82359307,,0,0.5,0.25,0,0.25,0.86147186,0.9047619,0.9047619,0.99745251,0.9987143,0.999495,0.99978741,1.25,1,1.25,1.7,0.75,1.2348532,1.3396707,1.5254186,0.74078962,0.95940895,1.1636586,1.5,1.5,2,2,0.5,0.0041396618,7.4833632e-05,0.0042345673,0.011599833,-0.10728317,-0.036433458,-0.016600347,0.27926446,0.29585527,0.30692279,0.28124999,0.43750001,0.53125001,0.58749999,0.087221548,0.10153441,0.13007024,0.15539882,1,1,1,0.015274247,0.020392965,0.02321959,0.023445803,0.023505137,0.036852546,0.039878601,,1,1,0.058132924,0.07463613,0.083817314,0.098431706,0.16409507,0.19030276,1.1273633,1.1318421,1.2813105,1.2948244,-0.18671721,0.0055314153,0.067826658,0.67107665,0.58779617,0.87643631,1.1130233,3,,,,,,,,,,,,,,,,,,,,,,,,,,,,,,,,,,,,,,,,,,,,,,,,,,,,,,,,,,,,,,,0.25,0.25,0.5,
frozen_rkl_s312,token_role_x_rkl_entropy,unknown_object,,,highRKL,,lowEnt,,,1,1.7437552e-06,0,,,,0,0.063054584,,0.034657173,,0.19966188,,0.10300229,,0.0022308463,,0.00061640551,,0.00034769624,,-0.003077805,,1,1,,1,0,0,0,0,1,1,1,0.99999857,0.99999857,0.99999857,0.99999857,1,1,1,1,1,0.19966188,0.19966188,0.19966188,0.034657173,0.034657173,0.034657173,1,1,1,1,1,-2.3841858e-07,-2.3841858e-07,-2.3841858e-07,-2.3841858e-07,-0.003077805,-0.003077805,-0.003077805,0.00034769624,0.00034769624,0.00034769624,8.1956387e-08,8.1956387e-08,8.1956387e-08,8.1956387e-08,0.00033587217,0.00033587217,0.00033587217,0.00033587217,1,1,1,0.00061640551,0.00061640551,0.00061640551,0.018986907,0.018986907,0.018986907,0.018986907,1,0,0,0.0022308463,0.0022308463,0.0022308463,0.063054584,0.063054584,0.063054584,0.55379021,0.55379021,0.55379021,0.55379021,0.10300229,0.10300229,0.10300229,0.13765946,0.13765946,0.13765946,0.13765946,1,,,,,,,,,,,,,,,,,,,,,,,,,,,,,,,,,,,,,,,,,,,,,,,,,,,,,,,,,,,,,,,,,,
frozen_rkl_s312,token_role_x_rkl_entropy,unknown_object,,,lowRKL,,lowEnt,,,5,8.7187759e-06,0,,,,0,0.0017693365,,0.031383543,,0.13495491,,0.005358895,,0.0012047657,,0.0003180907,,0.00038573499,,-0.006814595,,1,0.93333333,,1,0,0,0,0,1,1,1,0.99994781,0.99999917,0.99999982,0.99999993,1,1,1,1,1,0.047840934,0.10198709,0.34517681,0.0076597077,0.016851099,0.084813044,1,1,1,1,1,-1.8358231e-06,-5.9604645e-08,5.9604645e-08,1.3113022e-07,-0.0025018016,-0.00044475993,-0.00026575973,0.00034943223,0.00039962132,0.0014021446,0.24999997,0.25000003,0.49999959,0.72499991,0.00037753582,0.00030690432,0.00039881468,0.0013936281,1,1,1,0.00020158406,0.00024111316,0.00077335072,0.00045663578,0.00033643446,0.00071565958,0.00098790666,1,0,0,0.00077180337,0.0009353697,0.0029199157,0.0015459338,0.0027857705,0.0036662163,0.14783477,0.030537639,0.14284873,0.38825408,-2.9204384e-05,0.010895789,0.016251177,0.036742438,0.0043516704,0.027746888,0.10106422,2,,,,,,,,,,,,,,,,,,,,,,,,,,,,,,,,,,,,,,,,,,,,,,,,,,,,,,,,,,,,,,,,,,
frozen_rkl_s312,token_role_x_rkl_entropy,unknown_token,,,highRKL,,highEnt,,,857,0.0014943982,0,,,,0.98599767,0.14359748,,0.93499886,,1.5020021,,-0.021389021,,0.084120762,,0.019835783,,0.053397101,,-0.042491544,,0.80630105,0.87548681,,0.17736289,0.33838973,0.19486581,0.20070012,0.088681447,0.9047619,0.9047619,1,0.988363,0.99804872,0.99972761,0.99996973,1.3045508,1,1,2,0.81796966,1.3912876,1.7664218,2.1866323,0.78619963,1.1538899,1.6131668,1.3512252,1,1,2,0.76429405,0.0027905362,6.8247318e-05,0.0010418892,0.0043438077,-0.033162355,0.053446054,0.14926803,0.029686749,0.18227279,0.41428473,0.073949828,0,0.25000009,0.74999994,0.016850823,0.0097390711,0.069614291,0.13585829,1,1,1,0.0088437255,0.018746378,0.046619958,0.029449999,0.014484888,0.03154311,0.064458628,0.17736289,1,0.98599767,0.035647113,0.074620143,0.18968138,0.061825417,0.13084139,0.27648708,1.4600402,1.3723145,1.7284269,2.1813519,-0.040167928,0.17223644,0.37299994,0.91360984,0.77050644,1.1364594,1.6856675,8,,,,,,,,,,,,,,,,,,,,,,,,,,,,,,,,,,,,,,,,,,,,,,,,,,,,,,,,,,,,,,,0.088681447,0.19486581,0.33838973,0.20070012
frozen_rkl_s312,token_role_x_rkl_entropy,unknown_token,,,highRKL,,lowEnt,,,497,0.00086664632,0,,,,0.50905433,0.11551717,,0.36694616,,0.57310605,,-0.010322756,,0.075846864,,0.014444646,,0.032094249,,0.011822954,,0.94366197,0.87750741,,0.277666,0.40040241,0.056338028,0.20321932,0.062374245,0.9047619,0.9047619,1,0.99924015,0.99996233,0.99999654,0.99999973,1.1086519,1,1,1,0.92152918,0.62712902,0.75242609,0.83036039,0.20154294,0.34426743,0.7233875,1.1207243,1,1,1,0.89939638,-8.3571229e-05,9.5367432e-07,2.4318695e-05,0.00020276308,-0.0010665059,0.094092965,0.21430119,0.0066123419,0.07009232,0.17682673,0.013833003,0,0.49999999,1,-0.0062698121,0.00025296211,0.046547234,0.099304771,1,1,1,0.0042116097,0.010604184,0.027950859,0.024328126,0.010558813,0.019338964,0.047354199,0.277666,0.50301811,0.50905433,0.017530002,0.043483716,0.1213593,0.044117734,0.082609482,0.19124692,0.6122843,0.59923005,0.79696232,0.95486915,-0.00072622299,0.12374816,0.26896356,0.35662341,0.20659347,0.40369862,0.79931818,8,,,,,,,,,,,,,,,,,,,,,,,,,,,,,,,,,,,,,,,,,,,,,,,,,,,,,,,,,,,,,,,0.062374245,0.056338028,0.40040241,0.20321932
frozen_rkl_s312,token_role_x_rkl_entropy,unknown_token,,,lowRKL,,highEnt,,,377,0.0006573957,0,,,,0.45092838,0.0079508095,,0.6784639,,1.2455334,,0.0072455524,,0.018187697,,0.0043846642,,0.0042105945,,-0.014371135,,0.91511936,0.92393803,,0.33952255,0.26790451,0.084880637,0.24137931,0.066312997,0.9047619,1,1,0.99655482,0.9995141,0.99991357,0.99998804,1.137931,1,1,2,0.91777188,1.1462492,1.4007697,1.6898205,0.62642074,0.82630551,1.0904428,1.1220159,1,1,2,0.933687,0.00014763802,9.7751617e-06,0.00014603138,0.00088526011,-0.003596127,0.03080225,0.071405697,0.00073319674,0.074095845,0.14802079,0.026193633,0,0.24999991,0.375,0.004168096,0.00027161837,0.034574986,0.069190359,1,1,1,0.0022417165,0.0046665436,0.0087303292,0.0019736304,0.0019496712,0.0028022227,0.0034280793,0.33952255,0.4933687,0.45092838,0.0088939182,0.018170986,0.033679061,0.0078232326,0.011092093,0.013914552,1.2470143,1.1503942,1.3904662,1.6982227,-0.00049245358,0.058227062,0.10394347,0.68570945,0.62421238,0.84307599,1.1012443,8,,,,,,,,,,,,,,,,,,,,,,,,,,,,,,,,,,,,,,,,,,,,,,,,,,,,,,,,,,,,,,,0.066312997,0.084880637,0.26790451,0.24137931
frozen_rkl_s312,token_role_x_rkl_entropy,unknown_token,,,lowRKL,,lowEnt,,,2610,0.004551201,0,,,,0.014942529,0.0022330437,,0.08361356,,0.18817937,,0.00086127587,,0.0046671219,,0.0010512703,,0.0020606195,,-0.0010229091,,0.99195402,0.9055892,,0.78773946,0.15862069,0.0088122605,0.037164751,0.0076628352,0.9047619,1,1,0.99987199,0.99999934,1,1,1.0141762,1,1,1,0.99157088,0.049587652,0.31302468,0.64880694,0.0076314928,0.077684242,0.23101566,1.0153257,1,1,1,0.99501916,1.6513455e-06,5.9604645e-08,7.7486038e-07,1.4132261e-05,-6.5246595e-06,0.0013583103,0.034526032,4.2561442e-07,0.0015969168,0.017508247,0.049999997,1.1920383e-07,0.25000012,0.50000036,-0.00015343941,3.8743019e-07,0.0015067756,0.015986097,1,1,1,4.7222427e-05,0.00060811771,0.0020279759,0.00054872232,7.143457e-05,0.0007376804,0.0019421232,0.78773946,0.00076628352,0.014942529,0.00018581504,0.0024176392,0.0080253444,0.00028503469,0.0029778894,0.0078164797,0.18883555,0.049475335,0.31595793,0.64766068,0,0.0010771956,0.01735877,0.084474836,0.0072137369,0.077979993,0.22654426,8,,,,,,,,,,,,,,,,,,,,,,,,,,,,,,,,,,,,,,,,,,,,,,,,,,,,,,,,,,,,,,,0.0076628352,0.0088122605,0.15862069,0.037164751
frozen_rkl_s312,token_role_x_teacher_stance_nll,correct_object,,,,highNLL,,teacher_neutral,,170,0.00029643838,170,0,,,0.25294118,0.0094529122,,0.71555001,,0.9940811,,-0.00074981118,,0.028981432,,0.0070657859,,0.010553949,,-0.025722351,,0.85294118,0.91099811,,0.3,0.33529412,0.14705882,0.12941176,0.088235294,0.9047619,1,1,0.9971081,0.999919,0.99999392,0.99999941,1.2647059,1,1,2,0.85294118,0.83468407,1.1801944,1.5917594,0.65646094,0.82443953,0.99994586,1.2117647,1,1,2,0.98823529,0.00069307089,1.9967556e-06,3.9428473e-05,0.0007053256,-0.013120592,0.014610097,0.056390768,0.00086320937,0.11048435,0.20265431,0.10147059,2.9802322e-08,0.25,0.5,0.024467376,0.0079220831,0.061309621,0.11361368,1,1,1,0.0022286611,0.0076584811,0.014687504,0.0022530852,0.00021047679,0.0016398927,0.0076845653,0.3,0.24705882,0.25294118,0.008909191,0.030414822,0.060986285,0.00087438792,0.0070043574,0.030142047,0.98910898,0.83029342,1.1658471,1.4842057,-8.5234642e-05,0.0014336556,0.003159678,0.71480019,0.65107727,0.82414286,0.99831929,151,,,,,,,,,,,,,,,,,,,,,,,,,,,,,,,,,,,,,,,,,,,,,,,,,,,,,,,,,,,,,,,0.088235294,0.14705882,0.33529412,0.12941176
frozen_rkl_s312,token_role_x_teacher_stance_nll,correct_object,,,,lowNLL,,teacher_neutral,,7916,0.013803566,7916,0,,,0.00176857,0.00070410572,,0.016375614,,0.063042102,,-0.00034482019,,0.0013438578,,0.00031356988,,7.8981258e-05,,-0.0020214049,,0.99987367,0.90590416,,0.90588681,0.086028297,0.00025265285,0.0078322385,0,0.9047619,1,1,0.99990693,0.99999976,1,1,1,1,1,1,0.99987367,0.0047492802,0.051398465,0.17769392,0.00050674949,0.0078045554,0.035039622,1,1,1,1,1,1.214535e-05,0,4.7683716e-07,8.7022781e-06,-1.9976105e-06,0.00010426529,0.0079846699,1.1920927e-07,0.00025127555,0.0034326687,0.090962923,0.12499928,0.3749998,0.62500024,0.00019324378,1.1920929e-07,0.00025005639,0.0033868849,1,1,1,5.823827e-06,0.00010478433,0.00053683366,0.00015976181,6.2880099e-06,9.4904961e-05,0.00034133435,0.90588681,0.0042950985,0.00176857,2.2983131e-05,0.00041953739,0.0021029364,2.6231401e-05,0.00038803108,0.001445643,0.061329616,0.0044472285,0.049375298,0.17350142,0,2.2511098e-05,0.0010912474,0.016030794,0.00046194848,0.0072567275,0.032300066,954,,,,,,,,,,,,,,,,,,,,,,,,,,,,,,,,,,,,,,,,,,,,,,,,,,,,,,,,,,,,,,,,0.00025265285,0.086028297,0.0078322385
frozen_rkl_s312,token_role_x_teacher_stance_nll,correct_object,,,,highNLL,,teacher_rejects,,1259,0.0021953878,1259,0,,,0.85305798,0.092113474,,0.9094159,,1.3498287,,0.30989967,,0.063196139,,0.015144217,,-0.084446593,,-0.0044733931,,0.81969817,0.88919239,,0.22081017,0.23431295,0.18109611,0.28752979,0.076250993,0.9047619,0.9047619,1,0.98871551,0.99915588,0.99990961,0.99999294,1.4352661,1,2,2,0.77680699,1.2499962,1.631716,2.0967232,0.71268702,1.0068578,1.5166135,1.319301,1,1,2,0.77442415,6.8591027e-06,9.1195107e-06,0.00027629733,0.0020083308,-0.0017162561,0.05540657,0.15291977,-0.037627757,0.062757373,0.19992145,0.00099285105,0,0.24999994,0.50000003,-0.0014431998,-0.0012436509,0.043459237,0.10147059,1,1,0.99920572,0.0059068054,0.01591212,0.037039709,0.020828492,0.0085963123,0.021748767,0.048989777,0.22081017,0.80540111,0.85305798,0.023907993,0.063617237,0.15490023,0.034417227,0.086581286,0.19847498,1.3778322,1.2886763,1.6787207,2.1553373,0.15963387,0.34536758,0.71794555,1.2193156,0.9521662,1.3819051,2.0759343,651,,,,,,,,,,,,,,,,,,,,,,,,,,,,,,,,,,,,,,,,,,,,,,,,,,,,,,,,,,,,,,,0.076250993,0.18109611,0.23431295,0.28752979
frozen_rkl_s312,token_role_x_teacher_stance_nll,correct_object,,,,lowNLL,,teacher_rejects,,2701,0.0047098827,2701,0,,,0.16771566,0.044562928,,0.13701947,,0.448104,,0.094240075,,0.028020485,,0.0058066687,,-0.038574851,,0.049847841,,0.99259534,0.88455459,,0.5579415,0.19622362,0.0081451314,0.23768974,0,0.9047619,0.9047619,1,0.99872218,0.9999404,0.99999547,0.99999952,1.006294,1,1,1,0.97926694,0.40007865,0.65283132,0.86486262,0.10467218,0.21751499,0.31804088,1,1,1,1,0.97778601,-4.7420295e-05,2.3841858e-07,1.8775463e-05,0.00016653538,0.027124375,0.097744733,0.19314611,-0.0092687588,0.0037371702,0.032035261,-0.24634394,-0.24999988,0.12499987,0.375,-0.025080372,-0.0083616972,0.0035558343,0.027026892,1,1,1,0.0015953272,0.0049207872,0.012860222,0.010873712,0.00282931,0.0083033498,0.022337468,0.5579415,0.18437616,0.16771566,0.0065977341,0.021231871,0.057008903,0.010549348,0.031144079,0.082300186,0.57116091,0.53505367,0.7840566,1.0275785,0.03632772,0.089818388,0.19260718,0.23125955,0.16320089,0.31821668,0.4693948,869,,,,,,,,,,,,,,,,,,,,,,,,,,,,,,,,,,,,,,,,,,,,,,,,,,,,,,,,,,,,,,,,0.0081451314,0.19622362,0.23768974
frozen_rkl_s312,token_role_x_teacher_stance_nll,correct_object,,,,highNLL,,teacher_supports,,1833,0.0031963032,1833,0,,,0.90125477,0.13405736,,1.0750157,,1.2845725,,-0.33538311,,0.088225475,,0.021507756,,0.22397571,,-0.067566085,,0.78341517,0.87539616,,0.13966176,0.42007638,0.21658483,0.070921986,0.15275505,0.9047619,0.9047619,1,0.99166532,0.99941689,0.99994677,0.99999541,1.3355155,1,1,2,0.85051828,1.1886721,1.5293088,2.0077477,0.83398968,1.2327955,1.8815097,1.5886525,1,2,2,0.77032188,0.001937285,2.4855137e-05,0.00046974421,0.0033946991,-0.047969341,0.017966211,0.11349418,0.14813745,0.32369715,0.62097758,0.17894163,0.125,0.49999999,0.87500002,0.040338489,0.034916997,0.10588515,0.18142251,1,0.99945445,1,0.0086804088,0.023156511,0.05234644,0.026558765,0.011305377,0.029299088,0.064219861,0.13966176,0.83742499,0.90125477,0.034545034,0.090957493,0.21180778,0.046808586,0.12471424,0.28701934,1.1954202,1.0997608,1.4404105,1.8905102,-0.20198023,-0.093901992,-0.045669568,0.73963255,0.59051824,0.89388973,1.3842107,761,,,,,,,,,,,,,,,,,,,,,,,,,,,,,,,,,,,,,,,,,,,,,,,,,,,,,,,,,,,,,,,0.15275505,0.21658483,0.42007638,0.070921986
frozen_rkl_s312,token_role_x_teacher_stance_nll,correct_object,,,,lowNLL,,teacher_supports,,2166,0.0037769737,2166,0,,,0.20267775,0.034163512,,0.17131534,,0.53290359,,-0.05455397,,0.01928887,,0.0051312478,,0.030309383,,-0.077424983,,0.99722992,0.88751558,,0.27562327,0.66620499,0.0041551247,0.052631579,0.0013850416,0.9047619,0.9047619,1,0.9989331,0.9999319,0.99999307,0.99999928,1.001385,1,1,1,0.99722992,0.50892106,0.69953217,0.91321784,0.15277589,0.25453141,0.34415092,1,1,1,1,1,0.00023800685,9.6559525e-06,0.00010596216,0.00061389804,-0.063189812,-0.011235278,0.046440095,0.022884987,0.058208618,0.10935421,0.34741459,0.25000004,0.625,1,0.026596773,0.020704657,0.049289346,0.086531281,1,1,1,0.0021274097,0.005374085,0.012694596,0.0061056346,0.0026677062,0.006512331,0.014423515,0.27562327,0.22299169,0.20267775,0.0081022438,0.020027922,0.04789684,0.01213275,0.030879914,0.07194218,0.41145656,0.37723178,0.57055721,0.77520484,-0.035360465,-0.018652269,-0.011959706,0.11676137,0.095681742,0.17575827,0.25258835,813,,,,,,,,,,,,,,,,,,,,,,,,,,,,,,,,,,,,,,,,,,,,,,,,,,,,,,,,,,,,,,,0.0013850416,0.0041551247,0.66620499,0.052631579
frozen_rkl_s312,token_role_x_teacher_stance_nll,hallucinated_object,,,,highNLL,,teacher_neutral,,33,5.7543921e-05,33,1,,,0.33333333,0.015918248,,0.74246854,,1.1467483,,1.0361274e-05,,0.034207353,,0.0084372941,,0.01211575,,0.0026454907,,0.84848485,0.90472768,,0.51515152,0.21212121,0.15151515,0.12121212,0,0.9047619,1,1,0.99366648,0.99968398,0.99999821,0.99999981,1.2121212,1,1,2,0.78787879,0.98898166,1.5144528,1.8717834,0.57995021,0.69581974,1.1152254,1.1212121,1,1,1,0.93939394,-0.00047325727,2.3841858e-07,3.9935112e-06,0.00018849373,-0.0021765232,0.018164158,0.055676627,-0.0038252473,0.013474494,0.16879309,-0.026515155,0,0.12499991,0.35000001,-0.0013890397,0.00014638901,0.021102011,0.084243685,1,1,1,0.0019597991,0.0049747191,0.01582318,0.0037166632,0.00033930701,0.0034487103,0.0067596134,0.51515152,0.33333333,0.33333333,0.0077795964,0.019913433,0.061691488,0.0012252356,0.013156828,0.027788018,1.1691065,1.0084016,1.3745102,2.0260717,6.6518784e-05,0.0011875629,0.0047992468,0.74247891,0.58035582,0.69316065,1.1119143,32,,,,,,,,,,,,,,,,,,,,,,,,,,,,,,,,,,,,,,,,,,,,,,,,,,,,,,,,,,,,,,,,0.15151515,0.21212121,0.12121212
frozen_rkl_s312,token_role_x_teacher_stance_nll,hallucinated_object,,,,lowNLL,,teacher_neutral,,1077,0.0018780243,1077,1,,,0.0046425255,0.00118381,,0.022317581,,0.088146323,,-0.00051015137,,0.002595808,,0.00059781432,,-0.0013486189,,0.00051797246,,0.99907149,0.90620737,,0.8913649,0.092850511,0.00092850511,0.014856082,0,0.9047619,1,1,0.99977497,0.99999887,0.99999994,1,1.0009285,1,1,1,0.99907149,0.013476998,0.081070349,0.26231436,0.001552449,0.012825148,0.056220376,1,1,1,1,1,1.1615822e-05,5.9604645e-08,1.1920929e-06,1.7106533e-05,-7.5168318e-06,0.00087179709,0.013356558,3.5762741e-07,0.0004541371,0.0039840665,0.066039915,3.1595118e-07,0.25000036,0.6249994,-0.00073797905,3.5762787e-07,0.00045347214,0.0039086103,1,1,1,1.8068524e-05,0.00016811519,0.00071269507,0.00026082574,1.852684e-05,0.00014717686,0.00047950519,0.8913649,0.0064995357,0.0046425255,7.6943645e-05,0.00067515078,0.0028752465,7.5062388e-05,0.00065323617,0.0020190995,0.085600468,0.013374575,0.075651757,0.24880829,-3.576273e-07,5.6818186e-05,0.0012559519,0.02180743,0.001543046,0.011898262,0.052635333,396,,,,,,,,,,,,,,,,,,,,,,,,,,,,,,,,,,,,,,,,,,,,,,,,,,,,,,,,,,,,,,,,0.00092850511,0.092850511,0.014856082
frozen_rkl_s312,token_role_x_teacher_stance_nll,hallucinated_object,,,,highNLL,,teacher_rejects,,381,0.00066437072,381,1,,,0.91338583,0.14353903,,1.0572969,,1.4746937,,0.43700976,,0.088743742,,0.020663742,,-0.12596172,,0.023154231,,0.80314961,0.86511921,,0.13648294,0.24934383,0.20209974,0.33333333,0.078740157,0.9047619,0.9047619,1,0.98322974,0.99791515,0.99969608,0.99995685,1.7559055,1,2,3,0.73753281,1.383788,1.6954679,2.3246436,0.82322013,1.247088,1.8681127,1.6036745,1,2,2,0.73753281,0.00021054707,1.8656254e-05,0.00061887503,0.0038838983,0.006333828,0.092916012,0.25004578,-0.075062692,0.081160069,0.25687695,-0.021325459,0,0.25,0.50000003,-0.010228465,-0.004620105,0.049367487,0.10398874,0.99737533,0.99737533,0.98950131,0.0082558421,0.022482399,0.048842844,0.030439735,0.011404589,0.031224009,0.07235314,0.13648294,0.88713911,0.91338583,0.032364339,0.093927495,0.19802612,0.045202665,0.13492611,0.33142751,1.5016619,1.4093099,1.8019772,2.370374,0.21932614,0.48802948,1.0059639,1.4943067,1.1340861,1.7212846,2.6624594,270,,,,,,,,,,,,,,,,,,,,,,,,,,,,,,,,,,,,,,,,,,,,,,,,,,,,,,,,,,,,,,,0.078740157,0.20209974,0.24934383,0.33333333
frozen_rkl_s312,token_role_x_teacher_stance_nll,hallucinated_object,,,,lowNLL,,teacher_rejects,,528,0.00092070273,528,1,,,0.20075758,0.059754208,,0.14988293,,0.48821913,,0.11613239,,0.037327123,,0.0074444257,,-0.052870358,,0.084568887,,0.99242424,0.88733702,,0.53787879,0.13825758,0.009469697,0.31439394,0,0.9047619,0.9047619,1,0.99750494,0.99990392,0.99999066,0.99999902,1.0056818,1,1,1,0.97159091,0.464193,0.68206191,0.87669452,0.12525032,0.23518454,0.32533804,1,1,1,1,0.97537879,-0.00099033908,5.9604645e-08,9.2387199e-06,0.00011466146,0.04255037,0.11990358,0.25721312,-0.019439578,4.1107181e-05,0.026765858,-0.3264678,-0.24999999,0,0.25000005,-0.037298616,-0.016562849,3.9428473e-05,0.022677803,1,1,1,0.0017998632,0.0067759909,0.020061209,0.014602789,0.0032175428,0.0095581631,0.030159719,0.53787879,0.22159091,0.20075758,0.0074372725,0.028119864,0.095133158,0.011799444,0.035598816,0.11459856,0.63333699,0.61037016,0.84543842,1.0991979,0.044045459,0.11976233,0.26199871,0.26601532,0.2002141,0.36392718,0.53135822,331,,,,,,,,,,,,,,,,,,,,,,,,,,,,,,,,,,,,,,,,,,,,,,,,,,,,,,,,,,,,,,,,0.009469697,0.13825758,0.31439394
frozen_rkl_s312,token_role_x_teacher_stance_nll,hallucinated_object,,,,highNLL,,teacher_supports,,525,0.00091547147,525,1,,,0.92380952,0.15329238,,1.3171477,,1.4243093,,-0.37688723,,0.10436633,,0.023657618,,0.19824291,,-0.035138644,,0.80190476,0.87415404,,0.13904762,0.3752381,0.2,0.12,0.16571429,0.9047619,0.9047619,1,0.98850646,0.99819446,0.9998275,0.99998758,1.8057143,1,2,2,0.80571429,1.3630517,1.7650995,2.1805537,0.9516688,1.4900981,2.5772688,2.0209524,1,2,3,0.77333333,0.0019773666,4.4822693e-05,0.00085639954,0.0054157257,-0.032842994,0.054795265,0.1603282,0.11916417,0.33608776,0.66680717,0.085238093,5.9604645e-08,0.375,0.8749999,0.02072794,0.015616745,0.084460258,0.16986786,0.99619048,0.99238095,0.99428571,0.010642258,0.024984691,0.051930708,0.031625732,0.013102414,0.033997592,0.072830898,0.13904762,0.87619048,0.92380952,0.042030312,0.095022179,0.21071715,0.056386217,0.1462355,0.32058499,1.350718,1.268034,1.6466427,2.0854168,-0.20462048,-0.10554111,-0.047081292,0.94026051,0.69777203,1.0695684,1.6764045,339,,,,,,,,,,,,,,,,,,,,,,,,,,,,,,,,,,,,,,,,,,,,,,,,,,,,,,,,,,,,,,,0.16571429,0.2,0.3752381,0.12
frozen_rkl_s312,token_role_x_teacher_stance_nll,hallucinated_object,,,,lowNLL,,teacher_supports,,406,0.0007079646,406,1,,,0.24137931,0.030376391,,0.18047241,,0.58269832,,-0.055879732,,0.024913191,,0.006096846,,0.01773928,,-0.055646555,,1,0.89572579,,0.28078818,0.61576355,0,0.10344828,0,0.9047619,1,1,0.99816176,0.99988601,0.99998671,0.99999809,1,1,1,1,1,0.55444854,0.79948109,0.99503377,0.16069447,0.2720302,0.34935015,1,1,1,1,1,-0.00023747826,7.4803829e-06,0.00010217726,0.00090259314,-0.055224866,0.007099092,0.093006924,0.019579127,0.061744086,0.1113655,0.26139163,0.24999999,0.50000018,0.87500001,0.017558932,0.017531157,0.051014587,0.089797914,1,1,1,0.0022845406,0.0069217624,0.015696909,0.0061436,0.0029365983,0.0071660797,0.017071458,0.28078818,0.29802956,0.24137931,0.0088562313,0.025627139,0.058416225,0.012924782,0.034575113,0.085030481,0.45339916,0.4133811,0.62134653,0.85105175,-0.035446778,-0.019234797,-0.01204678,0.12459268,0.1013441,0.1813234,0.26246043,274,,,,,,,,,,,,,,,,,,,,,,,,,,,,,,,,,,,,,,,,,,,,,,,,,,,,,,,,,,,,,,,,,0.61576355,0.10344828
frozen_rkl_s312,token_role_x_teacher_stance_nll,non_object_token,,,,highNLL,,teacher_neutral,,9758,0.017015563,0,,,,0.24964132,0.010284729,,0.73661257,,1.0803446,,-0.0010515606,,0.017867617,,0.004390293,,0.014229023,,-0.012342354,,0.88737446,0.92151684,,0.3758967,0.24759172,0.1128305,0.17093667,0.092744415,0.9047619,1,1,0.99696828,0.99993506,0.99999523,0.99999964,1.1928674,1,1,2,0.88645214,0.95566359,1.3010053,1.6833686,0.63853878,0.83476749,1.1346703,1.1956344,1,1,2,0.9733552,0.00017345641,4.7683716e-07,2.5495887e-05,0.00035732388,-0.004673779,0.015909061,0.054419106,0.0010447055,0.08713486,0.1587589,0.034574196,0,0.24999997,0.25000009,0.0082604743,0.00059616566,0.04352358,0.064344585,1,0.99989752,1,0.0019239755,0.0043482326,0.010030033,0.0024368261,0.00022701526,0.0017346602,0.0063289343,0.3758967,0.26470588,0.24964132,0.0076865456,0.017448397,0.0402741,0.00093935145,0.0070838849,0.025569366,1.0773383,0.95373619,1.299758,1.6768746,-0.0001437813,0.00093119591,0.0032726109,0.73556101,0.6370829,0.83402438,1.1348172,984,,,,,,,,,,,,,,,,,,,,,,,,,,,,,,,,,,,,,,,,,,,,,,,,,,,,,,,,,,,,,,,0.092744415,0.1128305,0.24759172,0.17093667
frozen_rkl_s312,token_role_x_teacher_stance_nll,non_object_token,,,,lowNLL,,teacher_neutral,,208549,0.3636584,0,,,,0.002253667,0.00078399012,,0.028287236,,0.10092879,,-0.00040491982,,0.001501714,,0.00034682619,,-6.9985045e-05,,-0.0017029665,,0.99992807,0.91676455,,0.88524999,0.10052793,0.00072405046,0.013445281,5.2745398e-05,0.9047619,1,1,0.99990237,0.9999997,1,1,1.000048,1,1,1,0.99992807,0.014411012,0.10225285,0.34073206,0.0017940393,0.017856553,0.081260225,1,1,1,1,1,5.0121519e-06,0,3.5762787e-07,5.9008598e-06,-6.9769849e-06,0.00035905304,0.012957418,4.7683579e-07,0.00050052349,0.005058413,0.071816755,2.6379712e-07,0.25000015,0.50000026,0.00010410294,4.7683716e-07,0.00049346685,0.0048913717,1,1,1,1.2447174e-05,0.00015647602,0.00071159988,0.00017971855,1.1940516e-05,0.00011718303,0.00036932072,0.88524999,0.0044545886,0.002253667,4.9524489e-05,0.00062055647,0.0028366631,4.8710412e-05,0.00047453828,0.0015437406,0.099200661,0.014083335,0.098153286,0.33624991,-1.1920918e-07,6.5786779e-05,0.0015814031,0.027882316,0.0017270425,0.016791318,0.080208208,985,,,,,,,,,,,,,,,,,,,,,,,,,,,,,,,,,,,,,,,,,,,,,,,,,,,,,,,,,,,,,,,5.2745398e-05,0.00072405046,0.10052793,0.013445281
frozen_rkl_s312,token_role_x_teacher_stance_nll,non_object_token,,,,highNLL,,teacher_rejects,,68084,0.11872183,0,,,,0.82301275,0.073886114,,0.90109072,,1.3961718,,0.2395311,,0.0470058,,0.011114362,,-0.077887569,,0.0055594185,,0.83913989,0.89908327,,0.23785324,0.21320721,0.16175607,0.32022208,0.066961401,0.9047619,1,1,0.99160008,0.99911904,0.99990952,0.9999907,1.4517214,1,2,2,0.80099583,1.3227046,1.6604824,2.0324762,0.74465692,1.0523746,1.4705981,1.3239087,1,1,2,0.78705716,0.00030286633,3.9935112e-06,0.00021757185,0.0015902281,0.0033587217,0.058443189,0.13601806,-0.046195179,0.044968307,0.15497752,-0.021949908,0,0.12500012,0.37500006,-0.0062825375,-0.0061260462,0.033132359,0.082402924,0.99922155,0.9995153,0.99838435,0.0046861933,0.011317971,0.025469175,0.016549545,0.0066436552,0.016584517,0.037987863,0.23785324,0.7892897,0.82301275,0.018882835,0.04589745,0.10448039,0.026459916,0.066583481,0.15497905,1.4264912,1.3617662,1.7118828,2.0909487,0.13178292,0.27071315,0.51411043,1.1406218,0.93334919,1.3186399,1.8799043,985,,,,,,,,,,,,,,,,,,,,,,,,,,,,,,,,,,,,,,,,,,,,,,,,,,,,,,,,,,,,,,,0.066961401,0.16175607,0.21320721,0.32022208
frozen_rkl_s312,token_role_x_teacher_stance_nll,non_object_token,,,,lowNLL,,teacher_rejects,,97837,0.17060378,0,,,,0.16942466,0.034906896,,0.16464749,,0.52396724,,0.082977167,,0.023636827,,0.0049623397,,-0.038663195,,0.05017912,,0.99362204,0.90209981,,0.58051657,0.16262764,0.0072467471,0.24914909,0.00045994869,0.9047619,1,1,0.9988947,0.99994802,0.99999547,0.99999964,1.0064699,1,1,1,0.98478081,0.50276923,0.73637855,0.94719379,0.14122277,0.25780299,0.34794183,1,1,1,1,0.98589491,-6.5626795e-05,5.9604645e-08,9.0003014e-06,0.00011225939,0.031390786,0.0888623,0.17686646,-0.012481304,0.0016825199,0.025704163,-0.21612606,-0.24999973,7.0780516e-08,0.25000003,-0.025439131,-0.011170805,0.0015189648,0.021531045,0.99997956,1,0.99993867,0.0013431731,0.0039859922,0.010531615,0.0088277399,0.0021860162,0.0066252211,0.017683974,0.58051657,0.20375727,0.16942466,0.0055099912,0.016782332,0.046338037,0.0082386248,0.024821509,0.065660174,0.63657221,0.61302882,0.85679072,1.1024057,0.037700295,0.086269855,0.1780852,0.24762466,0.20153691,0.35388657,0.47737371,985,,,,,,,,,,,,,,,,,,,,,,,,,,,,,,,,,,,,,,,,,,,,,,,,,,,,,,,,,,,,,,,0.00045994869,0.0072467471,0.16262764,0.24914909
frozen_rkl_s312,token_role_x_teacher_stance_nll,non_object_token,,,,highNLL,,teacher_supports,,88743,0.15474607,0,,,,0.86105946,0.093439316,,1.0525972,,1.363551,,-0.25579594,,0.060401189,,0.014485875,,0.16304883,,-0.044419674,,0.81808143,0.89460574,,0.17788445,0.38026661,0.18279752,0.092063599,0.16698782,0.9047619,1,1,0.99297298,0.99932218,0.99993432,0.99999416,1.375455,1,1,2,0.85835503,1.2934512,1.6387004,2.0169205,0.84769815,1.2457775,1.8005332,1.5658024,1,2,2,0.80176465,0.00087833924,1.3828278e-05,0.00035786629,0.0022512913,-0.030331612,0.023021162,0.096116757,0.10603851,0.24509245,0.47000189,0.11213913,0.12499994,0.37499994,0.625,0.026496293,0.023857474,0.072513863,0.13281217,0.99942531,0.99909852,0.99966195,0.0060900208,0.015054288,0.033474267,0.01967635,0.0076412568,0.019696843,0.046083082,0.17788445,0.81288665,0.86105946,0.024174072,0.059864428,0.13478903,0.031216294,0.083526984,0.20125489,1.2933909,1.2157793,1.564339,1.945966,-0.1508615,-0.076073468,-0.035712171,0.79680124,0.65488547,0.97412151,1.3889868,985,,,,,,,,,,,,,,,,,,,,,,,,,,,,,,,,,,,,,,,,,,,,,,,,,,,,,,,,,,,,,,,0.16698782,0.18279752,0.38026661,0.092063599
frozen_rkl_s312,token_role_x_teacher_stance_nll,non_object_token,,,,lowNLL,,teacher_supports,,77158,0.13454466,0,,,,0.1824179,0.023479471,,0.1905116,,0.58151278,,-0.050431613,,0.015375133,,0.0039602889,,0.024579733,,-0.059755643,,0.9988854,0.90373508,,0.31408279,0.62054486,0.0015941315,0.062261852,0.001516369,0.9047619,1,1,0.99918391,0.99995357,0.99999577,0.99999964,1.0009072,1,1,1,0.9988854,0.56431377,0.76836739,0.96017424,0.17409795,0.28317703,0.36140798,1,1,1,1,1,0.00015619735,2.682209e-06,4.9054623e-05,0.0003503561,-0.051806718,-0.0018949509,0.049490656,0.02033342,0.051527509,0.094126631,0.2524317,0.24999994,0.49999996,0.75000006,0.021513994,0.018070817,0.042877138,0.075445473,1,1,1,0.0016127878,0.0042021747,0.0093759094,0.004669422,0.0020629009,0.0051460392,0.011185929,0.31408279,0.21722958,0.1824179,0.0062599962,0.016051528,0.035331172,0.0089836856,0.023041092,0.053052738,0.47609073,0.45146632,0.65337594,0.8390485,-0.034748137,-0.018423871,-0.012004568,0.14007999,0.12270632,0.20873727,0.28400989,985,,,,,,,,,,,,,,,,,,,,,,,,,,,,,,,,,,,,,,,,,,,,,,,,,,,,,,,,,,,,,,,0.001516369,0.0015941315,0.62054486,0.062261852
frozen_rkl_s312,token_role_x_teacher_stance_nll,unknown_object,,,,lowNLL,,teacher_neutral,,3,5.2312655e-06,0,,,,0,0.00060257723,,0.0033152034,,0.021828062,,-0.001307583,,0.00028183741,,7.372152e-05,,0.00083771564,,-0.0043191718,,1,0.88888889,,1,0,0,0,0,1,1,1,0.99999966,0.99999982,0.99999991,0.99999996,1,1,1,1,1,0.016744457,0.032292696,0.041621639,0.0022063931,0.0049330504,0.0065690448,1,1,1,1,1,5.9604645e-08,5.9604645e-08,1.1920929e-07,1.5497208e-07,-0.0025018016,-0.0014732808,-0.00085616827,0.00039962132,0.0012350574,0.0017363191,0.54166658,0.49999959,0.68749985,0.80000001,0.00083287557,0.00039881468,0.0012278259,0.0017252326,1,1,1,1.46725e-05,0.00010812828,0.00016420175,0.00013270487,5.9166516e-05,0.00019780049,0.00028098087,1,0,0,5.6466495e-05,0.00041413493,0.000628736,0.00025000941,0.00089797159,0.0012867489,0.014822486,0.013334822,0.02193623,0.027097075,-0.00058550737,-0.00030735588,-0.00014046498,0.0020076204,0.0016208857,0.002986278,0.0038055134,2,,,,,,,,,,,,,,,,,,,,,,,,,,,,,,,,,,,,,,,,,,,,,,,,,,,,,,,,,,,,,,,,,,
frozen_rkl_s312,token_role_x_teacher_stance_nll,unknown_object,,,,highNLL,,teacher_rejects,,1,1.7437552e-06,0,,,,1,0.018779129,,0.63564229,,1.2332289,,0.10935682,,0.069535471,,0.018822618,,0.1980578,,-0.1671145,,1,0.9047619,,0,1,0,0,0,0.9047619,0.9047619,0.9047619,0.99998236,0.99998236,0.99998236,0.99998236,1,1,1,1,1,1.2332289,1.2332289,1.2332289,0.63564229,0.63564229,0.63564229,1,1,1,1,1,6.9141388e-06,6.9141388e-06,6.9141388e-06,6.9141388e-06,-0.1671145,-0.1671145,-0.1671145,0.1980578,0.1980578,0.1980578,0.50000003,0.50000003,0.50000003,0.50000003,0.1159988,0.1159988,0.1159988,0.1159988,1,1,1,0.018822618,0.018822618,0.018822618,0.0048769666,0.0048769666,0.0048769666,0.0048769666,,1,1,0.069535471,0.069535471,0.069535471,0.018779129,0.018779129,0.018779129,1.3038337,1.3038337,1.3038337,1.3038337,0.10935682,0.10935682,0.10935682,0.74499911,0.74499911,0.74499911,0.74499911,1,,,,,,,,,,,,,,,,,,,,,,,,,,,,,,,,,,,,,,,,,,,,,,,,,,,,,,,,,,,,,,,,,1,
frozen_rkl_s312,token_role_x_teacher_stance_nll,unknown_object,,,,lowNLL,,teacher_rejects,,3,5.2312655e-06,0,,,,0,0.023364512,,0.060543093,,0.26965075,,0.04457317,,0.0024697208,,0.00066189814,,-7.8925242e-05,,-0.0080644215,,1,1,,1,0,0,0,0,1,1,1,0.99991288,0.99999338,0.99999598,0.99999753,1,1,1,1,1,0.19966188,0.35348259,0.44577501,0.034657173,0.08238909,0.11102824,1,1,1,1,1,-3.1987826e-06,-8.3446503e-07,-5.364418e-07,-3.5762787e-07,-0.003077805,-0.0016121157,-0.00073270202,0.00034769624,0.00034856424,0.00034908503,-0.12499993,-0.12500009,-0.062500004,-0.024999952,-9.1691812e-05,0.00030690432,0.00032138824,0.0003300786,1,1,1,0.00061640551,0.00087229064,0.0010258217,0.0069573237,0.0011694047,0.010078156,0.015423406,1,0,0,0.0022308463,0.0032368964,0.0038405264,0.0042531802,0.033653882,0.051294303,0.41616553,0.55185765,0.55282393,0.5534037,0.019821435,0.061411861,0.086366117,0.10511626,0.13765946,0.14380095,0.14748585,3,,,,,,,,,,,,,,,,,,,,,,,,,,,,,,,,,,,,,,,,,,,,,,,,,,,,,,,,,,,,,,,,,,
frozen_rkl_s312,token_role_x_teacher_stance_nll,unknown_object,,,,highNLL,,teacher_supports,,3,5.2312655e-06,0,,,,1,0.13487932,,0.90936188,,1.305892,,-0.26292605,,0.057821371,,0.01535728,,0.29094335,,-0.20711517,,0.66666667,0.7965368,,0,0.33333333,0.33333333,0,0.33333333,0.81818182,0.86147186,0.88744589,0.99660923,0.99809605,0.9987143,0.99908525,1.3333333,1,1.5,1.8,0.66666667,1.2364775,1.442864,1.5666959,0.84593695,1.072881,1.2090474,1.6666667,2,2,2,0.33333333,0.0055172443,0.00014275312,0.0083263814,0.013236558,-0.047451854,-0.025415063,-0.012192988,0.28970665,0.30200389,0.30938224,0.2083333,0.375,0.49999999,0.57499998,0.077629129,0.087070018,0.12967728,0.15524164,1,1,1,0.011725876,0.018414941,0.022428381,0.029635415,0.035171404,0.038533688,0.040551057,,1,1,0.046730377,0.06833424,0.081296559,0.14953524,0.17865489,0.19612669,1.0685398,0.9898814,1.1318421,1.2170185,-0.34435737,-0.18671721,-0.092133117,0.64643583,0.43059322,0.85067056,1.102717,2,,,,,,,,,,,,,,,,,,,,,,,,,,,,,,,,,,,,,,,,,,,,,,,,,,,,,,,,,,,,,,,0.33333333,0.33333333,0.33333333,
frozen_rkl_s312,token_role_x_teacher_stance_nll,unknown_token,,,,highNLL,,teacher_neutral,,78,0.0001360129,0,,,,0.26923077,0.014049092,,0.69491151,,1.0475302,,-0.00093677296,,0.028689526,,0.0066524886,,0.0046382886,,-0.0088826846,,0.84615385,0.90713827,,0.34615385,0.25641026,0.15384615,0.20512821,0.038461538,0.9047619,1,1,0.99821599,0.99996132,0.99999401,0.99999969,1.2051282,1,1,2,0.84615385,0.92009398,1.1796934,1.6821239,0.61665457,0.83834304,0.93242434,1.1794872,1,1,2,0.97435897,0.00010333459,3.8743019e-07,6.0498714e-06,0.00035684109,-0.0079641938,0.01069738,0.061065513,0.0010451525,0.086688951,0.18435926,0.01923077,0,0.24999996,0.28750004,0.0045702931,0.00064152479,0.043573886,0.090340894,1,1,1,0.0019293959,0.0055627093,0.014769433,0.0034873615,0.00037436746,0.0021218203,0.0062297285,0.34615385,0.28205128,0.26923077,0.00771474,0.021428763,0.056712033,0.0015274261,0.0084973697,0.024117045,1.0535056,0.92437679,1.1956287,1.7015808,-0.00027349591,0.00147333,0.0029437065,0.69397474,0.61471182,0.83454826,0.93315049,8,,,,,,,,,,,,,,,,,,,,,,,,,,,,,,,,,,,,,,,,,,,,,,,,,,,,,,,,,,,,,,,0.038461538,0.15384615,0.25641026,0.20512821
frozen_rkl_s312,token_role_x_teacher_stance_nll,unknown_token,,,,lowNLL,,teacher_neutral,,1805,0.0031474781,0,,,,0.0038781163,0.00070264494,,0.019817844,,0.074507276,,-0.00037591091,,0.0017971807,,0.00040490306,,0.00014923635,,-0.0022715674,,0.99944598,0.90662546,,0.89861496,0.089750693,0.0016620499,0.0099722992,0,0.9047619,1,1,0.99992397,0.99999988,1,1,1.000554,1,1,1,0.99944598,0.0052940883,0.067054302,0.23569095,0.00055845879,0.010358972,0.049682239,1,1,1,1,1,6.9571004e-06,0,2.9802322e-07,3.9935112e-06,-4.1530593e-06,9.4708244e-05,0.0062499434,2.3841849e-07,0.00028551335,0.0037337442,0.077216063,0.12499928,0.37499952,0.62500001,0.0003193851,2.3841858e-07,0.00028318167,0.0037211776,1,1,1,4.5500315e-06,9.3246672e-05,0.00055409877,0.00016270396,6.2290856e-06,9.5765921e-05,0.00037256755,0.89861496,0.004432133,0.0038781163,1.8114231e-05,0.00036299377,0.0021070549,2.5284031e-05,0.0003928318,0.0015868627,0.072983434,0.0049034902,0.061815608,0.23085276,-1.1920918e-07,3.1944619e-05,0.0013096867,0.019441933,0.00055333559,0.0095932195,0.049049413,8,,,,,,,,,,,,,,,,,,,,,,,,,,,,,,,,,,,,,,,,,,,,,,,,,,,,,,,,,,,,,,,,0.0016620499,0.089750693,0.0099722992
frozen_rkl_s312,token_role_x_teacher_stance_nll,unknown_token,,,,highNLL,,teacher_rejects,,518,0.00090326518,0,,,,0.86293436,0.097485511,,0.89706928,,1.4268447,,0.25435616,,0.058356502,,0.013200389,,-0.084843541,,-0.010968072,,0.80694981,0.88697464,,0.26061776,0.21042471,0.19305019,0.27413127,0.061776062,0.9047619,0.9047619,1,0.99025542,0.99900621,0.99989796,0.9999936,1.3513514,1,1,2,0.77606178,1.3522471,1.6969815,2.1087049,0.7350373,1.039134,1.4173447,1.2509653,1,1,2,0.75482625,0.0026678338,2.0563602e-05,0.00043217838,0.0026655734,0.00060355663,0.049001127,0.10593318,-0.045260325,0.035868824,0.1551981,-0.0065154459,0,0.24999994,0.49999994,-0.0025816884,-0.0064880848,0.036601938,0.083996218,1,1,1,0.0048010286,0.013169862,0.029889532,0.019097317,0.0069881727,0.017183458,0.047035674,0.26061776,0.82432432,0.86293436,0.019038138,0.052378581,0.11546009,0.028032837,0.068971623,0.19322334,1.4443897,1.3697613,1.7483543,2.1030136,0.13903338,0.29510874,0.540104,1.1514254,0.91982961,1.2722348,1.9063398,8,,,,,,,,,,,,,,,,,,,,,,,,,,,,,,,,,,,,,,,,,,,,,,,,,,,,,,,,,,,,,,,0.061776062,0.19305019,0.21042471,0.27413127
frozen_rkl_s312,token_role_x_teacher_stance_nll,unknown_token,,,,lowNLL,,teacher_rejects,,731,0.001274685,0,,,,0.19699042,0.042492996,,0.15590906,,0.50459372,,0.092703585,,0.032887357,,0.0067250729,,-0.04440673,,0.055763004,,0.9876881,0.89179276,,0.55813953,0.17783858,0.012311902,0.250342,0.0013679891,0.9047619,0.9047619,1,0.99868561,0.9999581,0.99999744,0.9999997,1.0109439,1,1,1,0.98221614,0.48078588,0.7350643,0.94250751,0.1285408,0.2597236,0.35104033,1,1,1,1,0.97948016,-6.8228564e-05,5.9604645e-08,5.9306622e-06,0.00012069941,0.029632643,0.099922776,0.19675222,-0.01128526,0.0020389007,0.025698215,-0.23324213,-0.24999987,8.9406967e-08,0.25000012,-0.026914006,-0.01028043,0.0019845366,0.022641301,1,1,1,0.0015314803,0.0049355465,0.011786559,0.011007986,0.0026263774,0.0093380702,0.023696013,0.55813953,0.2380301,0.19699042,0.0063366811,0.021339281,0.049791478,0.0094650239,0.033317583,0.081350744,0.63073343,0.60108912,0.86954182,1.1217676,0.040731736,0.093936123,0.21901184,0.24861264,0.18559062,0.3571261,0.49062744,8,,,,,,,,,,,,,,,,,,,,,,,,,,,,,,,,,,,,,,,,,,,,,,,,,,,,,,,,,,,,,,,0.0013679891,0.012311902,0.17783858,0.250342
frozen_rkl_s312,token_role_x_teacher_stance_nll,unknown_token,,,,highNLL,,teacher_supports,,657,0.0011456472,0,,,,0.86757991,0.13516165,,1.0421276,,1.3517748,,-0.28349507,,0.089262248,,0.01952025,,0.19535083,,-0.045154169,,0.81126332,0.89056824,,0.16590563,0.35616438,0.19025875,0.11415525,0.17351598,0.9047619,1,1,0.99205876,0.99952042,0.99996233,0.99999511,1.2983257,1,1,2,0.84018265,1.2719676,1.615248,2.0504967,0.83080012,1.2173675,1.7759669,1.4611872,1,2,2,0.77777778,0.0014469257,1.1861324e-05,0.00039499998,0.0028387189,-0.028233647,0.030123949,0.10692853,0.11369151,0.28764123,0.54078321,0.11244292,0.12499988,0.37499991,0.75,0.027038546,0.02267465,0.075353503,0.14809487,1,1,1,0.0066611087,0.018089723,0.044884133,0.026963359,0.010458461,0.026831876,0.06065546,0.16590563,0.80974125,0.86757991,0.026277248,0.070545241,0.17345031,0.044398606,0.1147462,0.25892155,1.279601,1.1877713,1.5231519,1.988645,-0.1622062,-0.07845819,-0.034159899,0.75863248,0.62681949,0.93932515,1.329103,8,,,,,,,,,,,,,,,,,,,,,,,,,,,,,,,,,,,,,,,,,,,,,,,,,,,,,,,,,,,,,,,0.17351598,0.19025875,0.35616438,0.11415525
frozen_rkl_s312,token_role_x_teacher_stance_nll,unknown_token,,,,lowNLL,,teacher_supports,,552,0.00096255286,0,,,,0.21376812,0.030028256,,0.18908519,,0.58059989,,-0.056152647,,0.018893148,,0.0049759258,,0.029187303,,-0.071103139,,0.99818841,0.89611119,,0.3134058,0.63224638,0.0018115942,0.048913043,0.0036231884,0.9047619,1,1,0.99912829,0.99996397,0.99999666,0.9999997,1.0018116,1,1,1,0.99818841,0.5590542,0.75815065,0.96597608,0.17087271,0.28184219,0.35866133,1,1,1,1,1,0.00019314043,3.1888485e-06,6.5758824e-05,0.00036843419,-0.057705149,-0.0087210685,0.037827897,0.025215253,0.058970653,0.10575834,0.30751812,0.25,0.50000003,0.98749976,0.026829909,0.021329552,0.047236398,0.088153416,1,1,1,0.0018567693,0.0051711561,0.011085154,0.0059530476,0.0026912494,0.0061243949,0.014080726,0.3134058,0.23913043,0.21376812,0.0071054616,0.019428681,0.041815594,0.011965734,0.029192357,0.069401039,0.46137412,0.42989425,0.63486658,0.84490519,-0.039496699,-0.018986441,-0.012327792,0.13293255,0.11428248,0.19545547,0.27782707,8,,,,,,,,,,,,,,,,,,,,,,,,,,,,,,,,,,,,,,,,,,,,,,,,,,,,,,,,,,,,,,,0.0036231884,0.0018115942,0.63224638,0.048913043
frozen_rkl_s312,token_offline_risk_bin,,,,,,,,offline_risk_tail,172043,0.30000087,4728,0.22271574,,,1,0.099878418,,0.90674057,,1.3248777,,-0.023642257,,0.061047147,,0.014466985,,0.04876334,,-0.021372787,,0.84073749,0.88814505,,0.18309376,0.33188796,0.16039014,0.21553914,0.10908901,0.9047619,0.9047619,1,0.99233139,0.99919367,0.99992013,0.99999303,1.3775451,1,1,2,0.84212087,1.2488878,1.6162434,2.0061025,0.74194026,1.1246059,1.6271683,1.4243358,1,2,2,0.8024738,0.00064231694,1.1086464e-05,0.0003477335,0.0021589756,-0.016066134,0.053315222,0.14934411,0.034232914,0.15841511,0.34154631,0.050272315,0,0.25000006,0.625,0.0092329767,0.007332027,0.061738461,0.11927088,0.99938387,0.99932575,0.99914556,0.0066179093,0.015205215,0.032436799,0.021705279,0.010037787,0.022139205,0.047488387,0.18309376,0.925228,1,0.026421078,0.060987156,0.13212478,0.041312139,0.092711311,0.20487492,1.3027855,1.2396185,1.6107067,2.0001369,-0.043824285,0.14812943,0.32812445,0.88309831,0.73033094,1.1058047,1.5949725,993,,,,,,,,,,,,,,,,,,,,,,,,,,,,,,,,,,,,,,,,,,,,,,,,,,,,,,,,,,,,,,,0.10908901,0.16039014,0.33188796,0.21553914
frozen_rkl_s312,token_offline_risk_bin,,,,,,,,offline_safe_bulk,401432,0.69999913,14267,0.13296418,,,0,0.0063864519,,0.12336281,,0.31739176,,0.0042462048,,0.0066510206,,0.0015065097,,-0.0015259954,,-0.00067887268,,0.99344098,0.9139061,,0.70656051,0.20884982,0.0071045657,0.071626079,0.0058590247,0.9047619,1,1,0.99959987,0.99999607,0.99999988,1,1.0101387,1,1,1,0.99309472,0.17318358,0.54557268,0.84144344,0.03388826,0.16353541,0.37215709,1.0097277,1,1,1,0.99740927,8.7515725e-06,5.9604645e-08,2.682209e-06,4.4703484e-05,-1.2437093e-05,0.009355247,0.058074547,7.15243e-07,0.0047602849,0.034572898,0.037022771,5.9604645e-08,0.25000003,0.50000008,-0.00079051522,6.5565109e-07,0.0043661743,0.02816627,0.99999253,0.99999004,0.99998256,0.00022293106,0.0012990993,0.0036016728,0.001548097,0.00026134589,0.0013547161,0.0032877975,0.70656051,0.032045278,0,0.00088962491,0.005198175,0.014503062,0.0010637545,0.0054860534,0.013465676,0.32246855,0.1723981,0.56337759,0.86048172,0,0.004614234,0.03986113,0.12760902,0.033702424,0.17308859,0.3868753,993,,,,,,,,,,,,,,,,,,,,,,,,,,,,,,,,,,,,,,,,,,,,,,,,,,,,,,,,,,,,,,,0.0058590247,0.0071045657,0.20884982,0.071626079
frozen_rkl_s312,mention_object_x_rkl_nll,,correct_object,,highRKL,highNLL,,,,2431,0.1499599,,,0,0.025915261,,,0.14316536,,0.92547979,,1.2554386,,-0.071630304,,0.086528403,,0.020964938,,0.089971056,,-0.046478836,,,0.87161057,,,,,,,,,,,,,,,,,,,,,,,,,,,,,,,,,,,,,,,,,,,,,,,,,,,,,,,,,,,,,,,,,,,,,,,,,,,,,814,0.9047619,0.9047619,1,1.1478465,1.524166,2.0106678,0.70564759,1.1048445,1.7114656,-0.032007694,0.048300393,0.15334392,0.06897527,0.22894975,0.48920155,0.0097875586,0.023469257,0.050016528,0.10153572,0,0,0.5,0.19035376,0,0,1,0.35794598,0,1,1,0.17691622,0,0,1,0.17324832,0,0,1,1,0.025915261,0,0.94834087,1,1,1,0.038511317,0.093423873,0.20274716,0.064184643,0.13625716,0.29457736,1.2021408,1.1079211,1.5071406,1.9847201,-0.10442069,0.16547126,0.40491068,0.85384948,0.66722375,1.0570847,1.6516984,,,,
frozen_rkl_s312,mention_object_x_rkl_nll,,correct_object,,highRKL,lowNLL,,,,1374,0.084757264,,,0,0.012372635,,,0.085246101,,0.14316162,,0.48330393,,0.070237911,,0.043228853,,0.0094408052,,-0.02322166,,0.0074192095,,,0.86680852,,,,,,,,,,,,,,,,,,,,,,,,,,,,,,,,,,,,,,,,,,,,,,,,,,,,,,,,,,,,,,,,,,,,,,,,,,,,,679,0.9047619,0.9047619,1,0.47767843,0.64130238,0.78835917,0.14410104,0.20814301,0.25361255,-0.0099049571,0.099450806,0.22684993,0.00085964426,0.043552387,0.08013346,0.0044163936,0.0095708771,0.022880198,0.00036390102,0,0,0,0.01067443,0,0,0,0.39562106,0,1,1,0.36650898,0,1,1,0.22683164,0,0,1,1,0.012372635,0,0.32296215,0,1,1,0.017278562,0.037714045,0.095454018,0.041075027,0.076403681,0.15756308,0.53202965,0.48832308,0.71270532,0.94221525,0.03723345,0.1231278,0.22667948,0.21339953,0.14590443,0.28196576,0.42145785,,,,
frozen_rkl_s312,mention_object_x_rkl_nll,,correct_object,,lowRKL,highNLL,,,,1340,0.082659922,,,0,0.012686567,,,0.0076934587,,0.65548661,,0.98564004,,-0.0084162359,,0.019965636,,0.0050068562,,0.040061018,,-0.025948209,,,0.91068534,,,,,,,,,,,,,,,,,,,,,,,,,,,,,,,,,,,,,,,,,,,,,,,,,,,,,,,,,,,,,,,,,,,,,,,,,,,,,653,0.9047619,1,1,0.88605759,1.1764335,1.5135452,0.52069776,0.75989181,1.0544635,-0.016582578,0.020512834,0.061364615,0.024880826,0.10087162,0.19348953,0.0021790072,0.0054433353,0.011410806,0.081156716,0,0,0,0.085634328,0,0,0.33333333,0.34415423,0,1,1,0.3335199,0,1,1,0.15553483,0,0,1,1,0.012686567,0,0.38712687,0,1,1,0.0086221932,0.021249108,0.045541663,0.0072873603,0.011480469,0.015487419,0.98043765,0.88564655,1.1774027,1.5132983,-0.0037050694,0.044461556,0.09923172,0.64707037,0.53103632,0.7445344,1.0366027,,,,
frozen_rkl_s312,mention_object_x_rkl_nll,,correct_object,,lowRKL,lowNLL,,,,8324,0.5134785,,,0,0.0068476694,,,0.0026194675,,0.043700303,,0.15945294,,0.00072334071,,0.0039587583,,0.00093558614,,-0.00042030316,,-0.0030634763,,,0.90135351,,,,,,,,,,,,,,,,,,,,,,,,,,,,,,,,,,,,,,,,,,,,,,,,,,,,,,,,,,,,,,,,,,,,,,,,,,,,,965,0.9047619,0.95238095,1,0.0657879,0.24900301,0.48034585,0.010650737,0.057933155,0.15139905,-0.00014281213,0.0041704742,0.038880706,1.0636458e-05,0.0028316188,0.017282259,0.00012232411,0.00074691573,0.0023411576,8.00897e-05,0,0,0,0.00088098671,0,0,0,0.18043208,0,0,1,0.78722169,1,1,1,0.031385151,0,0,0,1,0.0068476694,0,0.0050957072,0,0,0,0.00047865917,0.0029632901,0.0094151184,0.00059337455,0.0034945067,0.0089709987,0.15989451,0.064117886,0.2511034,0.48086283,-1.1920928e-07,0.0019074418,0.017012384,0.044423643,0.010292133,0.059500142,0.15004432,,,,
frozen_rkl_s312,mention_object_x_rkl_nll,,hallucinated_object,,highRKL,highNLL,,,,784,0.048362223,,,1,0.27168367,,,0.15940678,,1.1209749,,1.4083424,,-0.035994215,,0.097036417,,0.022650503,,0.056416958,,-0.022680024,,,0.8710856,,,,,,,,,,,,,,,,,,,,,,,,,,,,,,,,,,,,,,,,,,,,,,,,,,,,,,,,,,,,,,,,,,,,,,,,,,,,,431,0.9047619,0.9047619,1,1.3325617,1.6982322,2.1833712,0.8362129,1.3379522,2.0849274,-0.024874896,0.084779128,0.19817443,0.044738561,0.2470888,0.51025953,0.011708927,0.026102649,0.051904946,0.11522109,0,0,1,0.17818878,0,0,1,0.35888605,0,1,1,0.13979592,0,0,1,0.20790816,0,0,1,1,0,0.27168367,0.97574405,1,1,1,0.046812405,0.10348762,0.21416688,0.072598487,0.16438298,0.33973082,1.3614288,1.2811832,1.7064513,2.1917616,-0.098222762,0.21187119,0.56319755,1.0849807,0.80915913,1.3338073,2.1287119,,,,
frozen_rkl_s312,mention_object_x_rkl_nll,,hallucinated_object,,highRKL,lowNLL,,,,275,0.01696379,,,1,0.17818182,,,0.09651873,,0.15023201,,0.53598274,,0.10727119,,0.053609923,,0.010945326,,-0.043753103,,0.064273582,,,0.85875444,,,,,,,,,,,,,,,,,,,,,,,,,,,,,,,,,,,,,,,,,,,,,,,,,,,,,,,,,,,,,,,,,,,,,,,,,,,,,206,0.9047619,0.9047619,1,0.51678419,0.70012867,0.84900998,0.13890252,0.22615167,0.26662642,0.043008327,0.16708183,0.36296601,-0.020019114,0.027740404,0.08060956,0.0051647425,0.012991942,0.026570398,0,0,0,0,0,0,0,0,0.30242424,0,1,1,0.34636364,0,1,1,0.35121212,0,1,1,1,0,0.17818182,0.31606061,0,1,1,0.019057197,0.05690695,0.12575693,0.041488506,0.086179741,0.19050997,0.62833557,0.62191188,0.83099765,1.0326299,0.059468821,0.13503742,0.33730188,0.25750321,0.17700586,0.35107221,0.53436737,,,,
frozen_rkl_s312,mention_object_x_rkl_nll,,hallucinated_object,,lowRKL,highNLL,,,,309,0.019061131,,,1,0.2394822,,,0.0084077871,,0.7501243,,1.0979364,,-0.0031943909,,0.024581639,,0.0060473761,,-0.0018378123,,-0.013326023,,,0.90181154,,,,,,,,,,,,,,,,,,,,,,,,,,,,,,,,,,,,,,,,,,,,,,,,,,,,,,,,,,,,,,,,,,,,,,,,,,,,,224,0.9047619,0.90909091,1,1.0021558,1.3529898,1.5959061,0.57995021,0.83740491,1.1764678,-0.0028754473,0.031473875,0.085597761,0.00051254034,0.084733963,0.18764853,0.0026288801,0.007275613,0.013137643,0.07605178,0,0,0,0.11812298,0,0,1,0.27615965,0,1,1,0.31607335,0,1,1,0.21359223,0,0,1,1,0,0.2394822,0.46979504,0,1,1,0.010792524,0.028617688,0.053475863,0.0077752788,0.012947847,0.0163052,1.0935107,0.99421632,1.3465118,1.5998708,-0.00020802021,0.063334912,0.11729815,0.74692991,0.58891213,0.82852298,1.1794798,,,,
frozen_rkl_s312,mention_object_x_rkl_nll,,hallucinated_object,,lowRKL,lowNLL,,,,1374,0.084757264,,,1,0.11135371,,,0.002757374,,0.048440362,,0.18232682,,0.00091961898,,0.0057296614,,0.001300461,,-0.0043517629,,0.0033007645,,,0.90711216,,,,,,,,,,,,,,,,,,,,,,,,,,,,,,,,,,,,,,,,,,,,,,,,,,,,,,,,,,,,,,,,,,,,,,,,,,,,,466,0.9047619,1,1,0.074806429,0.29436042,0.53306652,0.012106332,0.069242931,0.16117322,-2.885428e-05,0.0074468201,0.056459671,8.9406512e-07,0.0018304256,0.01772713,0.00013263665,0.00082104924,0.0027375459,0,0,0,0,0.00072780204,0,0,0,0.18031295,0,0,1,0.76661815,1,1,1,0.052341097,0,0,0,1,0,0.11135371,0.0031538088,0,0,0,0.00051952582,0.0033179499,0.011477959,0.00074028832,0.0038189658,0.0089899551,0.18280699,0.075780921,0.28776237,0.54582918,-3.5762702e-07,0.0021012047,0.01892817,0.049359981,0.012465115,0.067883411,0.16638257,,,,
frozen_rkl_s312,mention_object_x_offline_risk_bin,,correct_object,,,,,,offline_risk_tail,3636,0.22429215,,,0,0.021452145,,,0.11645844,,0.78217042,,1.1182966,,-0.035920555,,0.070558003,,0.017045304,,0.063154773,,-0.03663768,,,0.87735452,,,,,,,,,,,,,,,,,,,,,,,,,,,,,,,,,,,,,,,,,,,,,,,,,,,,,,,,,,,,,,,,,,,,,,,,,,,,,908,0.9047619,0.9047619,1,1.0247825,1.409605,1.85663,0.59958977,0.9740508,1.5005113,-0.0270869,0.044930011,0.15282231,0.045330822,0.16941296,0.38516074,0.0074509112,0.018238207,0.04108447,0.087917125,0,0,0,0.15291529,0,0,1,0.3485286,0,1,1,0.23205446,0,0.5,1,0.17858453,0,0,1,1,0.021452145,0,0.91043271,1,1,1,0.029781514,0.071723988,0.1671537,0.04850235,0.10988804,0.24824992,1.0849885,0.98792171,1.3943193,1.8405303,-0.055844262,0.14059315,0.34536758,0.74624986,0.57426228,0.94400723,1.4753087,,,,
frozen_rkl_s312,mention_object_x_offline_risk_bin,,correct_object,,,,,,offline_safe_bulk,9833,0.60656344,,,0,0.0077290756,,,0.0075087882,,0.085903301,,0.23369759,,0.0048534616,,0.0074142935,,0.0016737224,,0.00074905757,,-0.0030359433,,,0.89931904,,,,,,,,,,,,,,,,,,,,,,,,,,,,,,,,,,,,,,,,,,,,,,,,,,,,,,,,,,,,,,,,,,,,,,,,,,,,,969,0.9047619,0.95238095,1,0.10737996,0.36950061,0.66667858,0.018932469,0.10050855,0.24236908,-0.00019258738,0.0069813728,0.05331807,1.3827852e-05,0.0047411174,0.029891184,0.00022375898,0.0012928911,0.0040024979,0.0037713143,0,0,0,0.0044238788,0,0,0,0.21454117,0,0,1,0.72100749,1,1,1,0.056256144,0,0,0,1,0.0077290756,0,0,0,0,0,0.00089016813,0.0051643196,0.016274558,0.0010491945,0.0056514293,0.015725543,0.2393108,0.10588664,0.38178247,0.68427343,-1.1827797e-07,0.0039603719,0.033296525,0.090756762,0.019064993,0.10474604,0.25967664,,,,
frozen_rkl_s312,mention_object_x_offline_risk_bin,,hallucinated_object,,,,,,offline_risk_tail,1040,0.06415397,,,1,0.26442308,,,0.13564237,,1.0040797,,1.3198165,,-0.013125708,,0.083592451,,0.019485181,,0.039246861,,-0.014365427,,,0.87194833,,,,,,,,,,,,,,,,,,,,,,,,,,,,,,,,,,,,,,,,,,,,,,,,,,,,,,,,,,,,,,,,,,,,,,,,,,,,,501,0.9047619,0.9047619,1,1.2429317,1.6238974,2.1106563,0.75237763,1.2106078,1.9959351,-0.015556306,0.08288008,0.20503644,0.02523455,0.19651607,0.44988749,0.0096546542,0.02266825,0.047327946,0.10224359,0,0,0.55,0.15692308,0,0,1,0.33753205,0,1,1,0.16956731,0,0,1,0.23373397,0,0,1,1,0,0.26442308,0.96288462,1,1,1,0.038310198,0.091165235,0.19560306,0.056466416,0.13538922,0.27131627,1.2883296,1.2227209,1.6236805,2.0904034,-0.053701818,0.16832719,0.48833889,0.99095399,0.73267552,1.1914531,2.0178443,,,,
frozen_rkl_s312,mention_object_x_offline_risk_bin,,hallucinated_object,,,,,,offline_safe_bulk,1702,0.10499044,,,1,0.12573443,,,0.0098919729,,0.10238584,,0.27538535,,0.0089349816,,0.011369807,,0.0024435038,,-0.0089101936,,0.0089610161,,,0.90322808,,,,,,,,,,,,,,,,,,,,,,,,,,,,,,,,,,,,,,,,,,,,,,,,,,,,,,,,,,,,,,,,,,,,,,,,,,,,,538,0.9047619,1,1,0.15447673,0.45757955,0.72752612,0.029244962,0.12553313,0.26944345,-9.7239299e-06,0.01757522,0.089914316,1.1920927e-07,0.002880561,0.028992631,0.00026901328,0.0017287402,0.005861879,0.0044065805,0,0,0,0.0082256169,0,0,0,0.20363298,0,0,1,0.69300823,1,1,1,0.090726596,0,0,0,1,0,0.12573443,0,0,0,0,0.00107001,0.0069337266,0.023275907,0.0015184009,0.0067287257,0.018906472,0.28752132,0.15400983,0.51199828,0.75762624,-1.1920736e-07,0.0060933736,0.047992105,0.11132082,0.028710446,0.14142643,0.31405328,,,,
frozen_rkl_s312,mention_fate_x_rkl_nll,,correct_object,kept_correct,highRKL,highNLL,,,,2368,0.14607365,,,0,0,,,0.14104132,,0.91993731,,1.251379,,-0.071336171,,0.086463596,,0.020979049,,0.089527653,,-0.048472535,,,0.87166495,,,,,,,,,,,,,,,,,,,,,,,,,,,,,,,,,,,,,,,,,,,,,,,,,,,,,,,,,,,,,,,,,,,,,,,,,,,,,806,0.9047619,0.9047619,1,1.144677,1.5177911,1.9986379,0.7050648,1.0994782,1.7044421,-0.03327778,0.046182007,0.15071385,0.069893152,0.22943762,0.48760859,0.0096453463,0.023455341,0.050172791,0.10064752,0,0,0.5,0.18929476,0,0,1,0.36219032,0,1,1,0.17549972,0,0,1,0.17236768,0,0,1,1,0,0,0.94886684,1,1,1,0.038103519,0.093557518,0.2025719,0.063899126,0.13556601,0.28952001,1.1975416,1.103045,1.5009686,1.9741926,-0.10586075,0.16099664,0.40601613,0.84860114,0.66196856,1.0565022,1.6334744,,,,
frozen_rkl_s312,mention_fate_x_rkl_nll,,correct_object,kept_correct,highRKL,lowNLL,,,,1357,0.083708593,,,0,0,,,0.085483312,,0.14324531,,0.48283983,,0.070258757,,0.042395722,,0.0092856209,,-0.022150092,,0.0058561969,,,0.86654046,,,,,,,,,,,,,,,,,,,,,,,,,,,,,,,,,,,,,,,,,,,,,,,,,,,,,,,,,,,,,,,,,,,,,,,,,,,,,671,0.9047619,0.9047619,1,0.47707519,0.64131308,0.7883386,0.14429083,0.20866498,0.25369128,-0.01046303,0.097744733,0.22599674,0.0013913182,0.043822572,0.080123782,0.0043890793,0.0095479963,0.022856614,0.00036845984,0,0,0,0.010071236,0,0,0,0.39726112,0,1,1,0.36704741,0,1,1,0.22525178,0,0,1,1,0,0,0.32418325,0,1,1,0.017142074,0.037175447,0.095447735,0.041058931,0.076232567,0.15762871,0.53050855,0.48470261,0.71200922,0.94127754,0.037087128,0.12327258,0.22649838,0.21350407,0.14553672,0.2785933,0.42180344,,,,
frozen_rkl_s312,mention_fate_x_rkl_nll,,correct_object,kept_correct,lowRKL,highNLL,,,,1323,0.081611252,,,0,0,,,0.0076921966,,0.65380097,,0.98509586,,-0.0083655934,,0.01991821,,0.004996558,,0.040092645,,-0.026061399,,,0.91114842,,,,,,,,,,,,,,,,,,,,,,,,,,,,,,,,,,,,,,,,,,,,,,,,,,,,,,,,,,,,,,,,,,,,,,,,,,,,,646,0.9047619,1,1,0.88602728,1.1773108,1.5132489,0.52061224,0.75934032,1.0483379,-0.016795397,0.020215869,0.060544002,0.026002288,0.10158156,0.19325877,0.0021806704,0.0054449257,0.01136763,0.081443689,0,0,0,0.085978836,0,0,0.33333333,0.34555304,0,1,1,0.33024691,0,1,1,0.15677753,0,0,1,1,0,0,0.38605442,0,1,1,0.0086444169,0.02123611,0.045451567,0.0072935075,0.011496352,0.015496609,0.97977721,0.88555002,1.1763276,1.5125584,-0.0037118196,0.044312477,0.09965083,0.64543538,0.53026861,0.74307802,1.0348568,,,,
frozen_rkl_s312,mention_fate_x_rkl_nll,,correct_object,kept_correct,lowRKL,lowNLL,,,,8267,0.50996237,,,0,0,,,0.0026084446,,0.043579235,,0.15912095,,0.00069462013,,0.003951761,,0.00093394639,,-0.00037570207,,-0.0031474308,,,0.90144746,,,,,,,,,,,,,,,,,,,,,,,,,,,,,,,,,,,,,,,,,,,,,,,,,,,,,,,,,,,,,,,,,,,,,,,,,,,,,963,0.9047619,0.95238095,1,0.065028086,0.2478373,0.48013539,0.010608942,0.057725348,0.15082544,-0.00014587326,0.0040693132,0.038437825,1.0967113e-05,0.0028336039,0.01726265,0.00012081718,0.00074536551,0.0023306508,8.064191e-05,0,0,0,0.00088706101,0,0,0,0.18052699,0,0,1,0.78726664,1,1,1,0.03123866,0,0,0,1,0,0,0.0050098786,0,0,0,0.00047465341,0.0029619957,0.0093669768,0.00059048936,0.0034798199,0.0089285232,0.1594821,0.063696765,0.24996936,0.47972398,-2.3655593e-07,0.0019020508,0.016901239,0.044273856,0.010179035,0.059254769,0.1495526,,,,
frozen_rkl_s312,mention_fate_x_rkl_nll,,correct_object,removed_correct,highRKL,highNLL,,,,63,0.0038862501,,,0,1,,,0.22300237,,1.1338066,,1.4080268,,-0.082685988,,0.088964292,,0.020434558,,0.10663738,,0.028458924,,,0.86956671,,,,,,,,,,,,,,,,,,,,,,,,,,,,,,,,,,,,,,,,,,,,,,,,,,,,,,,,,,,,,,,,,,,,,,,,,,,,,52,0.9047619,0.9047619,1,1.2387245,1.6976962,2.3165646,0.843867,1.3710472,1.9855969,0.015951753,0.096554195,0.34660995,0.0029489398,0.22140755,0.48593824,0.01159521,0.023645992,0.044593532,0.13492063,0,0,1,0.23015873,0,0.25,1,0.1984127,0,0,1,0.23015873,0,0.5,1,0.20634921,0,0,1,1,1,0,0.92857143,1,1,1,0.048187837,0.091075324,0.19743195,0.075549841,0.15698411,0.31582308,1.3750108,1.2361338,1.6270636,2.2257582,-0.010165095,0.26428383,0.3922266,1.0511206,0.8073535,1.3168355,1.8276787,,,,
frozen_rkl_s312,mention_fate_x_rkl_nll,,correct_object,removed_correct,highRKL,lowNLL,,,,17,0.0010486707,,,0,1,,,0.066311052,,0.1364809,,0.52034991,,0.068573857,,0.1097323,,0.021828163,,-0.10875796,,0.13218439,,,0.88820614,,,,,,,,,,,,,,,,,,,,,,,,,,,,,,,,,,,,,,,,,,,,,,,,,,,,,,,,,,,,,,,,,,,,,,,,,,,,,15,0.9047619,1,1,0.5116896,0.637559,0.81968584,0.1253514,0.18637018,0.22232336,0.10129833,0.14923377,0.47136937,-0.043480977,0.0064767431,0.069102013,0.0051209657,0.015573328,0.033375644,0,0,0,0,0.058823529,0,0,0,0.26470588,0,0.5,1,0.32352941,0,1,1,0.35294118,0,1,1,1,1,0,0.2254902,0,0.33333333,1,0.021873593,0.053956132,0.17302353,0.047387645,0.078422314,0.14934311,0.65344912,0.66678977,0.90702248,1.1831762,0.052867506,0.11125836,0.2561157,0.20505476,0.2125981,0.31906763,0.37767345,,,,
frozen_rkl_s312,mention_fate_x_rkl_nll,,correct_object,removed_correct,lowRKL,highNLL,,,,17,0.0010486707,,,0,1,,,0.0077916808,,0.78666838,,1.02799,,-0.012357412,,0.023656489,,0.0058082992,,0.037599648,,-0.017139375,,,0.87464709,,,,,,,,,,,,,,,,,,,,,,,,,,,,,,,,,,,,,,,,,,,,,,,,,,,,,,,,,,,,,,,,,,,,,,,,,,,,,16,0.9047619,1,1,0.92028064,1.1600564,1.5246087,0.57506055,0.84038574,1.5260545,-0.015405834,0.053277135,0.077686667,0.0038639307,0.0606004,0.21679792,0.0015567895,0.0044330419,0.019885579,0.058823529,0,0,0,0.058823529,0,0,0,0.23529412,0,0,1,0.58823529,1,1,1,0.058823529,0,0,0,1,1,0,0.47058824,0,1,1,0.0061156042,0.023198063,0.080724643,0.0071802433,0.010834657,0.014602462,1.0318357,0.91396201,1.1848271,1.5074521,0.00023829937,0.058239758,0.074041212,0.77431096,0.55294174,0.84062403,1.3290589,,,,
frozen_rkl_s312,mention_fate_x_rkl_nll,,correct_object,removed_correct,lowRKL,lowNLL,,,,57,0.003516131,,,0,1,,,0.0042181815,,0.061259313,,0.20760301,,0.0048888327,,0.0049736221,,0.001173408,,-0.0068890272,,0.0091128799,,,0.88772656,,,,,,,,,,,,,,,,,,,,,,,,,,,,,,,,,,,,,,,,,,,,,,,,,,,,,,,,,,,,,,,,,,,,,,,,,,,,,40,0.9047619,0.90909091,1,0.1307205,0.35172061,0.50699303,0.023934131,0.10036834,0.1793471,7.5494015e-08,0.018471286,0.056418612,-1.1920456e-06,0.0024758652,0.018603024,0.00034498447,0.0012195717,0.0042370263,0,0,0,0,0,0,0,0,0.16666667,0,0,1,0.78070175,1,1,1,0.052631579,0,0,0,1,1,0,0.01754386,0,0,0,0.00143667,0.0052833967,0.017156123,0.0023944848,0.0061905291,0.012720481,0.21970899,0.14759649,0.33831358,0.55297372,0.0001180222,0.010440819,0.035928265,0.066148146,0.026636543,0.10403762,0.19767389,,,,
frozen_rkl_s312,mention_fate_x_rkl_nll,,hallucinated_object,kept_hallucinated,highRKL,highNLL,,,,571,0.035222997,,,1,0,,,0.14126184,,1.0497036,,1.3272487,,-0.065366485,,0.085811053,,0.020607306,,0.07062358,,-0.031322655,,,0.87623343,,,,,,,,,,,,,,,,,,,,,,,,,,,,,,,,,,,,,,,,,,,,,,,,,,,,,,,,,,,,,,,,,,,,,,,,,,,,,335,0.9047619,0.9047619,1,1.2805188,1.6232369,2.03354,0.78009272,1.2863191,1.9956048,-0.025194526,0.079513073,0.18659258,0.045114934,0.24874984,0.51474625,0.011026163,0.025258448,0.050299153,0.11295972,0,0,1,0.17197898,0,0,1,0.36374781,0,1,1,0.15078809,0,0,1,0.20052539,0,0,1,1,0,0,0.98012259,1,1,1,0.044073433,0.10148777,0.21094285,0.069174364,0.14750587,0.2967602,1.2758463,1.2290695,1.6144716,1.9741647,-0.1084533,0.18320455,0.450562,0.98433713,0.73385584,1.2422993,1.9140948,,,,
frozen_rkl_s312,mention_fate_x_rkl_nll,,hallucinated_object,kept_hallucinated,highRKL,lowNLL,,,,226,0.013941151,,,1,0,,,0.092542269,,0.14679748,,0.51894654,,0.10231392,,0.04252264,,0.0090020222,,-0.031900092,,0.038861752,,,0.86355314,,,,,,,,,,,,,,,,,,,,,,,,,,,,,,,,,,,,,,,,,,,,,,,,,,,,,,,,,,,,,,,,,,,,,,,,,,,,,170,0.9047619,0.9047619,1,0.48990339,0.68108432,0.81660861,0.13582883,0.21744708,0.26021498,0.031696945,0.12863092,0.26792987,-0.014757358,0.03181596,0.080250885,0.0041934351,0.012161553,0.02367409,0,0,0,0,0,0,0,0,0.32227139,0,1,1,0.35877581,0,1,1,0.3189528,0,1,1,1,0,0,0.2990413,0,1,1,0.017484338,0.050314527,0.10620249,0.041165745,0.083486764,0.18940072,0.59875832,0.60622811,0.78847589,0.96768963,0.054235237,0.12810436,0.3348445,0.2491114,0.16765913,0.33238783,0.51179917,,,,
frozen_rkl_s312,mention_fate_x_rkl_nll,,hallucinated_object,kept_hallucinated,lowRKL,highNLL,,,,235,0.01449633,,,1,0,,,0.008461023,,0.71544272,,1.0762646,,0.0013692722,,0.022276581,,0.0055514169,,-0.01791271,,-0.01499036,,,0.9013585,,,,,,,,,,,,,,,,,,,,,,,,,,,,,,,,,,,,,,,,,,,,,,,,,,,,,,,,,,,,,,,,,,,,,,,,,,,,,171,0.9047619,0.90909091,1,0.99163735,1.3373718,1.5560027,0.57890904,0.80129901,1.1386857,-0.0031422973,0.027698666,0.085294724,0.00034272671,0.084036309,0.16980039,0.002583663,0.0072513723,0.012243028,0.061702128,0,0,0,0.10638298,0,0,1,0.28652482,0,1,1,0.31985816,0,1,1,0.22553191,0,0,1,1,0,0,0.46950355,0,1,1,0.010253109,0.02830619,0.046995495,0.0081997998,0.012713548,0.016120353,1.072164,0.97683877,1.3461151,1.5847182,4.1991472e-05,0.066464528,0.11899464,0.71681199,0.58891213,0.79978472,1.1615106,,,,
frozen_rkl_s312,mention_fate_x_rkl_nll,,hallucinated_object,kept_hallucinated,lowRKL,lowNLL,,,,1221,0.075319228,,,1,0,,,0.0026599325,,0.046247336,,0.17311958,,0.0010006646,,0.005198734,,0.0011867564,,-0.0039037491,,0.002047625,,,0.90716665,,,,,,,,,,,,,,,,,,,,,,,,,,,,,,,,,,,,,,,,,,,,,,,,,,,,,,,,,,,,,,,,,,,,,,,,,,,,,401,0.9047619,1,1,0.06828633,0.27510738,0.52735764,0.010826421,0.063752776,0.15921621,-5.0375762e-05,0.0060587823,0.048525065,2.1457308e-06,0.0017140533,0.016251333,0.00010045925,0.00070509315,0.0025820597,0,0,0,0,0.00081900082,0,0,0,0.17506143,0,0,1,0.77736828,1,1,1,0.046751297,0,0,0,1,0,0,0.0024570025,0,0,0,0.00041096652,0.0027390076,0.010379435,0.00065536652,0.0036052987,0.0085469615,0.17378102,0.067628562,0.26932383,0.54009843,-2.3841835e-07,0.0019331593,0.018080655,0.047248001,0.010733137,0.062864259,0.16475259,,,,
frozen_rkl_s312,mention_fate_x_rkl_nll,,hallucinated_object,removed_hallucinated,highRKL,highNLL,,,,213,0.013139226,,,1,1,,,0.20804883,,1.3120355,,1.6257344,,0.042745531,,0.12712882,,0.028127804,,0.018332541,,0.00048871915,,,0.85728555,,,,,,,,,,,,,,,,,,,,,,,,,,,,,,,,,,,,,,,,,,,,,,,,,,,,,,,,,,,,,,,,,,,,,,,,,,,,,169,0.9047619,0.9047619,1,1.4977846,2.0061214,2.6463422,0.97753906,1.5897338,2.5243544,-0.02478236,0.1029551,0.26249914,0.041990697,0.24512675,0.48138566,0.01287622,0.029038306,0.067650328,0.12128326,0,0,1,0.19483568,0,0,1,0.3458529,0,1,1,0.11032864,0,0,0.5,0.22769953,0,0,1,1,0,1,0.96400626,1,1,1,0.052546442,0.12012326,0.27799225,0.091108263,0.18354024,0.39154969,1.5908543,1.4774699,2.0366797,2.6052907,-0.050910115,0.27733321,0.90848193,1.354781,0.98165905,1.6256952,2.6404079,,,,
frozen_rkl_s312,mention_fate_x_rkl_nll,,hallucinated_object,removed_hallucinated,highRKL,lowNLL,,,,49,0.0030226389,,,1,1,,,0.11485914,,0.16607295,,0.61455786,,0.13013534,,0.10474719,,0.019908319,,-0.098422091,,0.18147916,,,0.83662168,,,,,,,,,,,,,,,,,,,,,,,,,,,,,,,,,,,,,,,,,,,,,,,,,,,,,,,,,,,,,,,,,,,,,,,,,,,,,48,0.86147186,0.9047619,0.9047619,0.66766441,0.84005499,1.0025448,0.16718304,0.25013843,0.27205291,0.081978083,0.36029494,0.51070937,-0.066179544,-0.0022740886,0.090722374,0.012158548,0.021633575,0.053442138,0,0,0,0,0,0,0,0,0.21088435,0,0,1,0.28911565,0,0.66666667,1,0.5,0.5,1,1,1,0,1,0.39455782,0,1,1,0.043335237,0.096913911,0.28257371,0.049692228,0.10954051,0.22481142,0.76475308,0.82562125,0.97562456,1.2337298,0.079176765,0.17032439,0.33718952,0.2962083,0.23770453,0.39808592,0.5377385,,,,
frozen_rkl_s312,mention_fate_x_rkl_nll,,hallucinated_object,removed_hallucinated,lowRKL,highNLL,,,,74,0.0045648017,,,1,1,,,0.0082387274,,0.86026174,,1.1667589,,-0.017687105,,0.031901755,,0.0076223819,,0.049210848,,-0.0080406282,,,0.90325023,,,,,,,,,,,,,,,,,,,,,,,,,,,,,,,,,,,,,,,,,,,,,,,,,,,,,,,,,,,,,,,,,,,,,,,,,,,,,67,0.9047619,1,1,1.0293457,1.3750549,1.8044806,0.60495523,0.93305585,1.9813757,-0.0022495985,0.044748425,0.10208622,0.0019763708,0.096606929,0.22639579,0.0036826986,0.0076458021,0.019958112,0.12162162,0,0,1,0.15540541,0,0,1,0.24324324,0,0.375,1,0.30405405,0,1,1,0.17567568,0,0,1,1,0,1,0.47072072,0.5,1,1,0.01453065,0.030517184,0.075604442,0.0070849084,0.013615822,0.016806699,1.1613006,1.0475731,1.3461839,1.7388468,-0.010235965,0.046754837,0.10214115,0.84257464,0.58472428,0.95431945,1.7737018,,,,
frozen_rkl_s312,mention_fate_x_rkl_nll,,hallucinated_object,removed_hallucinated,lowRKL,lowNLL,,,,153,0.0094380359,,,1,1,,,0.003534995,,0.065941564,,0.25580423,,0.00027284337,,0.0099666706,,0.0022078682,,-0.0079270887,,0.013301309,,,0.9066773,,,,,,,,,,,,,,,,,,,,,,,,,,,,,,,,,,,,,,,,,,,,,,,,,,,,,,,,,,,,,,,,,,,,,,,,,,,,,117,0.9047619,1,1,0.18152915,0.39210117,0.64259285,0.035824213,0.10053221,0.17925401,0.00054318675,0.02745533,0.11197325,-8.3591338e-05,0.004272751,0.025106457,0.00037419118,0.0020552077,0.0060539758,0,0,0,0,0,0,0,0,0.22222222,0,0,1,0.68082789,1,1,1,0.096949891,0,0,0.46666667,1,0,1,0.0087145969,0,0,0,0.0013498396,0.0075169438,0.025330297,0.0015959393,0.004917142,0.011087116,0.25483776,0.1928809,0.3937442,0.62437028,-1.0609508e-05,0.0035961475,0.021967189,0.066214408,0.036217369,0.098189615,0.1828278,,,,
frozen_rkl_s312,mention_fate_x_teacher_stance,,correct_object,kept_correct,,,,teacher_neutral,,5548,0.34223675,,,0,0,,,0.00102317,,0.037218059,,0.096686804,,-0.00044152971,,0.002196725,,0.00052760883,,0.00071653578,,-0.0031826886,,,0.90314064,,,,,,,,,,,,,,,,,,,,,,,,,,,,,,,,,,,,,,,,,,,,,,,,,,,,,,,,,,,,,,,,,,,,,,,,,,,,,933,0.9047619,0.95238095,1,0.01660422,0.081436861,0.27393291,0.0021076625,0.013857906,0.066763245,-8.8539149e-05,0.00072244776,0.010672233,6.5562172e-06,0.00076710949,0.0052136315,2.6925856e-05,0.00019140908,0.0008408887,0.002493391,0,0,0,0.0039053112,0,0,0,0.10368601,0,0,0.5,0.8785298,1,1,1,0.011385484,0,0,0,1,0,0,0.0076604182,0,0,0,0.00010879305,0.0007623257,0.0033580409,0.00010798865,0.00057476161,0.0018609507,0.094596709,0.016170585,0.07585346,0.26923953,-2.1656263e-06,0.00013067191,0.001389004,0.036776529,0.0020528212,0.012556338,0.065640268,,,,
frozen_rkl_s312,mention_fate_x_teacher_stance,,correct_object,kept_correct,,,,teacher_rejects,,3885,0.23965209,,,0,0,,,0.05308547,,0.34320894,,0.66476636,,0.1437832,,0.034673126,,0.0077984456,,-0.047003741,,0.028036869,,,0.88868269,,,,,,,,,,,,,,,,,,,,,,,,,,,,,,,,,,,,,,,,,,,,,,,,,,,,,,,,,,,,,,,,,,,,,,,,,,,,,920,0.9047619,0.90909091,1,0.53139132,0.94235373,1.4144114,0.1758108,0.46076229,0.84508615,0.014721021,0.073095679,0.16563395,-0.0096023344,0.0084838979,0.062492539,0.0021481863,0.0069433037,0.018536159,0.021278421,0,0,0,0.054997855,0,0,0,0.19740455,0,0,1,0.4958387,0.5,1,1,0.23048048,0,0.33333333,1,1,0,0,0.34710425,0,1,1,0.0087170815,0.029158873,0.079130244,0.013670893,0.041038662,0.10871366,0.7470024,0.63044408,1.021167,1.5120523,0.050465186,0.14213169,0.32764292,0.48699214,0.26142058,0.63431871,1.1421166,,,,
frozen_rkl_s312,mention_fate_x_teacher_stance,,correct_object,kept_correct,,,,teacher_supports,,3882,0.23946703,,,0,0,,,0.069503835,,0.53018834,,0.80324012,,-0.16358998,,0.044926653,,0.011176255,,0.10574823,,-0.06661536,,,0.88473906,,,,,,,,,,,,,,,,,,,,,,,,,,,,,,,,,,,,,,,,,,,,,,,,,,,,,,,,,,,,,,,,,,,,,,,,,,,,,915,0.9047619,0.9047619,1,0.69004017,1.0844599,1.514371,0.31414185,0.71185702,1.2288367,-0.05042854,-0.00014867261,0.060649076,0.03995128,0.13470928,0.32120775,0.0035079045,0.010352127,0.028064232,0.064592993,0,0,0,0.089558647,0,0,0.33333333,0.51627168,0.5,1,1,0.27266873,0,0.5,1,0.056907951,0,0,0,1,0,0,0.47604328,0.5,1,1,0.013431363,0.039777427,0.10889574,0.018985568,0.059522645,0.15567525,0.70670673,0.58395204,0.98303407,1.4388761,-0.06695432,-0.02437447,-0.012353495,0.36659836,0.20481814,0.49962606,0.90409011,,,,
frozen_rkl_s312,mention_fate_x_teacher_stance,,correct_object,removed_correct,,,,teacher_neutral,,33,0.0020356548,,,0,1,,,0.0010546196,,0.073305875,,0.14423042,,-0.00030750838,,0.0023679234,,0.00059063944,,0.0027246931,,-0.0054131922,,,0.87975178,,,,,,,,,,,,,,,,,,,,,,,,,,,,,,,,,,,,,,,,,,,,,,,,,,,,,,,,,,,,,,,,,,,,,,,,,,,,,26,0.9047619,0.9047619,1,0.047866739,0.16371727,0.45293413,0.0068131522,0.025544602,0.18272758,-4.8345697e-05,0.0013810396,0.013942158,3.8146527e-06,0.0030976529,0.0082650345,0.00012847803,0.00042514098,0.0018344371,0,0,0,0,0,0,0,0,0.16666667,0,0,1,0.8030303,1,1,1,0.03030303,0,0,0,1,1,0,0,0,0,0,0.00056107086,0.0016563154,0.0069392276,0.00023262668,0.0011682776,0.0026535325,0.14361852,0.040718645,0.16261092,0.46515676,4.8155838e-05,0.00072775409,0.0022815056,0.072998367,0.0067598708,0.025763039,0.18405313,,,,
frozen_rkl_s312,mention_fate_x_teacher_stance,,correct_object,removed_correct,,,,teacher_rejects,,66,0.0040713096,,,0,1,,,0.054397219,,0.59743288,,0.91148242,,0.19717272,,0.061840551,,0.013337304,,-0.073877212,,0.087002103,,,0.87788957,,,,,,,,,,,,,,,,,,,,,,,,,,,,,,,,,,,,,,,,,,,,,,,,,,,,,,,,,,,,,,,,,,,,,,,,,,,,,49,0.9047619,0.94155844,1,0.79679438,1.1563417,1.699795,0.32801178,0.6392938,1.218305,0.053999978,0.1220646,0.31207851,-0.042889111,-0.003324094,0.063344881,0.0050313347,0.011738626,0.02738321,0.045454545,0,0,0,0.12121212,0,0,0.75,0.10606061,0,0,0.5,0.43939394,0,1,1,0.28787879,0,0.875,1,1,1,0,0.51515152,0.5,1,1,0.022182344,0.049745457,0.12049852,0.030786294,0.075233322,0.15047908,1.015468,0.90017778,1.2353023,1.730436,0.10959214,0.26493757,0.38191694,0.79460561,0.47596487,0.98304881,1.673865,,,,
frozen_rkl_s312,mention_fate_x_teacher_stance,,correct_object,removed_correct,,,,teacher_supports,,55,0.003392758,,,0,1,,,0.21680569,,0.88664488,,1.1262436,,-0.3086932,,0.072658881,,0.016805965,,0.18003218,,-0.023552578,,,0.87962003,,,,,,,,,,,,,,,,,,,,,,,,,,,,,,,,,,,,,,,,,,,,,,,,,,,,,,,,,,,,,,,,,,,,,,,,,,,,,47,0.9047619,0.90692641,1,1.1061909,1.5723779,1.920382,0.57506055,1.2003827,1.839374,-0.015916683,0.052913691,0.15561675,0.05813387,0.23164704,0.52833505,0.0090850119,0.018440533,0.040007247,0.11818182,0,0,0.8,0.15454545,0,0,1,0.32727273,0,0.75,1,0.34545455,0,0.75,1,0.054545455,0,0,0,1,1,0,0.67878788,1,1,1,0.034429319,0.071301311,0.1721922,0.040667959,0.12361155,0.3138302,1.0188843,0.90942842,1.3820471,2.0058849,-0.11102939,-0.029951118,-0.012607437,0.57795168,0.38705033,0.82863865,1.376959,,,,
frozen_rkl_s312,mention_fate_x_teacher_stance,,hallucinated_object,kept_hallucinated,,,,teacher_neutral,,811,0.050027759,,,1,0,,,0.0012431692,,0.036699842,,0.10681946,,-0.00051449473,,0.0024400846,,0.00059098742,,-0.00097197012,,-0.0026943435,,,0.90657664,,,,,,,,,,,,,,,,,,,,,,,,,,,,,,,,,,,,,,,,,,,,,,,,,,,,,,,,,,,,,,,,,,,,,,,,,,,,,311,0.9047619,1,1,0.017026324,0.078694887,0.29437128,0.0021878371,0.013896872,0.070803992,-5.2525196e-05,0.00090841064,0.0094563961,3.4570312e-06,0.00073497446,0.0047565103,2.3232569e-05,0.00018423254,0.00076733623,0,0,0,0,0.0036991369,0,0,0,0.098335388,0,0,0.5,0.8850185,1,1,1,0.012946979,0,0,0,1,0,0,0.012022195,0,0,0,9.2043163e-05,0.00070769168,0.0032134298,9.5852258e-05,0.00061453023,0.0020634152,0.10462052,0.016366899,0.076618932,0.28543034,-2.7417914e-06,7.062807e-05,0.0010920363,0.036185347,0.0020185588,0.01211487,0.068024389,,,,
frozen_rkl_s312,mention_fate_x_teacher_stance,,hallucinated_object,kept_hallucinated,,,,teacher_rejects,,718,0.044290914,,,1,0,,,0.066491456,,0.44381788,,0.78989359,,0.1973929,,0.040129636,,0.009147908,,-0.06591002,,0.041572765,,,0.88627526,,,,,,,,,,,,,,,,,,,,,,,,,,,,,,,,,,,,,,,,,,,,,,,,,,,,,,,,,,,,,,,,,,,,,,,,,,,,,364,0.9047619,0.9047619,1,0.67398483,1.1459523,1.533326,0.25301534,0.59522569,1.1067112,0.027043939,0.099316254,0.20034103,-0.020683855,0.0039238781,0.086062329,0.0032922151,0.009982208,0.025681256,0.030640669,0,0,0,0.067130919,0,0,0,0.18389044,0,0,1,0.42121634,0,1,1,0.29712163,0,1,1,1,0,0,0.43347261,0,1,1,0.013534401,0.042162785,0.1136017,0.017721865,0.054584606,0.15907315,0.87450332,0.76087093,1.2293904,1.6263982,0.070083678,0.19149229,0.46799799,0.64121079,0.38724987,0.81016199,1.5373249,,,,
frozen_rkl_s312,mention_fate_x_teacher_stance,,hallucinated_object,kept_hallucinated,,,,teacher_supports,,724,0.044661033,,,1,0,,,0.080196281,,0.70266466,,0.94705513,,-0.21266378,,0.054418358,,0.013131702,,0.099796051,,-0.052195024,,,0.88865019,,,,,,,,,,,,,,,,,,,,,,,,,,,,,,,,,,,,,,,,,,,,,,,,,,,,,,,,,,,,,,,,,,,,,,,,,,,,,374,0.9047619,0.9047619,1,0.85641381,1.3096758,1.7719828,0.43429624,0.89902923,1.5494702,-0.046786189,0.018684044,0.1181278,0.033649791,0.14863713,0.38742803,0.0047373578,0.014077113,0.033001651,0.078729282,0,0,0,0.10082873,0,0,0.5,0.48319521,0,1,1,0.23664825,0,0.5,1,0.10059853,0,0,0.5,1,0,0,0.57953499,1,1,1,0.018567597,0.055446269,0.13814149,0.025472147,0.078927718,0.18569967,0.84976815,0.73542273,1.2282161,1.6493335,-0.091204487,-0.030233225,-0.014190589,0.49000089,0.27813333,0.66582173,1.1365949,,,,
frozen_rkl_s312,mention_fate_x_teacher_stance,,hallucinated_object,removed_hallucinated,,,,teacher_neutral,,91,0.0056134723,,,1,1,,,0.0053403136,,0.1106318,,0.23588388,,-0.00058259232,,0.013704143,,0.0031550716,,0.0084977316,,0.012478357,,,0.9118797,,,,,,,,,,,,,,,,,,,,,,,,,,,,,,,,,,,,,,,,,,,,,,,,,,,,,,,,,,,,,,,,,,,,,,,,,,,,,69,0.9047619,1,1,0.075124549,0.23722912,0.71222538,0.013116742,0.05346144,0.3400853,5.7032012e-06,0.0095057697,0.050617754,-4.7681169e-07,0.0014766272,0.017690009,0.00014947655,0.00055516243,0.002670195,0,0,0,0,0.032967033,0,0,0,0.12637363,0,0,1,0.8021978,1,1,1,0.038461538,0,0,0,1,0,1,0.038461538,0,0,0,0.0006939657,0.0021770991,0.012466926,0.00030309704,0.0013747439,0.0025854772,0.23814491,0.062827408,0.25074542,0.70100105,-1.0251559e-05,0.00039229682,0.0022825673,0.11004921,0.010706837,0.05358219,0.34092769,,,,
frozen_rkl_s312,mention_fate_x_teacher_stance,,hallucinated_object,removed_hallucinated,,,,teacher_rejects,,195,0.012028869,,,1,1,,,0.1327007,,0.73420392,,1.1406004,,0.33805989,,0.098064121,,0.020794559,,-0.12476521,,0.081341459,,,0.86437501,,,,,,,,,,,,,,,,,,,,,,,,,,,,,,,,,,,,,,,,,,,,,,,,,,,,,,,,,,,,,,,,,,,,,,,,,,,,,156,0.9047619,0.9047619,1,1.0318019,1.5285037,2.1395535,0.49775755,0.90190792,1.7410194,0.032541424,0.13191382,0.36848841,-0.050597422,0.010177717,0.15605884,0.0072834918,0.021494372,0.051800326,0.042735043,0,0,0,0.13333333,0,0,1,0.1982906,0,0,1,0.28461538,0,0.83333333,1,0.34102564,0,1,1,1,0,1,0.62564103,1,1,1,0.029535204,0.092190396,0.21792039,0.03370557,0.12767673,0.32150881,1.2333974,1.1036812,1.6500148,2.3608215,0.13247621,0.37752046,0.9513948,1.0722638,0.70478106,1.3847579,2.4758707,,,,
frozen_rkl_s312,mention_fate_x_teacher_stance,,hallucinated_object,removed_hallucinated,,,,teacher_supports,,203,0.012522361,,,1,1,,,0.1218247,,1.0251837,,1.270889,,-0.25445485,,0.077473408,,0.017372116,,0.12348192,,-0.032317463,,,0.8749963,,,,,,,,,,,,,,,,,,,,,,,,,,,,,,,,,,,,,,,,,,,,,,,,,,,,,,,,,,,,,,,,,,,,,,,,,,,,,158,0.9047619,0.9047619,1,1.1189049,1.6903623,2.2521128,0.73621523,1.3313571,2.3180768,-0.030921936,0.067529082,0.19786782,0.055310041,0.22818586,0.48138566,0.0078781918,0.018124894,0.04061771,0.13054187,0,0,1,0.1182266,0,0,1,0.4228243,0,1,1,0.17651888,0,0,1,0.15188834,0,0,1,1,0,1,0.66666667,1,1,1,0.031160679,0.073214516,0.17096167,0.033106793,0.11496536,0.20658513,1.177673,1.0448245,1.623789,2.2616169,-0.11101913,-0.038474834,-0.014571671,0.7707289,0.54785943,0.96081829,1.7416089,,,,
frozen_rkl_s312,mention_fate_x_offline_risk_bin,,correct_object,kept_correct,,,,,offline_risk_tail,3558,0.2194806,,,0,0,,,0.11491739,,0.77633263,,1.1139994,,-0.03521452,,0.070057373,,0.016960193,,0.062857621,,-0.038208067,,,0.87756548,,,,,,,,,,,,,,,,,,,,,,,,,,,,,,,,,,,,,,,,,,,,,,,,,,,,,,,,,,,,,,,,,,,,,,,,,,,,,902,0.9047619,0.9047619,1,1.0195884,1.404365,1.8485981,0.59707329,0.96864581,1.4854986,-0.02824205,0.04329583,0.1505396,0.045712817,0.16872825,0.38330099,0.0073820611,0.018180327,0.040877398,0.087174443,0,0,0,0.15163013,0,0,1,0.35167229,0,1,1,0.23137999,0,0.5,1,0.17814315,0,0,1,1,0,0,0.91034289,1,1,1,0.029679497,0.071567461,0.16693677,0.048298674,0.10939581,0.24749961,1.0804269,0.98472321,1.3921099,1.8348143,-0.056084752,0.13910447,0.34182821,0.74111811,0.57146735,0.93968722,1.4670685,,,,
frozen_rkl_s312,mention_fate_x_offline_risk_bin,,correct_object,kept_correct,,,,,offline_safe_bulk,9757,0.60187527,,,0,0,,,0.0074665807,,0.085666922,,0.23302286,,0.0047540318,,0.007382767,,0.0016671097,,0.00084380775,,-0.003217264,,,0.8993887,,,,,,,,,,,,,,,,,,,,,,,,,,,,,,,,,,,,,,,,,,,,,,,,,,,,,,,,,,,,,,,,,,,,,,,,,,,,,966,0.9047619,0.95238095,1,0.10672536,0.36888236,0.66622292,0.018783785,0.10030806,0.24170662,-0.00019511767,0.0068116784,0.052687854,1.3947054e-05,0.0047289412,0.029912053,0.00022159098,0.0012863056,0.0039845422,0.0038006901,0,0,0,0.0044583376,0,0,0,0.21472618,0,0,1,0.72108913,1,1,1,0.05592566,0,0,0,1,0,0,0,0,0,0,0.00087530195,0.0051268585,0.016200474,0.0010417643,0.0056087133,0.015624088,0.2384138,0.10502809,0.38020283,0.68217076,-1.1920906e-07,0.0039176028,0.033051376,0.090420953,0.018753378,0.10403714,0.25864033,,,,
frozen_rkl_s312,mention_fate_x_offline_risk_bin,,correct_object,removed_correct,,,,,offline_risk_tail,78,0.0048115477,,,0,1,,,0.18675444,,1.0484632,,1.3143146,,-0.068126576,,0.093394427,,0.020927672,,0.076709463,,0.03499612,,,0.8677317,,,,,,,,,,,,,,,,,,,,,,,,,,,,,,,,,,,,,,,,,,,,,,,,,,,,,,,,,,,,,,,,,,,,,,,,,,,,,60,0.9047619,0.9047619,1,1.1849687,1.6770453,2.1416127,0.69035995,1.2548439,1.905456,0.0086098909,0.10212721,0.33985615,-0.00055916049,0.21321157,0.46311865,0.011361267,0.022247192,0.042512224,0.12179487,0,0,1,0.21153846,0,0,1,0.20512821,0,0,1,0.26282051,0,0.5,1,0.19871795,0,0,1,1,1,0,0.91452991,1,1,1,0.047158429,0.090859903,0.1821826,0.065506335,0.14216789,0.29855962,1.2930675,1.1966326,1.5876459,2.1464697,-0.012366951,0.24634645,0.36383762,0.98033664,0.76485871,1.2297044,1.8129861,,,,
frozen_rkl_s312,mention_fate_x_offline_risk_bin,,correct_object,removed_correct,,,,,offline_safe_bulk,76,0.0046881747,,,0,1,,,0.012927447,,0.11625002,,0.32031973,,0.017618404,,0.011461723,,0.0025226688,,-0.01141512,,0.020242294,,,0.89037564,,,,,,,,,,,,,,,,,,,,,,,,,,,,,,,,,,,,,,,,,,,,,,,,,,,,,,,,,,,,,,,,,,,,,,,,,,,,,54,0.9047619,0.96428571,1,0.24908432,0.52230307,0.76066679,0.058577027,0.13447578,0.32889044,7.3490367e-06,0.049835689,0.10433602,-7.8049106e-06,0.0059900085,0.026477981,0.00065270624,0.0024619187,0.0051812129,0,0,0,0,0,0,0,0,0.19078947,0,0,1,0.71052632,1,1,1,0.098684211,0,0,0.25,1,1,0,0,0,0,0,0.0026515825,0.010165661,0.022619463,0.0037084107,0.010971618,0.020449402,0.35446941,0.24629963,0.60691155,0.87279195,0.00060253404,0.024089953,0.069960847,0.13386842,0.05901975,0.20407578,0.37703705,,,,
frozen_rkl_s312,mention_fate_x_offline_risk_bin,,hallucinated_object,kept_hallucinated,,,,,offline_risk_tail,765,0.04719018,,,1,0,,,0.12304371,,0.93351282,,1.2492059,,-0.031239208,,0.073762056,,0.017646594,,0.046374194,,-0.021300325,,,0.87592552,,,,,,,,,,,,,,,,,,,,,,,,,,,,,,,,,,,,,,,,,,,,,,,,,,,,,,,,,,,,,,,,,,,,,,,,,,,,,401,0.9047619,0.9047619,1,1.1756731,1.5343803,1.939845,0.70430613,1.1373997,1.7357801,-0.015703321,0.075241208,0.18858862,0.026838958,0.18306965,0.44029102,0.0089074988,0.021116998,0.044703418,0.097385621,0,0,0,0.14928105,0,0,1,0.34252723,0,1,1,0.17997821,0,0,1,0.23082789,0,0,1,1,0,0,0.968061,1,1,1,0.035190143,0.084959976,0.1813696,0.055361487,0.12408398,0.25443842,1.2140278,1.1429143,1.5487127,1.9145308,-0.060436383,0.15387118,0.42995617,0.90227361,0.68238401,1.1367581,1.7125895,,,,
frozen_rkl_s312,mention_fate_x_offline_risk_bin,,hallucinated_object,kept_hallucinated,,,,,offline_safe_bulk,1488,0.091789526,,,1,0,,,0.0085233508,,0.09611339,,0.25792982,,0.0075539435,,0.0092492645,,0.0020532235,,-0.007617997,,0.0041462934,,,0.90381653,,,,,,,,,,,,,,,,,,,,,,,,,,,,,,,,,,,,,,,,,,,,,,,,,,,,,,,,,,,,,,,,,,,,,,,,,,,,,455,0.9047619,1,1,0.13367926,0.43577492,0.6855913,0.024101718,0.11700633,0.25372964,-3.3442114e-05,0.014039281,0.081366745,4.7683534e-07,0.0028133932,0.028019457,0.00022408662,0.0015208842,0.0050317349,0.0030241935,0,0,0,0.0067204301,0,0,0,0.20133289,0,0,1,0.70822133,1,1,1,0.080701165,0,0,0,1,0,0,0,0,0,0,0.00087051617,0.0060036119,0.019771154,0.0013186804,0.0066055598,0.01839279,0.26830748,0.12190354,0.47815818,0.72250867,0,0.0053595002,0.044350656,0.10366733,0.023471489,0.12901302,0.28667826,,,,
frozen_rkl_s312,mention_fate_x_offline_risk_bin,,hallucinated_object,removed_hallucinated,,,,,offline_risk_tail,275,0.01696379,,,1,1,,,0.17068956,,1.2003839,,1.5162424,,0.037262757,,0.11093882,,0.024599793,,0.019419917,,0.0049262003,,,0.8608845,,,,,,,,,,,,,,,,,,,,,,,,,,,,,,,,,,,,,,,,,,,,,,,,,,,,,,,,,,,,,,,,,,,,,,,,,,,,,201,0.9047619,0.9047619,1,1.3962936,1.9243366,2.5486967,0.89465392,1.4897316,2.4563551,-0.012809634,0.10134739,0.26104755,0.019594729,0.21973592,0.46403499,0.01147894,0.025142887,0.055268293,0.11575758,0,0,1,0.17818182,0,0,1,0.32363636,0,1,1,0.14060606,0,0,0.86666667,0.24181818,0,0.41666667,1,1,0,1,0.94848485,1,1,1,0.047410283,0.099313896,0.21688845,0.072337389,0.16517887,0.33439413,1.4950237,1.3819578,1.909499,2.5145803,-0.01840055,0.22065568,0.81528845,1.2376467,0.88246435,1.5412717,2.5132741,,,,
frozen_rkl_s312,mention_fate_x_offline_risk_bin,,hallucinated_object,removed_hallucinated,,,,,offline_safe_bulk,214,0.013200913,,,1,1,,,0.019408374,,0.14599988,,0.39675842,,0.018537714,,0.026114517,,0.0051572283,,-0.017895187,,0.042439088,,,0.89913641,,,,,,,,,,,,,,,,,,,,,,,,,,,,,,,,,,,,,,,,,,,,,,,,,,,,,,,,,,,,,,,,,,,,,,,,,,,,,166,0.9047619,1,1,0.30584088,0.65915011,0.91720617,0.061966605,0.19138912,0.3612666,0.0014670156,0.051218212,0.21790254,-0.00069783302,0.0052027372,0.047313273,0.0008430669,0.0027155788,0.012638371,0.014018692,0,0,0,0.018691589,0,0,0,0.21962617,0,0,1,0.58722741,1,1,1,0.16043614,0,0,1,1,0,1,0,0,0,0,0.0033843257,0.012262135,0.053064616,0.0025851247,0.0083040709,0.021672351,0.42112039,0.31544171,0.70638868,0.93159388,-2.909444e-06,0.0143359,0.062059303,0.1645376,0.071066373,0.23848885,0.41552073,,,,
riskmask_p30_s100,token_role_x_rkl_nll,correct_object,,,highRKL,highNLL,,,,2318,0.0040420245,2318,0,,,1,0.15377595,,1.0689316,,1.3807514,,-0.093216621,,0.072441443,,0.017744699,,0.091921738,,-0.030862275,,0.8106126,0.88424022,,0.15056083,0.34124245,0.18981881,0.18334771,0.1350302,0.9047619,0.9047619,1,0.9884933,0.99896625,0.99989432,0.99999225,1.4814495,1,2,2,0.78688525,1.280873,1.6601825,2.1498364,0.82863408,1.2410426,1.8763841,1.553063,1,2,2,0.72476273,0.0012368501,5.8710575e-06,0.00039598346,0.003121835,-0.020307302,0.052151024,0.14391336,0.068584532,0.24510245,0.48653534,0.094963332,5.9604645e-08,0.375,0.75,0.019987658,0.014470279,0.077957749,0.14622126,0.99913719,0.99956859,1,0.0077482886,0.018478178,0.039515108,0.03174745,0.015996824,0.034614655,0.072249435,0.15056083,0.97627265,1,0.030966576,0.074301282,0.16375379,0.066772405,0.14618796,0.32049239,1.3269031,1.236754,1.6297834,2.1312604,-0.11282437,0.17649738,0.44140964,0.97571496,0.78073493,1.1855693,1.8098692,814,,,,,,,,,,,,,,,,,,,,,,,,,,,,,,,,,,,,,,,,,,,,,,,,,,,,,,,,,,,,,,,0.1350302,0.18981881,0.34124245,0.18334771
riskmask_p30_s100,token_role_x_rkl_nll,correct_object,,,highRKL,lowNLL,,,,1980,0.0034526353,1980,0,,,0.44949495,0.089571383,,0.19150481,,0.59931219,,0.065192579,,0.031131714,,0.0072561699,,-0.013932893,,0.0017951025,,0.99343434,0.881447,,0.3459596,0.40808081,0.0070707071,0.23686869,0.002020202,0.9047619,0.9047619,1,0.99819513,0.99986064,0.99998881,0.99999899,1.0045455,1,1,1,0.97070707,0.58665544,0.79253218,1.0120868,0.1832099,0.28406237,0.3627379,1,1,1,1,0.96969697,6.8844388e-05,8.9406967e-07,5.6132674e-05,0.00050982833,-0.0016004294,0.086123943,0.19923313,1.2144446e-06,0.043601073,0.091407397,-0.0032196935,-2.9802322e-08,0.37500002,0.75000002,-0.005753112,3.4570694e-06,0.03650099,0.074448603,1,1,1,0.0032609254,0.0076800049,0.016675106,0.01935787,0.0095964978,0.018099541,0.038723438,0.3459596,0.46666667,0.44949495,0.012732532,0.030810473,0.068652074,0.039774897,0.077367537,0.16486434,0.62671491,0.59166139,0.84036501,1.0919006,0.031098391,0.12422527,0.24297418,0.25669739,0.18372693,0.32995262,0.50315417,788,,,,,,,,,,,,,,,,,,,,,,,,,,,,,,,,,,,,,,,,,,,,,,,,,,,,,,,,,,,,,,,0.002020202,0.0070707071,0.40808081,0.23686869
riskmask_p30_s100,token_role_x_rkl_nll,correct_object,,,lowRKL,highNLL,,,,944,0.0016461049,944,0,,,0.47775424,0.0072588435,,0.80436273,,1.0831228,,-0.0091577309,,0.020659952,,0.0050594028,,0.042178134,,-0.014514641,,0.88135593,0.92072859,,0.30402542,0.30190678,0.11864407,0.15783898,0.11758475,0.9047619,1,1,0.99650021,0.99979353,0.99997663,0.99999796,1.2394068,1,1,2,0.87394068,1.0033534,1.2997695,1.5946773,0.67459813,0.89312366,1.191738,1.2489407,1,1,2,0.92690678,1.2291753e-05,2.3841858e-07,3.5241246e-05,0.00040416718,-0.0074609518,0.02192767,0.065749437,0.015293181,0.10948128,0.22134053,0.058130295,0,0.25,0.49999994,0.014619183,0.0051779747,0.053130567,0.095772317,1,1,0.99894068,0.001942287,0.0051290381,0.011106405,0.0017984342,0.0018353465,0.0025788979,0.0034932573,0.30402542,0.34745763,0.47775424,0.007789392,0.020582704,0.043913539,0.0073966775,0.010509487,0.014087428,1.0786896,0.99245292,1.2835918,1.5960434,-0.0037359297,0.047936916,0.10859915,0.795205,0.66524604,0.88431035,1.1843237,543,,,,,,,,,,,,,,,,,,,,,,,,,,,,,,,,,,,,,,,,,,,,,,,,,,,,,,,,,,,,,,,0.11758475,0.11864407,0.30190678,0.15783898
riskmask_p30_s100,token_role_x_rkl_nll,correct_object,,,lowRKL,lowNLL,,,,10803,0.018837787,10803,0,,,0.0014810701,0.002090623,,0.045506662,,0.15523477,,0.00042281202,,0.0028836411,,0.00068049012,,-0.0013150469,,0.00051589183,,0.99981487,0.91559068,,0.83412015,0.13468481,0.00037026752,0.030732204,9.256688e-05,0.9047619,1,1,0.99972452,0.99999863,0.99999994,1,1,1,1,1,0.99981487,0.028783785,0.2172775,0.53580668,0.0038619475,0.045741608,0.16386198,1,1,1,1,1,8.9981992e-06,0,4.1723251e-07,1.5258789e-05,3.5876312e-08,0.0032660023,0.036211562,0,0.00051683642,0.010660625,-0.015076831,-1.3038516e-08,0.24999992,0.5,-0.00084427981,0,0.0005094111,0.009964788,1,1,1,3.2951313e-05,0.00040929945,0.0015718637,0.00051196823,5.1009349e-05,0.00060862768,0.0018007584,0.83412015,0.008423586,0.0014810701,0.00013477448,0.0016526378,0.0063019548,0.0002141787,0.00253501,0.0074451039,0.15537445,0.02807866,0.22038005,0.53585762,0,0.00059131082,0.013438722,0.045929474,0.0037724061,0.046197649,0.16340532,969,,,,,,,,,,,,,,,,,,,,,,,,,,,,,,,,,,,,,,,,,,,,,,,,,,,,,,,,,,,,,,,9.256688e-05,0.00037026752,0.13468481,0.030732204
riskmask_p30_s100,token_role_x_rkl_nll,hallucinated_object,,,highRKL,highNLL,,,,732,0.0012764288,732,1,,,1,0.18321377,,1.2700455,,1.50497,,-0.041751058,,0.082108123,,0.019471008,,0.059081828,,0.0098080893,,0.82513661,0.87769971,,0.1420765,0.30327869,0.17759563,0.23497268,0.1420765,0.9047619,0.9047619,1,0.98432779,0.99750346,0.99961655,0.99996443,1.8784153,1,2,3,0.74590164,1.4343671,1.819762,2.2526493,0.9515312,1.4796863,2.3857386,1.8825137,1,2,3,0.7226776,0.00070431112,1.1324883e-06,0.00054557621,0.0040314555,-3.4928322e-05,0.085296482,0.22383887,0.030345738,0.21025953,0.4999478,0.025956282,0,0.25000006,0.62499999,0.0020387242,0.0020246208,0.062127586,0.12026868,0.99453552,0.99453552,0.99180328,0.0084160753,0.01895908,0.044916982,0.038156629,0.017611072,0.041270328,0.083764067,0.1420765,0.97540984,1,0.033997895,0.075321168,0.18806627,0.072692465,0.17538234,0.38997916,1.4677175,1.3913535,1.791893,2.3190033,-0.10393387,0.22199431,0.6063974,1.2282944,0.90660414,1.49747,2.3573206,416,,,,,,,,,,,,,,,,,,,,,,,,,,,,,,,,,,,,,,,,,,,,,,,,,,,,,,,,,,,,,,,0.1420765,0.17759563,0.30327869,0.23497268
riskmask_p30_s100,token_role_x_rkl_nll,hallucinated_object,,,highRKL,lowNLL,,,,419,0.00073063342,419,1,,,0.49164678,0.098169158,,0.20640928,,0.66514126,,0.088683369,,0.036681106,,0.0083087333,,-0.033938541,,0.036131625,,0.98806683,0.88434713,,0.35083532,0.33651551,0.014319809,0.29116945,0.0071599045,0.9047619,0.9047619,1,0.99649255,0.99975711,0.99996978,0.99999564,1.0095465,1,1,1,0.97136038,0.64798641,0.85641381,1.0714857,0.20076998,0.2993017,0.3747698,1,1,1,1,0.96897375,-0.00068659529,-2.3841858e-07,3.9666891e-05,0.00054655075,0.024160266,0.11515173,0.24914845,-0.011198342,0.037997637,0.093238191,-0.09576372,-0.12499988,0.25000007,0.62500006,-0.017021295,-0.0096786022,0.033408046,0.070599151,1,1,1,0.0035620381,0.0094372006,0.017968049,0.022662943,0.0095765153,0.020628791,0.042513819,0.35083532,0.54892601,0.49164678,0.013604114,0.039978726,0.074449843,0.040946264,0.087680008,0.18840958,0.71593843,0.67044342,0.9021849,1.2075932,0.046313606,0.13375159,0.31291215,0.29509265,0.21381116,0.39060694,0.5591361,290,,,,,,,,,,,,,,,,,,,,,,,,,,,,,,,,,,,,,,,,,,,,,,,,,,,,,,,,,,,,,,,0.0071599045,0.014319809,0.33651551,0.29116945
riskmask_p30_s100,token_role_x_rkl_nll,hallucinated_object,,,lowRKL,highNLL,,,,207,0.00036095732,207,1,,,0.5410628,0.0076313709,,0.91382053,,1.1875622,,-0.0038790238,,0.016951265,,0.0041821648,,-0.013537425,,-0.0024832994,,0.90338164,0.90984651,,0.30917874,0.25603865,0.096618357,0.23671498,0.10144928,0.9047619,1,1,0.99439267,0.99945748,0.99993297,0.99999683,1.589372,1,1,2,0.85507246,1.1324373,1.4207458,1.6751924,0.6790297,0.98930445,1.4048181,1.5990338,1,1,2,0.91304348,4.70105e-05,0,6.7085028e-05,0.0006475091,2.7656555e-05,0.031366885,0.073795223,0.0026369095,0.076026991,0.14228671,0.02113527,0,0.24999994,0.375,0.0030683465,0.0011024773,0.034455582,0.07311933,0.99516908,0.99516908,0.99516908,0.0021029925,0.0051209405,0.0080205187,0.0018987701,0.0019323984,0.0026386122,0.0034797148,0.30917874,0.4589372,0.5410628,0.008451622,0.020059139,0.031602198,0.0075742784,0.010957863,0.013855717,1.1858525,1.1180409,1.399713,1.6808341,-9.727478e-05,0.067222431,0.11899174,0.90994151,0.69151711,0.96496797,1.4374363,168,,,,,,,,,,,,,,,,,,,,,,,,,,,,,,,,,,,,,,,,,,,,,,,,,,,,,,,,,,,,,,,0.10144928,0.096618357,0.25603865,0.23671498
riskmask_p30_s100,token_role_x_rkl_nll,hallucinated_object,,,lowRKL,lowNLL,,,,1592,0.0027760582,1592,1,,,0.0018844221,0.0025283434,,0.056507873,,0.19509713,,0.00057975216,,0.0044340733,,0.0010147054,,-0.0060424644,,0.0098359836,,1,0.91520042,,0.82600503,0.11557789,0,0.058417085,0,0.9047619,1,1,0.99967004,0.9999949,0.99999982,1,1,1,1,1,1,0.065262873,0.31277347,0.60326633,0.010103865,0.074300721,0.20263998,1,1,1,1,1,-2.0676784e-05,0,4.7683716e-07,1.6194582e-05,1.2579578e-05,0.012599124,0.060107885,-8.940645e-07,0.00043614664,0.0087804925,-0.064070355,-7.8696758e-08,0.12500031,0.37500012,-0.0045637961,-9.2387199e-07,0.0004338026,0.0081272423,1,1,1,7.5651551e-05,0.0005821314,0.0024197917,0.00062167751,0.00013503817,0.00087594397,0.0020801656,0.82600503,0.0094221106,0.0018844221,0.00030029622,0.0023761489,0.0096692897,0.00055098865,0.003578962,0.0083375043,0.19516049,0.066163339,0.31361792,0.59911834,-1.1920918e-07,0.0013991918,0.019448119,0.057087625,0.010654529,0.071583763,0.2020872,503,,,,,,,,,,,,,,,,,,,,,,,,,,,,,,,,,,,,,,,,,,,,,,,,,,,,,,,,,,,,,,,,,0.11557789,0.058417085
riskmask_p30_s100,token_role_x_rkl_nll,non_object_token,,,highRKL,highNLL,,,,104556,0.18232007,0,,,,1,0.12407967,,1.0757227,,1.4661024,,-0.058071188,,0.054993389,,0.013188376,,0.063303558,,-0.013409287,,0.8193504,0.89701911,,0.17663262,0.30026015,0.18143387,0.19407781,0.14759555,0.9047619,1,1,0.98994077,0.99859256,0.99984504,0.99998534,1.5005165,1,2,2,0.78690845,1.3994005,1.7559658,2.1380318,0.87366045,1.2886458,1.8399977,1.5711676,1,2,2,0.73318604,0.00052664346,2.9206276e-06,0.00033511221,0.0023656189,-0.0097215176,0.052939475,0.13745981,0.045692682,0.18216968,0.37695208,0.043005064,0,0.25,0.50000006,0.0091633479,0.0061944872,0.057712689,0.11361685,0.99901488,0.99897662,0.99870883,0.0062939411,0.013967878,0.029451228,0.02663695,0.013306205,0.02779784,0.057687286,0.17663262,0.98448678,1,0.025226942,0.056086823,0.11951662,0.054642027,0.11605753,0.25098167,1.4279982,1.3677678,1.7383705,2.126332,-0.082712173,0.17251584,0.38791901,1.0176515,0.84342921,1.2484953,1.7897431,985,,,,,,,,,,,,,,,,,,,,,,,,,,,,,,,,,,,,,,,,,,,,,,,,,,,,,,,,,,,,,,,0.14759555,0.18143387,0.30026015,0.19407781
riskmask_p30_s100,token_role_x_rkl_nll,non_object_token,,,highRKL,lowNLL,,,,60679,0.10580932,0,,,,0.50272747,0.075605362,,0.21828133,,0.67533998,,0.06325591,,0.030569023,,0.006884467,,-0.02064297,,0.013620968,,0.99406714,0.89467089,,0.35809753,0.36918868,0.0067898284,0.26416058,0.0017633778,0.9047619,1,1,0.99820967,0.99985635,0.99998701,0.99999899,1.0058999,1,1,1,0.97676297,0.66532922,0.87747452,1.0614341,0.21731021,0.31407173,0.37634632,1,1,1,1,0.97725737,-3.1024247e-06,1.1920929e-07,4.0829182e-05,0.00042173862,0.003496483,0.093288749,0.1944121,-0.0017122477,0.039013118,0.085058516,-0.03466603,-2.9802322e-08,0.25000006,0.62500003,-0.010471784,-0.0014103651,0.032325655,0.06819576,0.99998352,1,0.99990112,0.0029784208,0.0068551973,0.014902611,0.017524009,0.0086575029,0.016232851,0.032807575,0.35809753,0.54902025,0.50272747,0.011983218,0.027958166,0.061827497,0.035795845,0.067484811,0.13944869,0.71278426,0.68528664,0.93218571,1.1851939,0.038003139,0.13060264,0.24208906,0.28153724,0.22367766,0.37754907,0.53911505,985,,,,,,,,,,,,,,,,,,,,,,,,,,,,,,,,,,,,,,,,,,,,,,,,,,,,,,,,,,,,,,,0.0017633778,0.0067898284,0.36918868,0.26416058
riskmask_p30_s100,token_role_x_rkl_nll,non_object_token,,,lowRKL,highNLL,,,,62029,0.10816339,0,,,,0.48891647,0.0072487361,,0.79761239,,1.1819434,,-0.0053270859,,0.013134859,,0.0032492388,,0.015683607,,-0.0044958317,,0.89974044,0.93212101,,0.35791323,0.23867868,0.10027568,0.19155556,0.11157684,0.9047619,1,1,0.99714257,0.99977684,0.99997723,0.99999762,1.2211707,1,1,2,0.89611311,1.1239552,1.4058838,1.7066971,0.68798357,0.92107129,1.230542,1.23302,1,1,2,0.928211,-2.068509e-05,-5.9604645e-08,1.7940998e-05,0.00022745132,-0.0015017986,0.026936412,0.067224646,0.0033317804,0.083489537,0.15664934,0.021086911,0,0.12500009,0.25000006,0.0044071379,0.00059330463,0.034435481,0.06260283,0.99993551,0.99988715,0.99991939,0.0018563927,0.0034550475,0.007383451,0.0017995322,0.0018529482,0.0025719376,0.0034096219,0.35791323,0.41150107,0.48891647,0.0074310135,0.013838131,0.029650464,0.0074527822,0.010393957,0.013773051,1.178602,1.1210117,1.4028786,1.706992,-0.0016002357,0.052429348,0.1104265,0.7922853,0.68860972,0.91802728,1.2250066,985,,,,,,,,,,,,,,,,,,,,,,,,,,,,,,,,,,,,,,,,,,,,,,,,,,,,,,,,,,,,,,,0.11157684,0.10027568,0.23867868,0.19155556
riskmask_p30_s100,token_role_x_rkl_nll,non_object_token,,,lowRKL,lowNLL,,,,322865,0.56299752,0,,,,0.0019079182,0.0024860472,,0.072669048,,0.23601626,,0.00094244856,,0.0031479713,,0.0007453146,,-0.0021058045,,0.0020645256,,0.99978009,0.92501255,,0.79742927,0.15697273,0.00052963313,0.044848466,0.00021990615,0.9047619,1,1,0.99973743,0.99999779,0.99999994,1,1.0001363,1,1,1,0.99978009,0.10050669,0.40690741,0.68387095,0.017403157,0.10592657,0.25208554,1,1,1,1,1,-5.2245308e-06,0,3.5762787e-07,1.2159348e-05,3.4034184e-07,0.0087153316,0.049913448,0,0.001332402,0.017082877,-0.020314411,-1.4901161e-08,0.24999966,0.3750001,-0.0013633477,0,0.0012791753,0.015246511,1,1,1,8.4726373e-05,0.00061979168,0.0017769306,0.00061358045,0.00013449453,0.0008890304,0.0020035505,0.79742927,0.01335233,0.0019079182,0.00034076866,0.0025059739,0.0072073687,0.00054881483,0.0035873938,0.0081758916,0.23679149,0.1001029,0.40729445,0.68614771,0,0.0021218089,0.02219531,0.073611497,0.017420379,0.10605694,0.25221347,985,,,,,,,,,,,,,,,,,,,,,,,,,,,,,,,,,,,,,,,,,,,,,,,,,,,,,,,,,,,,,,,0.00021990615,0.00052963313,0.15697273,0.044848466
riskmask_p30_s100,token_role_x_rkl_nll,unknown_object,,,highRKL,highNLL,,,,4,6.9750207e-06,0,,,,1,0.10585427,,0.84093198,,1.2877262,,-0.16985533,,0.039340368,,0.010466551,,0.20143662,,-0.13750359,,0.75,0.8474026,,0,0.5,0.25,0,0.25,0.86147186,0.92857143,0.97142857,0.99667008,0.99863589,0.99948217,0.99977584,1.25,1,1.25,1.7,0.75,1.2348532,1.3396707,1.5254186,0.74078962,0.95940895,1.1636586,1.5,1.5,2,2,0.5,0.0029098541,5.9723854e-05,0.003022477,0.008233875,-0.051708579,-0.0070344806,0.031717539,0.2009491,0.2222653,0.24176655,0.21874996,0.3125,0.53124999,0.58749998,0.053078704,0.059021488,0.10437703,0.13900113,1,1,1,0.0079734465,0.013693131,0.018762336,0.023445803,0.023505137,0.036852546,0.039878601,,1,1,0.030587759,0.050869051,0.06877393,0.098431706,0.16409507,0.19030276,1.1273633,1.1318421,1.2813105,1.2948244,-0.18671721,0.0055314153,0.067826658,0.67107665,0.58779617,0.87643631,1.1130233,3,,,,,,,,,,,,,,,,,,,,,,,,,,,,,,,,,,,,,,,,,,,,,,,,,,,,,,,,,,,,,,,0.25,0.25,0.5,
riskmask_p30_s100,token_role_x_rkl_nll,unknown_object,,,highRKL,lowNLL,,,,1,1.7437552e-06,0,,,,0,0.063054584,,0.034657173,,0.19966188,,0.10300229,,0.0023684846,,0.00054656074,,-0.0041567348,,0.023429736,,1,1,,1,0,0,0,0,1,1,1,0.99999827,0.99999827,0.99999827,0.99999827,1,1,1,1,1,0.19966188,0.19966188,0.19966188,0.034657173,0.034657173,0.034657173,1,1,1,1,1,-6.5565109e-07,-6.5565109e-07,-6.5565109e-07,-6.5565109e-07,0.023429736,0.023429736,0.023429736,-0.0041567348,-0.0041567348,-0.0041567348,0.25000033,0.25000033,0.25000033,0.25000033,-0.004006803,-0.004006803,-0.004006803,-0.004006803,1,1,1,0.00054656074,0.00054656074,0.00054656074,0.018986907,0.018986907,0.018986907,0.018986907,1,0,0,0.0023684846,0.0023684846,0.0023684846,0.063054584,0.063054584,0.063054584,0.55379021,0.55379021,0.55379021,0.55379021,0.10300229,0.10300229,0.10300229,0.13765946,0.13765946,0.13765946,0.13765946,1,,,,,,,,,,,,,,,,,,,,,,,,,,,,,,,,,,,,,,,,,,,,,,,,,,,,,,,,,,,,,,,,,,
riskmask_p30_s100,token_role_x_rkl_nll,unknown_object,,,lowRKL,lowNLL,,,,5,8.7187759e-06,0,,,,0,0.0017693365,,0.031383543,,0.13495491,,0.005358895,,0.00074532887,,0.00018006506,,-0.0042674099,,0.0067469363,,1,0.96190476,,1,0,0,0,0,1,1,1,0.99995308,0.99999946,0.9999997,0.99999988,1,1,1,1,1,0.047840934,0.10198709,0.34517681,0.0076597077,0.016851099,0.084813044,1,1,1,1,1,3.3974648e-06,1.7881393e-07,2.3841858e-07,1.1539459e-05,0.0021938831,0.0064876005,0.021900222,-0.00032776291,3.6475813e-05,0.00069330991,0.05000014,-4.0512532e-08,1.4156103e-07,0.3750002,-0.0037134171,-0.00032699108,3.6418438e-05,0.00068229437,1,1,1,4.6305999e-05,9.3086564e-05,0.00048807533,0.00045663578,0.00033643446,0.00071565958,0.00098790666,1,0,0,0.00017730682,0.00042750023,0.002021493,0.0015459338,0.0027857705,0.0036662163,0.14783477,0.030537639,0.14284873,0.38825408,-2.9204384e-05,0.010895789,0.016251177,0.036742438,0.0043516704,0.027746888,0.10106422,2,,,,,,,,,,,,,,,,,,,,,,,,,,,,,,,,,,,,,,,,,,,,,,,,,,,,,,,,,,,,,,,,,,
riskmask_p30_s100,token_role_x_rkl_nll,unknown_token,,,highRKL,highNLL,,,,834,0.0014542918,0,,,,1,0.16474554,,1.0487216,,1.476746,,-0.068781385,,0.069543699,,0.015720092,,0.083116629,,-0.020099788,,0.80815348,0.8924174,,0.17505995,0.30455635,0.19184652,0.17745803,0.15107914,0.9047619,1,1,0.98859947,0.99864376,0.99985002,0.99998854,1.3800959,1,2,2,0.78297362,1.4002634,1.7714998,2.1902306,0.85140157,1.226124,1.7692317,1.4328537,1,2,2,0.71582734,0.0017974213,3.3080578e-06,0.00045666099,0.0024965882,-0.015194774,0.050703734,0.12954549,0.054850072,0.19706652,0.39799932,0.058453242,1.4901161e-08,0.25000006,0.62499999,0.012673754,0.0088448673,0.061904818,0.12233098,1,1,1,0.0073296465,0.015614586,0.033175476,0.032534831,0.015315607,0.034181843,0.071938597,0.17505995,0.98681055,1,0.028902595,0.061122917,0.13559552,0.063550413,0.1439635,0.31783829,1.4314028,1.3666428,1.7477413,2.1921746,-0.075611189,0.18142591,0.38970625,0.97994017,0.8297163,1.182328,1.7804297,8,,,,,,,,,,,,,,,,,,,,,,,,,,,,,,,,,,,,,,,,,,,,,,,,,,,,,,,,,,,,,,,0.15107914,0.19184652,0.30455635,0.17745803
riskmask_p30_s100,token_role_x_rkl_nll,unknown_token,,,highRKL,lowNLL,,,,520,0.00090675269,0,,,,0.50769231,0.082840957,,0.20967786,,0.65469869,,0.065197837,,0.037406751,,0.0082555034,,-0.024416083,,0.014809669,,0.99423077,0.89610998,,0.38076923,0.35192308,0.0057692308,0.25961538,0.0019230769,0.9047619,1,1,0.99812631,0.9998787,0.99999166,0.99999893,1.0057692,1,1,1,0.96730769,0.65791333,0.86423984,1.0354928,0.20604476,0.3076207,0.37026433,1,1,1,1,0.97115385,2.977252e-05,1.1920929e-07,3.285706e-05,0.00035288334,0.0014151596,0.09221971,0.22508511,-0.00029231887,0.039646275,0.089628213,-0.035817303,0,0.25000006,0.7499996,-0.011445106,-0.00015997887,0.032867014,0.073165727,1,1,1,0.0028424648,0.0081333842,0.017891207,0.019607075,0.01032743,0.01793701,0.038620543,0.38076923,0.54615385,0.50769231,0.011329878,0.032440437,0.07498422,0.043479325,0.074223472,0.16580048,0.6957112,0.67176804,0.9257586,1.1603127,0.043304279,0.12527767,0.26254233,0.2748757,0.20733765,0.35757621,0.55079325,8,,,,,,,,,,,,,,,,,,,,,,,,,,,,,,,,,,,,,,,,,,,,,,,,,,,,,,,,,,,,,,,0.0019230769,0.0057692308,0.35192308,0.25961538
riskmask_p30_s100,token_role_x_rkl_nll,unknown_token,,,lowRKL,highNLL,,,,419,0.00073063342,0,,,,0.48687351,0.0071521372,,0.78503344,,1.1391952,,0.0066607119,,0.01451178,,0.0034560178,,0.032150201,,-0.0020305935,,0.88305489,0.92841308,,0.35799523,0.24105012,0.11694511,0.16229117,0.12171838,0.9047619,1,1,0.99750307,0.99984837,0.99998283,0.99999917,1.1980907,1,1,2,0.87350835,1.085423,1.3354362,1.6586133,0.68544865,0.85720021,1.1700042,1.2052506,1,1,2,0.90930788,-2.551534e-05,0,1.2874603e-05,0.00020889044,-1.4305115e-06,0.024740398,0.064544702,0.0092871189,0.088690847,0.1531153,0.01789976,0,0.24999994,0.25000006,0.0041332198,0.00016880035,0.035703808,0.061820185,1,1,1,0.0017712786,0.0031747093,0.0071550751,0.0017787645,0.0018825539,0.002468626,0.0032878934,0.35799523,0.37708831,0.48687351,0.0070030158,0.012915956,0.028669728,0.007569788,0.0098447721,0.0131262,1.1390817,1.0857317,1.3518763,1.6483307,-0.00095772743,0.064075589,0.11721123,0.79169415,0.68404442,0.88883328,1.1444955,8,,,,,,,,,,,,,,,,,,,,,,,,,,,,,,,,,,,,,,,,,,,,,,,,,,,,,,,,,,,,,,,0.12171838,0.11694511,0.24105012,0.16229117
riskmask_p30_s100,token_role_x_rkl_nll,unknown_token,,,lowRKL,lowNLL,,,,2568,0.0044779633,0,,,,0.0019470405,0.0022698418,,0.0564966,,0.18823655,,0.00085228387,,0.0028843767,,0.00067405483,,-0.0017992221,,0.0028068096,,1,0.91840677,,0.83839564,0.12772586,0,0.033878505,0,0.9047619,1,1,0.99974627,0.99999911,0.99999994,1,1,1,1,1,1,0.046101768,0.28915539,0.61812257,0.0068571365,0.070144061,0.20360851,1,1,1,1,1,-4.7537489e-06,0,1.7881393e-07,6.8128109e-06,1.131555e-06,0.0052357118,0.045559895,-1.1920918e-07,0.00043375231,0.012020845,-0.073233062,-1.1618249e-07,0.12500031,0.37500031,-0.0013336489,-1.1920929e-07,0.00042685866,0.011124337,1,1,1,3.8463466e-05,0.00047435873,0.0016393833,0.00055721245,7.0468705e-05,0.00075323408,0.0019612881,0.83839564,0.011682243,0.0019470405,0.00015732532,0.001952323,0.0067422854,0.00027727715,0.0030820398,0.007999105,0.18913938,0.045345873,0.29614514,0.62541764,0,0.0011270593,0.017560794,0.057348884,0.0066669756,0.0692895,0.19999127,8,,,,,,,,,,,,,,,,,,,,,,,,,,,,,,,,,,,,,,,,,,,,,,,,,,,,,,,,,,,,,,,,,0.12772586,0.033878505
riskmask_p30_s100,token_role_x_rkl_entropy,correct_object,,,highRKL,,highEnt,,,2273,0.0039635555,2273,0,,,0.98328201,0.13968534,,0.92419109,,1.4486487,,-0.035693302,,0.0653729,,0.016116522,,0.052455994,,-0.035273343,,0.84513858,0.88370087,,0.17201936,0.36295645,0.15530136,0.21513418,0.094588649,0.9047619,0.9047619,1,0.98719098,0.99811816,0.99966896,0.99995444,1.391993,1,1,2,0.81654201,1.3089288,1.6703058,2.1567813,0.74387163,1.1237223,1.6955019,1.4153102,1,2,2,0.77386714,0.0012138212,2.3722649e-05,0.00072109699,0.003825438,-0.026685715,0.057567358,0.15685005,0.041737884,0.18013704,0.39070206,0.086449627,5.9604645e-08,0.37499997,0.62500009,0.018454708,0.015467331,0.070733309,0.13172486,0.99956005,1,1,0.0074693989,0.017435532,0.035735459,0.029329427,0.014725475,0.031843774,0.06566924,0.17201936,1,0.98328201,0.029762253,0.068181433,0.14683406,0.062984221,0.1349259,0.2983314,1.3904909,1.2884536,1.654377,2.1396998,-0.061490834,0.16295904,0.39175651,0.88849779,0.71679062,1.1046042,1.6885467,803,,,,,,,,,,,,,,,,,,,,,,,,,,,,,,,,,,,,,,,,,,,,,,,,,,,,,,,,,,,,,,,0.094588649,0.15530136,0.36295645,0.21513418
riskmask_p30_s100,token_role_x_rkl_entropy,correct_object,,,highRKL,,lowEnt,,,2025,0.0035311042,2025,0,,,0.48049383,0.10681442,,0.37346992,,0.54046485,,-0.0028957754,,0.03998393,,0.0093168269,,0.032718511,,0.0060206713,,0.95061728,0.88211448,,0.31753086,0.38222222,0.049876543,0.2,0.05037037,0.9047619,0.9047619,1,0.99944135,0.99993986,0.99999523,0.9999994,1.1155556,1,1,1,0.93333333,0.58118832,0.72386128,0.81490866,0.18878376,0.34290963,0.74701209,1.1669136,1,1,1,0.9091358,0.00012064924,2.3841858e-07,2.1874905e-05,0.0001668334,-2.2172928e-05,0.075710475,0.18614858,0.0029189438,0.061184764,0.1884201,0.0085185222,0,0.37500013,0.75000012,-0.0034604055,-1.3172626e-05,0.040235102,0.089180958,0.99950617,0.99950617,1,0.0032904306,0.008235544,0.020120602,0.02234735,0.0099144764,0.020618699,0.045427941,0.31753086,0.45135802,0.48049383,0.013070755,0.033703111,0.083253863,0.041386232,0.086595468,0.1890691,0.57089932,0.58166432,0.74501181,0.92000693,0.0035324246,0.12822202,0.28228052,0.37057415,0.202242,0.39039162,0.77542174,797,,,,,,,,,,,,,,,,,,,,,,,,,,,,,,,,,,,,,,,,,,,,,,,,,,,,,,,,,,,,,,,0.05037037,0.049876543,0.38222222,0.2
riskmask_p30_s100,token_role_x_rkl_entropy,correct_object,,,lowRKL,,highEnt,,,783,0.0013653603,783,0,,,0.43933589,0.0083136268,,0.66838508,,1.2307705,,-0.0061353668,,0.018757143,,0.0046909355,,0.015112696,,-0.022018286,,0.91954023,0.92356131,,0.32694764,0.34610473,0.08045977,0.18773946,0.058748404,0.9047619,1,1,0.99448213,0.99907655,0.99983332,0.99996474,1.146871,1,1,2,0.90804598,1.1318823,1.3626071,1.669259,0.60564196,0.8295804,1.0759086,1.1404853,1,1,2,0.94508301,0.00010513597,3.9339066e-06,0.00015053153,0.0009570241,-0.015864968,0.031234533,0.079189634,0.012634397,0.082217008,0.17292272,0.06002554,2.9802322e-08,0.24999994,0.37500012,0.013018877,0.0087524056,0.041798994,0.09020977,1,1,1,0.0020911279,0.0049676979,0.010125213,0.0020549715,0.001964163,0.0029967937,0.0036512391,0.32694764,0.51851852,0.43933589,0.0082678199,0.019884765,0.040386055,0.0079011535,0.012040408,0.014700522,1.2227329,1.1330271,1.3769287,1.6466992,-0.0065586567,0.041931182,0.08895185,0.66224971,0.60176408,0.82397577,1.0592669,483,,,,,,,,,,,,,,,,,,,,,,,,,,,,,,,,,,,,,,,,,,,,,,,,,,,,,,,,,,,,,,,0.058748404,0.08045977,0.34610473,0.18773946
riskmask_p30_s100,token_role_x_rkl_entropy,correct_object,,,lowRKL,,lowEnt,,,10964,0.019118532,10964,0,,,0.011218533,0.0020911874,,0.066360942,,0.15831593,,6.6283522e-05,,0.0032805661,,0.00077110622,,0.0012565183,,0.00083105406,,0.99534841,0.91546383,,0.82469901,0.13398395,0.0048340022,0.030463335,0.0060197008,0.9047619,1,1,0.99982129,0.99999857,0.99999994,1,1.010124,1,1,1,0.99553083,0.031545864,0.23203122,0.5696753,0.0042581963,0.04976228,0.18521808,1.0114009,1,1,1,0.9976286,2.4160431e-06,0,4.1723251e-07,1.347065e-05,3.0519001e-08,0.0033392569,0.035705399,0,0.0005993321,0.012014401,-0.014137176,0,0.24999994,0.5,-0.00050292108,0,0.00055211782,0.01067273,1,1,0.99990879,3.4701818e-05,0.00042437588,0.001655736,0.00051253849,5.3807216e-05,0.00061557605,0.0018292291,0.82469901,0.0011856987,0.011218533,0.00014008713,0.0017202773,0.0067740878,0.00022456172,0.0025634504,0.0074937378,0.15864588,0.030053958,0.23353203,0.56615338,0,0.00059154234,0.01371744,0.066427226,0.0041534358,0.050479617,0.18675857,972,,,,,,,,,,,,,,,,,,,,,,,,,,,,,,,,,,,,,,,,,,,,,,,,,,,,,,,,,,,,,,,0.0060197008,0.0048340022,0.13398395,0.030463335
riskmask_p30_s100,token_role_x_rkl_entropy,hallucinated_object,,,highRKL,,highEnt,,,737,0.0012851476,737,1,,,0.99185889,0.17589944,,1.1130811,,1.5508757,,-0.0090527585,,0.073365234,,0.017815004,,0.024787996,,-0.0025681511,,0.84260516,0.8803212,,0.16553596,0.31750339,0.16010855,0.25373134,0.10312076,0.9047619,0.9047619,1,0.98328947,0.99657393,0.99929982,0.99989793,1.7652646,1,2,3,0.78018996,1.4384065,1.8184417,2.2499668,0.85819614,1.3370367,2.0422381,1.7272727,1,2,3,0.75712347,0.00070890942,1.502037e-05,0.00098782778,0.0049039721,-0.0044306517,0.08520031,0.21641407,0.022556901,0.16366571,0.39100851,0.047489821,1.4901161e-08,0.25000006,0.62499996,0.0056284283,0.0066401958,0.063009977,0.11661361,0.99592944,0.99592944,0.99321574,0.0083705997,0.018036645,0.039847708,0.036106991,0.016590392,0.037428383,0.077872336,0.16553596,1,0.99185889,0.03381899,0.070359431,0.16557583,0.071580276,0.16655518,0.34579834,1.499849,1.4006667,1.7981637,2.3213954,-0.062732607,0.20791805,0.5801296,1.1040284,0.84627634,1.3530192,2.1267108,416,,,,,,,,,,,,,,,,,,,,,,,,,,,,,,,,,,,,,,,,,,,,,,,,,,,,,,,,,,,,,,,0.10312076,0.16010855,0.31750339,0.25373134
riskmask_p30_s100,token_role_x_rkl_entropy,hallucinated_object,,,highRKL,,lowEnt,,,414,0.00072191464,414,1,,,0.5,0.11016297,,0.47299035,,0.57327736,,0.032049372,,0.051696501,,0.01112193,,0.025987674,,0.058481641,,0.9589372,0.87976066,,0.3115942,0.3115942,0.043478261,0.25845411,0.074879227,0.9047619,0.9047619,1,0.99848789,0.99987456,0.99998412,0.99999727,1.2004831,1,1,2,0.91304348,0.61425659,0.74832664,0.83411889,0.20061669,0.38871153,1.0100711,1.2657005,1,1,2,0.91062802,-0.00071157954,-8.3446503e-07,1.1071563e-05,0.00012717843,0.030306287,0.115218,0.27654005,-0.0094201267,0.049106229,0.15958254,-0.13556763,-0.125,0.25000003,0.62500006,-0.023641855,-0.012919217,0.032851607,0.079820073,0.99758454,0.99758454,0.99758454,0.0035491191,0.009954867,0.02299808,0.026124574,0.010522351,0.023306581,0.054450569,0.3115942,0.5,0.5,0.014252842,0.041961853,0.10580746,0.042461352,0.10235059,0.227339,0.64965862,0.6466769,0.81831598,0.97179335,0.042086616,0.15191715,0.38012056,0.50503972,0.24557134,0.5258753,0.92438755,283,,,,,,,,,,,,,,,,,,,,,,,,,,,,,,,,,,,,,,,,,,,,,,,,,,,,,,,,,,,,,,,0.074879227,0.043478261,0.3115942,0.25845411
riskmask_p30_s100,token_role_x_rkl_entropy,hallucinated_object,,,lowRKL,,highEnt,,,188,0.00032782597,188,1,,,0.50531915,0.0083230032,,0.78997685,,1.2989633,,-0.0019537303,,0.018376662,,0.0044650742,,-0.010975423,,0.0065276192,,0.92553191,0.90937023,,0.34574468,0.25,0.074468085,0.2393617,0.090425532,0.9047619,1,1,0.99296513,0.9982726,0.99967337,0.999945,1.537234,1,1,2,0.87765957,1.2130227,1.4510385,1.7023746,0.63913807,0.87360957,1.1792002,1.5638298,1,1,2,0.93085106,-6.2829319e-05,-1.1920929e-07,0.00015045702,0.00087801218,-1.9431114e-05,0.045783162,0.11633029,0.0051592588,0.069441043,0.1292575,-0.0026595749,0,0.12500012,0.2500001,-0.0018344427,0.0012123734,0.029331826,0.057547808,0.99468085,0.99468085,0.99468085,0.0022393155,0.0050962921,0.0082780498,0.0020609891,0.0020634041,0.0028176201,0.0035253163,0.34574468,0.57978723,0.50531915,0.0089628799,0.019912565,0.034654397,0.0083141243,0.011372671,0.014449265,1.288373,1.1936578,1.4142411,1.720083,-0.0088553801,0.049471378,0.10663456,0.78802312,0.65275979,0.90089153,1.1669143,159,,,,,,,,,,,,,,,,,,,,,,,,,,,,,,,,,,,,,,,,,,,,,,,,,,,,,,,,,,,,,,,0.090425532,0.074468085,0.25,0.2393617
riskmask_p30_s100,token_role_x_rkl_entropy,hallucinated_object,,,lowRKL,,lowEnt,,,1611,0.0028091896,1611,1,,,0.012414649,0.0025078162,,0.081071221,,0.19380193,,0.00030248841,,0.0044153594,,0.0010190473,,-0.006429839,,0.0086391375,,0.99627561,0.91519286,,0.81564246,0.11793917,0.0037243948,0.060211049,0.0024829299,0.9047619,1,1,0.99977439,0.99999499,0.99999982,1,1.0130354,1,1,1,0.99565487,0.068426758,0.32420757,0.61837059,0.01095672,0.078890741,0.20972876,1.0111732,1,1,1,0.99689634,-7.060431e-06,0,4.7683716e-07,1.5377998e-05,1.3502082e-05,0.0116743,0.057339072,-9.5366522e-07,0.00045025523,0.0090280101,-0.060288643,-5.9604645e-08,0.12500036,0.37500012,-0.003901639,-8.3446503e-07,0.00045260787,0.0083713531,1,1,1,7.7453777e-05,0.00059811305,0.0024232322,0.00061780884,0.00013413135,0.00087384743,0.0020218403,0.81564246,0.00062073246,0.012414649,0.00031573875,0.0024167518,0.0099502224,0.00054552703,0.0035302418,0.0080480697,0.19488072,0.069313727,0.32587864,0.61793202,-1.1920906e-07,0.001713105,0.020920284,0.081373709,0.01097877,0.079110373,0.21539764,499,,,,,,,,,,,,,,,,,,,,,,,,,,,,,,,,,,,,,,,,,,,,,,,,,,,,,,,,,,,,,,,0.0024829299,0.0037243948,0.11793917,0.060211049
riskmask_p30_s100,token_role_x_rkl_entropy,non_object_token,,,highRKL,,highEnt,,,108123,0.18854004,0,,,,0.98716277,0.1166107,,0.97000625,,1.4870539,,-0.024698552,,0.051905073,,0.012553425,,0.040188914,,-0.014236702,,0.84437169,0.89621544,,0.19414926,0.31374453,0.1564237,0.22008268,0.11559983,0.9047619,1,1,0.98963781,0.99805415,0.9996843,0.99995416,1.4292796,1,1,2,0.81444281,1.3855565,1.7409915,2.1249824,0.80179071,1.2098446,1.7258761,1.4844853,1,2,2,0.77306401,0.00052962767,8.7618828e-06,0.00044682622,0.0025987029,-0.011138082,0.059538305,0.14975431,0.029725432,0.15003535,0.32350827,0.036820912,0,0.25,0.50000006,0.0073487988,0.0061553121,0.053875849,0.10622526,0.99918611,0.99920461,0.9988809,0.0061149085,0.013354617,0.027969908,0.025255201,0.012865053,0.026545224,0.054501074,0.19414926,1,0.98716277,0.024427008,0.053704567,0.11310848,0.052943707,0.11108191,0.23768129,1.4512629,1.3721607,1.729573,2.1167227,-0.046862662,0.1656903,0.37167025,0.94530769,0.78311545,1.1909044,1.7112548,985,,,,,,,,,,,,,,,,,,,,,,,,,,,,,,,,,,,,,,,,,,,,,,,,,,,,,,,,,,,,,,,0.11559983,0.1564237,0.31374453,0.22008268
riskmask_p30_s100,token_role_x_rkl_entropy,non_object_token,,,highRKL,,lowEnt,,,57112,0.099589346,0,,,,0.49597283,0.086717905,,0.36486845,,0.58628714,,0.0076533082,,0.034890291,,0.0076928235,,0.017874107,,0.016875616,,0.95760961,0.89604572,,0.33626909,0.3479654,0.043230845,0.21930593,0.053228744,0.9047619,1,1,0.99929966,0.99995172,0.99999517,0.99999964,1.1098718,1,1,1,0.93649321,0.62971666,0.75265911,0.83209156,0.20840733,0.35091531,0.70399393,1.1284319,1,1,1,0.91700518,-4.1837978e-05,5.9604645e-08,1.1920929e-05,0.00013511777,0.0023010448,0.080646781,0.17905313,0.00043181702,0.053773088,0.14280442,-0.027809392,0,0.25000007,0.74999977,-0.0082628621,-0.00041487813,0.034956232,0.074895918,0.99971985,0.9996323,0.99964981,0.0026718751,0.007077608,0.016287017,0.019570741,0.0085593187,0.016962109,0.036638387,0.33626909,0.49245342,0.49597283,0.010661939,0.028771131,0.06813466,0.035425236,0.069511088,0.15345829,0.62407063,0.63553491,0.79497559,0.95864152,0.0095285028,0.12907343,0.25821544,0.37252175,0.22946689,0.42064106,0.74386081,985,,,,,,,,,,,,,,,,,,,,,,,,,,,,,,,,,,,,,,,,,,,,,,,,,,,,,,,,,,,,,,,0.053228744,0.043230845,0.3479654,0.21930593
riskmask_p30_s100,token_role_x_rkl_entropy,non_object_token,,,lowRKL,,highEnt,,,58701,0.10236017,0,,,,0.44247969,0.0078424304,,0.71174018,,1.2653889,,-0.0022884919,,0.01311328,,0.0032489995,,0.0065851706,,-0.0040237089,,0.925589,0.93256061,,0.38040238,0.25994446,0.074410998,0.20749221,0.077749953,0.9047619,1,1,0.99635988,0.99936002,0.99989343,0.999982,1.1597588,1,1,2,0.9221308,1.1738405,1.4276185,1.7251716,0.62756389,0.88338929,1.1775919,1.1670159,1,1,2,0.94713889,-2.7373783e-05,-1.7881393e-07,5.2213669e-05,0.00039851665,-0.0022801161,0.03724736,0.084495068,0.003868103,0.063680232,0.13260847,0.01275532,0,0.12500006,0.25000006,0.0022263349,0.001191318,0.030678123,0.060626268,0.99998296,0.99998296,0.99998296,0.0018424252,0.003580776,0.0070680021,0.0019451137,0.0018942521,0.002782939,0.0035050488,0.38040238,0.50074104,0.44247969,0.007379856,0.014391787,0.028325118,0.0076201968,0.011244366,0.014172343,1.2615551,1.1740627,1.4274211,1.7238078,-0.0028825402,0.047773123,0.097234547,0.70945169,0.62852168,0.88008898,1.177532,985,,,,,,,,,,,,,,,,,,,,,,,,,,,,,,,,,,,,,,,,,,,,,,,,,,,,,,,,,,,,,,,0.077749953,0.074410998,0.25994446,0.20749221
riskmask_p30_s100,token_role_x_rkl_entropy,non_object_token,,,lowRKL,,lowEnt,,,326193,0.56880073,0,,,,0.015233313,0.0024277988,,0.095518697,,0.23065044,,0.00033166439,,0.0032537463,,0.00077090406,,-0.0002869718,,0.001912631,,0.99410778,0.92500597,,0.78889798,0.15397939,0.0062018498,0.043477328,0.0074434461,0.9047619,1,1,0.99985181,0.99999797,0.99999994,1,1.013443,1,1,1,0.99404034,0.1046994,0.41955456,0.68550065,0.018201234,0.11127928,0.26868509,1.0142554,1,1,1,0.99586135,-4.1785849e-06,0,2.9802322e-07,9.059906e-06,2.8266595e-07,0.0080067515,0.046157575,0,0.0014231976,0.018699318,-0.018392676,0,0.24999976,0.37500011,-0.00091202139,0,0.0012870431,0.016087949,0.9999908,0.99998161,0.99998774,8.1404258e-05,0.00060792483,0.0018499196,0.00059948164,0.00012927789,0.00086085673,0.0019475692,0.78889798,0.001355026,0.015233313,0.0003284358,0.0024375103,0.0074778251,0.0005270422,0.0034936741,0.0079041637,0.2314723,0.10455097,0.41979465,0.68559382,0,0.001963531,0.022237423,0.095850362,0.018206971,0.11163481,0.27125822,985,,,,,,,,,,,,,,,,,,,,,,,,,,,,,,,,,,,,,,,,,,,,,,,,,,,,,,,,,,,,,,,0.0074434461,0.0062018498,0.15397939,0.043477328
riskmask_p30_s100,token_role_x_rkl_entropy,unknown_object,,,highRKL,,highEnt,,,4,6.9750207e-06,0,,,,1,0.10585427,,0.84093198,,1.2877262,,-0.16985533,,0.039340368,,0.010466551,,0.20143662,,-0.13750359,,0.75,0.8474026,,0,0.5,0.25,0,0.25,0.86147186,0.92857143,0.97142857,0.99667008,0.99863589,0.99948217,0.99977584,1.25,1,1.25,1.7,0.75,1.2348532,1.3396707,1.5254186,0.74078962,0.95940895,1.1636586,1.5,1.5,2,2,0.5,0.0029098541,5.9723854e-05,0.003022477,0.008233875,-0.051708579,-0.0070344806,0.031717539,0.2009491,0.2222653,0.24176655,0.21874996,0.3125,0.53124999,0.58749998,0.053078704,0.059021488,0.10437703,0.13900113,1,1,1,0.0079734465,0.013693131,0.018762336,0.023445803,0.023505137,0.036852546,0.039878601,,1,1,0.030587759,0.050869051,0.06877393,0.098431706,0.16409507,0.19030276,1.1273633,1.1318421,1.2813105,1.2948244,-0.18671721,0.0055314153,0.067826658,0.67107665,0.58779617,0.87643631,1.1130233,3,,,,,,,,,,,,,,,,,,,,,,,,,,,,,,,,,,,,,,,,,,,,,,,,,,,,,,,,,,,,,,,0.25,0.25,0.5,
riskmask_p30_s100,token_role_x_rkl_entropy,unknown_object,,,highRKL,,lowEnt,,,1,1.7437552e-06,0,,,,0,0.063054584,,0.034657173,,0.19966188,,0.10300229,,0.0023684846,,0.00054656074,,-0.0041567348,,0.023429736,,1,1,,1,0,0,0,0,1,1,1,0.99999827,0.99999827,0.99999827,0.99999827,1,1,1,1,1,0.19966188,0.19966188,0.19966188,0.034657173,0.034657173,0.034657173,1,1,1,1,1,-6.5565109e-07,-6.5565109e-07,-6.5565109e-07,-6.5565109e-07,0.023429736,0.023429736,0.023429736,-0.0041567348,-0.0041567348,-0.0041567348,0.25000033,0.25000033,0.25000033,0.25000033,-0.004006803,-0.004006803,-0.004006803,-0.004006803,1,1,1,0.00054656074,0.00054656074,0.00054656074,0.018986907,0.018986907,0.018986907,0.018986907,1,0,0,0.0023684846,0.0023684846,0.0023684846,0.063054584,0.063054584,0.063054584,0.55379021,0.55379021,0.55379021,0.55379021,0.10300229,0.10300229,0.10300229,0.13765946,0.13765946,0.13765946,0.13765946,1,,,,,,,,,,,,,,,,,,,,,,,,,,,,,,,,,,,,,,,,,,,,,,,,,,,,,,,,,,,,,,,,,,
riskmask_p30_s100,token_role_x_rkl_entropy,unknown_object,,,lowRKL,,lowEnt,,,5,8.7187759e-06,0,,,,0,0.0017693365,,0.031383543,,0.13495491,,0.005358895,,0.00074532887,,0.00018006506,,-0.0042674099,,0.0067469363,,1,0.96190476,,1,0,0,0,0,1,1,1,0.99995308,0.99999946,0.9999997,0.99999988,1,1,1,1,1,0.047840934,0.10198709,0.34517681,0.0076597077,0.016851099,0.084813044,1,1,1,1,1,3.3974648e-06,1.7881393e-07,2.3841858e-07,1.1539459e-05,0.0021938831,0.0064876005,0.021900222,-0.00032776291,3.6475813e-05,0.00069330991,0.05000014,-4.0512532e-08,1.4156103e-07,0.3750002,-0.0037134171,-0.00032699108,3.6418438e-05,0.00068229437,1,1,1,4.6305999e-05,9.3086564e-05,0.00048807533,0.00045663578,0.00033643446,0.00071565958,0.00098790666,1,0,0,0.00017730682,0.00042750023,0.002021493,0.0015459338,0.0027857705,0.0036662163,0.14783477,0.030537639,0.14284873,0.38825408,-2.9204384e-05,0.010895789,0.016251177,0.036742438,0.0043516704,0.027746888,0.10106422,2,,,,,,,,,,,,,,,,,,,,,,,,,,,,,,,,,,,,,,,,,,,,,,,,,,,,,,,,,,,,,,,,,,
riskmask_p30_s100,token_role_x_rkl_entropy,unknown_token,,,highRKL,,highEnt,,,857,0.0014943982,0,,,,0.98599767,0.14359748,,0.93499886,,1.5020021,,-0.021389021,,0.062523436,,0.014688342,,0.048910241,,-0.024213805,,0.82847141,0.89379635,,0.19836639,0.31505251,0.17152859,0.20653442,0.10851809,0.9047619,1,1,0.98824971,0.99792111,0.99969834,0.99996728,1.3138856,1,1,2,0.81913652,1.3912876,1.7664218,2.1866323,0.78619963,1.1538899,1.6131668,1.3512252,1,1,2,0.76429405,0.0018336721,1.013279e-05,0.00056904554,0.0029066801,-0.016588569,0.056226134,0.13983021,0.031984627,0.16481292,0.33461668,0.054404906,0,0.25000006,0.50000011,0.010844652,0.0081186295,0.0599913,0.11488243,1,1,1,0.0070813932,0.014878305,0.031553844,0.029449999,0.014484888,0.03154311,0.064458628,0.19836639,1,0.98599767,0.028508857,0.059077363,0.12762578,0.061825417,0.13084139,0.27648708,1.4600402,1.3723145,1.7284269,2.1813519,-0.040167928,0.17223644,0.37299994,0.91360984,0.77050644,1.1364594,1.6856675,8,,,,,,,,,,,,,,,,,,,,,,,,,,,,,,,,,,,,,,,,,,,,,,,,,,,,,,,,,,,,,,,0.10851809,0.17152859,0.31505251,0.20653442
riskmask_p30_s100,token_role_x_rkl_entropy,unknown_token,,,highRKL,,lowEnt,,,497,0.00086664632,0,,,,0.50905433,0.11551717,,0.36694616,,0.57310605,,-0.010322756,,0.048024891,,0.0096891546,,0.029591204,,0.023519186,,0.96780684,0.89390308,,0.3501006,0.3360161,0.032193159,0.21327968,0.068410463,0.9047619,1,1,0.9991703,0.99995446,0.99999577,0.99999952,1.1026157,1,1,1,0.91348089,0.62712902,0.75242609,0.83036039,0.20154294,0.34426743,0.7233875,1.1207243,1,1,1,0.89939638,-0.00011453914,5.9604645e-08,1.8000603e-05,0.00013234615,0.0002233088,0.081924379,0.22015939,0.0030795783,0.058239609,0.14532655,-0.033199192,0,0.25000013,0.74999994,-0.0094072662,3.4332275e-05,0.036883354,0.078113604,1,1,1,0.0027845842,0.0079300608,0.020425613,0.024328126,0.010558813,0.019338964,0.047354199,0.3501006,0.50301811,0.50905433,0.011072598,0.032354724,0.08655273,0.044117734,0.082609482,0.19124692,0.6122843,0.59923005,0.79696232,0.95486915,-0.00072622299,0.12374816,0.26896356,0.35662341,0.20659347,0.40369862,0.79931818,8,,,,,,,,,,,,,,,,,,,,,,,,,,,,,,,,,,,,,,,,,,,,,,,,,,,,,,,,,,,,,,,0.068410463,0.032193159,0.3360161,0.21327968
riskmask_p30_s100,token_role_x_rkl_entropy,unknown_token,,,lowRKL,,highEnt,,,377,0.0006573957,0,,,,0.45092838,0.0079508095,,0.6784639,,1.2455334,,0.0072455524,,0.012289032,,0.0030389537,,0.013349008,,-0.0056473867,,0.92572944,0.93017278,,0.37400531,0.27851459,0.074270557,0.19628647,0.076923077,0.9047619,1,1,0.99643184,0.99947977,0.99990785,0.9999856,1.1220159,1,1,1,0.92307692,1.1462492,1.4007697,1.6898205,0.62642074,0.82630551,1.0904428,1.1220159,1,1,2,0.933687,-7.2527944e-06,5.9604645e-08,7.7366829e-05,0.0005364418,0.0022896528,0.034054518,0.07642771,0.0092871189,0.071868062,0.12877597,0.02851459,0,0.24999994,0.25000006,0.0035434965,0.0014467239,0.031327426,0.061724079,1,1,1,0.001752987,0.0033801645,0.0067623635,0.0019736304,0.0019496712,0.0028022227,0.0034280793,0.37400531,0.4933687,0.45092838,0.007013862,0.013868696,0.026720724,0.0078232326,0.011092093,0.013914552,1.2470143,1.1503942,1.3904662,1.6982227,-0.00049245358,0.058227062,0.10394347,0.68570945,0.62421238,0.84307599,1.1012443,8,,,,,,,,,,,,,,,,,,,,,,,,,,,,,,,,,,,,,,,,,,,,,,,,,,,,,,,,,,,,,,,0.076923077,0.074270557,0.27851459,0.19628647
riskmask_p30_s100,token_role_x_rkl_entropy,unknown_token,,,lowRKL,,lowEnt,,,2610,0.004551201,0,,,,0.014942529,0.0022330437,,0.08361356,,0.18817937,,0.00086127587,,0.0033925479,,0.00077906464,,0.0014628183,,0.003251392,,0.99195402,0.91831361,,0.82835249,0.12413793,0.008045977,0.031034483,0.0084291188,0.9047619,1,1,0.99986491,0.99999917,0.99999994,1,1.0141762,1,1,1,0.9908046,0.049587652,0.31302468,0.64880694,0.0076314928,0.077684242,0.23101566,1.0153257,1,1,1,0.99501916,-7.7257668e-06,0,1.7881393e-07,5.2630901e-06,9.9123451e-07,0.0047442839,0.042815456,-1.1082739e-07,0.00055770413,0.013524942,-0.07329981,-7.9860911e-08,0.12500036,0.37500031,-0.0011604941,-1.1920929e-07,0.00047242641,0.011538404,1,1,1,3.929911e-05,0.00048743249,0.0017609063,0.00054872232,7.143457e-05,0.0007376804,0.0019421232,0.82835249,0.00076628352,0.014942529,0.00015757504,0.0019669405,0.0071114543,0.00028503469,0.0029778894,0.0078164797,0.18883555,0.049475335,0.31595793,0.64766068,0,0.0010771956,0.01735877,0.084474836,0.0072137369,0.077979993,0.22654426,8,,,,,,,,,,,,,,,,,,,,,,,,,,,,,,,,,,,,,,,,,,,,,,,,,,,,,,,,,,,,,,,0.0084291188,0.008045977,0.12413793,0.031034483
riskmask_p30_s100,token_role_x_teacher_stance_nll,correct_object,,,,highNLL,,teacher_neutral,,170,0.00029643838,170,0,,,0.25294118,0.0094529122,,0.71555001,,0.9940811,,-0.00074981118,,0.020565189,,0.0051892667,,0.012609161,,-0.018903842,,0.87647059,0.92362551,,0.31764706,0.29411765,0.12352941,0.14705882,0.11764706,0.9047619,1,1,0.99710891,0.99991757,0.99999331,0.99999935,1.2235294,1,1,2,0.87647059,0.83468407,1.1801944,1.5917594,0.65646094,0.82443953,0.99994586,1.2117647,1,1,2,0.98823529,0.00056753509,3.2782555e-07,2.5883317e-05,0.00032273531,-0.0051743388,0.014603958,0.046787024,0.001347363,0.10219554,0.22101251,0.077941175,0,0.25,0.49999997,0.017077614,0.0019240379,0.060235307,0.10841319,1,1,1,0.0019757566,0.0066418977,0.016723333,0.0022530852,0.00021047679,0.0016398927,0.0076845653,0.31764706,0.24705882,0.25294118,0.0078675267,0.026963474,0.065624504,0.00087438792,0.0070043574,0.030142047,0.98910898,0.83029342,1.1658471,1.4842057,-8.5234642e-05,0.0014336556,0.003159678,0.71480019,0.65107727,0.82414286,0.99831929,151,,,,,,,,,,,,,,,,,,,,,,,,,,,,,,,,,,,,,,,,,,,,,,,,,,,,,,,,,,,,,,,0.11764706,0.12352941,0.29411765,0.14705882
riskmask_p30_s100,token_role_x_teacher_stance_nll,correct_object,,,,lowNLL,,teacher_neutral,,7916,0.013803566,7916,0,,,0.00176857,0.00070410572,,0.016375614,,0.063042102,,-0.00034482019,,0.0011282096,,0.00026402399,,-0.00024868556,,-0.00028669283,,1,0.91712954,,0.9244568,0.066953007,0.00012632643,0.0084638706,0,0.9047619,1,1,0.99990186,0.9999997,1,1,1,1,1,1,1,0.0047492802,0.051398465,0.17769392,0.00050674949,0.0078045554,0.035039622,1,1,1,1,1,6.4222725e-06,0,1.1920929e-07,3.2782555e-06,2.0806858e-08,0.00056492339,0.010467129,0,8.0204853e-05,0.002459805,-0.013927489,-1.4901161e-08,0.24999988,0.5,-0.00013352558,0,8.0183148e-05,0.0024117231,1,1,1,4.5764505e-06,8.6713871e-05,0.00043317884,0.00015976181,6.2880099e-06,9.4904961e-05,0.00034133435,0.9244568,0.0042950985,0.00176857,1.8421728e-05,0.00035244103,0.0017778709,2.6231401e-05,0.00038803108,0.001445643,0.061329616,0.0044472285,0.049375298,0.17350142,0,2.2511098e-05,0.0010912474,0.016030794,0.00046194848,0.0072567275,0.032300066,954,,,,,,,,,,,,,,,,,,,,,,,,,,,,,,,,,,,,,,,,,,,,,,,,,,,,,,,,,,,,,,,,0.00012632643,0.066953007,0.0084638706
riskmask_p30_s100,token_role_x_teacher_stance_nll,correct_object,,,,highNLL,,teacher_rejects,,1259,0.0021953878,1259,0,,,0.85305798,0.092113474,,0.9094159,,1.3498287,,0.30989967,,0.049761066,,0.011935764,,-0.06326097,,0.0036063952,,0.85702939,0.8983195,,0.2279587,0.24384432,0.14297061,0.30500397,0.080222399,0.9047619,1,1,0.98873022,0.99908149,0.99989471,0.99999287,1.4503574,1,2,2,0.7720413,1.2499962,1.631716,2.0967232,0.71268702,1.0068578,1.5166135,1.319301,1,1,2,0.77442415,-0.000184998,1.1920929e-07,0.00012126565,0.0015013456,0.0035463572,0.061827421,0.14201568,-0.029045343,0.065857083,0.19876584,0.0067513909,0,0.24999997,0.5,-0.00051563587,-0.0011777878,0.043481767,0.098689365,0.99920572,1,0.99920572,0.0047056191,0.011691788,0.027793955,0.020828492,0.0085963123,0.021748767,0.048989777,0.2279587,0.80540111,0.85305798,0.018747685,0.047252733,0.11200888,0.034417227,0.086581286,0.19847498,1.3778322,1.2886763,1.6787207,2.1553373,0.15963387,0.34536758,0.71794555,1.2193156,0.9521662,1.3819051,2.0759343,651,,,,,,,,,,,,,,,,,,,,,,,,,,,,,,,,,,,,,,,,,,,,,,,,,,,,,,,,,,,,,,,0.080222399,0.14297061,0.24384432,0.30500397
riskmask_p30_s100,token_role_x_teacher_stance_nll,correct_object,,,,lowNLL,,teacher_rejects,,2701,0.0047098827,2701,0,,,0.16771566,0.044562928,,0.13701947,,0.448104,,0.094240075,,0.019744611,,0.0042892669,,-0.031187114,,0.045475483,,0.99518697,0.89836479,,0.60496113,0.17326916,0.0051832655,0.21621622,0.00037023325,0.9047619,1,1,0.99874967,0.99993461,0.99999487,0.99999952,1.0033321,1,1,1,0.97852647,0.40007865,0.65283132,0.86486262,0.10467218,0.21751499,0.31804088,1,1,1,1,0.97778601,-7.5103883e-05,-1.1920929e-07,6.7949295e-06,0.0001077652,0.027839549,0.086210012,0.17376399,-0.0088757575,0.0024203444,0.027790628,-0.21718807,-0.24999969,1.6763806e-07,0.25000016,-0.021480638,-0.008071661,0.0022992492,0.024026632,1,1,1,0.0012144727,0.003658365,0.0097761042,0.010873712,0.00282931,0.0083033498,0.022337468,0.60496113,0.18437616,0.16771566,0.0050368495,0.015419887,0.042171523,0.010549348,0.031144079,0.082300186,0.57116091,0.53505367,0.7840566,1.0275785,0.03632772,0.089818388,0.19260718,0.23125955,0.16320089,0.31821668,0.4693948,869,,,,,,,,,,,,,,,,,,,,,,,,,,,,,,,,,,,,,,,,,,,,,,,,,,,,,,,,,,,,,,,0.00037023325,0.0051832655,0.17326916,0.21621622
riskmask_p30_s100,token_role_x_teacher_stance_nll,correct_object,,,,highNLL,,teacher_supports,,1833,0.0031963032,1833,0,,,0.90125477,0.13405736,,1.0750157,,1.2845725,,-0.33538311,,0.066163118,,0.016366059,,0.180247,,-0.047227154,,0.80905619,0.8897087,,0.16093835,0.39225314,0.19148936,0.090016367,0.16530278,0.9047619,1,1,0.9916551,0.999354,0.99994248,0.99999516,1.4020731,1,2,2,0.83360611,1.1886721,1.5293088,2.0077477,0.83398968,1.2327955,1.8815097,1.5886525,1,2,2,0.77032188,0.0016448737,7.0929527e-06,0.00031286478,0.0027350903,-0.03002429,0.022623241,0.10642328,0.12003934,0.28653717,0.55203841,0.13816148,0.125,0.375,0.75,0.0315755,0.028411031,0.085844636,0.15226829,0.99945445,0.99945445,1,0.0068883235,0.0167263,0.038472822,0.026558765,0.011305377,0.029299088,0.064219861,0.16093835,0.83742499,0.90125477,0.027497843,0.067074768,0.15568751,0.046808586,0.12471424,0.28701934,1.1954202,1.0997608,1.4404105,1.8905102,-0.20198023,-0.093901992,-0.045669568,0.73963255,0.59051824,0.89388973,1.3842107,761,,,,,,,,,,,,,,,,,,,,,,,,,,,,,,,,,,,,,,,,,,,,,,,,,,,,,,,,,,,,,,,0.16530278,0.19148936,0.39225314,0.090016367
riskmask_p30_s100,token_role_x_teacher_stance_nll,correct_object,,,,lowNLL,,teacher_supports,,2166,0.0037769737,2166,0,,,0.20267775,0.034163512,,0.17131534,,0.53290359,,-0.05455397,,0.014095876,,0.0037134014,,0.020503882,,-0.051446139,,0.99907664,0.9002357,,0.3434903,0.58402585,0.0013850416,0.069252078,0.0018467221,0.9047619,1,1,0.99889398,0.99992052,0.99999189,0.99999905,1,1,1,1,0.99907664,0.50892106,0.69953217,0.91321784,0.15277589,0.25453141,0.34415092,1,1,1,1,1,0.0001779946,2.2053719e-06,5.2288175e-05,0.00039801002,-0.041821688,0.0036943294,0.058889873,0.015093123,0.045060448,0.0874817,0.24359418,0.24999988,0.49999997,0.75000018,0.017804375,0.013690591,0.038563356,0.071449429,1,1,1,0.0014900575,0.0038569343,0.0090960488,0.0061056346,0.0026677062,0.006512331,0.014423515,0.3434903,0.22299169,0.20267775,0.0057915051,0.014710368,0.034047317,0.01213275,0.030879914,0.07194218,0.41145656,0.37723178,0.57055721,0.77520484,-0.035360465,-0.018652269,-0.011959706,0.11676137,0.095681742,0.17575827,0.25258835,813,,,,,,,,,,,,,,,,,,,,,,,,,,,,,,,,,,,,,,,,,,,,,,,,,,,,,,,,,,,,,,,0.0018467221,0.0013850416,0.58402585,0.069252078
riskmask_p30_s100,token_role_x_teacher_stance_nll,hallucinated_object,,,,highNLL,,teacher_neutral,,33,5.7543921e-05,33,1,,,0.33333333,0.015918248,,0.74246854,,1.1467483,,1.0361274e-05,,0.019395371,,0.0048044113,,0.023014334,,-0.021459899,,0.90909091,0.93178539,,0.3030303,0.33333333,0.090909091,0.18181818,0.090909091,0.9047619,1,1,0.99477132,0.99965441,0.99999762,0.9999998,1.2121212,1,1,2,0.84848485,0.98898166,1.5144528,1.8717834,0.57995021,0.69581974,1.1152254,1.1212121,1,1,1,0.93939394,0.00044948043,5.9604645e-08,9.7334385e-05,0.00093524456,-0.00015044212,0.016207933,0.033348513,0.0098667145,0.10431886,0.19886019,0.018939389,0,0.25,0.3499999,0.01207456,0.0056097507,0.055621743,0.072095239,1,1,1,0.0018959467,0.0044719763,0.015226533,0.0037166632,0.00033930701,0.0034487103,0.0067596134,0.3030303,0.33333333,0.33333333,0.0076404572,0.018122541,0.05940724,0.0012252356,0.013156828,0.027788018,1.1691065,1.0084016,1.3745102,2.0260717,6.6518784e-05,0.0011875629,0.0047992468,0.74247891,0.58035582,0.69316065,1.1119143,32,,,,,,,,,,,,,,,,,,,,,,,,,,,,,,,,,,,,,,,,,,,,,,,,,,,,,,,,,,,,,,,0.090909091,0.090909091,0.33333333,0.18181818
riskmask_p30_s100,token_role_x_teacher_stance_nll,hallucinated_object,,,,lowNLL,,teacher_neutral,,1077,0.0018780243,1077,1,,,0.0046425255,0.00118381,,0.022317581,,0.088146323,,-0.00051015137,,0.0021741612,,0.00048247498,,-0.0027759894,,0.0059271519,,1,0.9166805,,0.93407614,0.049210771,0,0.016713092,0,0.9047619,1,1,0.99975656,0.99999863,0.99999994,1,1,1,1,1,1,0.013476998,0.081070349,0.26231436,0.001552449,0.012825148,0.056220376,1,1,1,1,1,-1.3240311e-05,0,1.7881393e-07,5.1379204e-06,1.3508325e-06,0.0027347677,0.020578848,-1.1920918e-07,0.00010256941,0.0020227309,-0.056174565,-5.8673322e-08,0.12500036,0.37500012,-0.0021425618,-1.1920929e-07,0.00010251999,0.0019654632,1,1,1,1.3341658e-05,0.00012907249,0.00062003437,0.00026082574,1.852684e-05,0.00014717686,0.00047950519,0.93407614,0.0064995357,0.0046425255,5.4080916e-05,0.0005284237,0.0025602169,7.5062388e-05,0.00065323617,0.0020190995,0.085600468,0.013374575,0.075651757,0.24880829,-3.576273e-07,5.6818186e-05,0.0012559519,0.02180743,0.001543046,0.011898262,0.052635333,396,,,,,,,,,,,,,,,,,,,,,,,,,,,,,,,,,,,,,,,,,,,,,,,,,,,,,,,,,,,,,,,,,0.049210771,0.016713092
riskmask_p30_s100,token_role_x_teacher_stance_nll,hallucinated_object,,,,highNLL,,teacher_rejects,,381,0.00066437072,381,1,,,0.91338583,0.14353903,,1.0572969,,1.4746937,,0.43700976,,0.070501514,,0.016752877,,-0.093611242,,0.036475486,,0.83989501,0.88195659,,0.20209974,0.22309711,0.16272966,0.34645669,0.065616798,0.9047619,0.9047619,1,0.98312649,0.99801064,0.99966502,0.99994791,1.6981627,1,2,3,0.74015748,1.383788,1.6954679,2.3246436,0.82322013,1.247088,1.8681127,1.6036745,1,2,2,0.73753281,-0.00042100325,-4.7683716e-07,0.00025612116,0.0028240085,0.013603687,0.099449396,0.21745992,-0.05963397,0.049081922,0.21727365,-0.020341208,-5.9604645e-08,0.25,0.5,-0.012666325,-0.011090219,0.04134804,0.092424572,0.99737533,0.99737533,0.98950131,0.0065221209,0.014671042,0.037017807,0.030439735,0.011404589,0.031224009,0.07235314,0.20209974,0.88713911,0.91338583,0.02617985,0.062946133,0.17239818,0.045202665,0.13492611,0.33142751,1.5016619,1.4093099,1.8019772,2.370374,0.21932614,0.48802948,1.0059639,1.4943067,1.1340861,1.7212846,2.6624594,270,,,,,,,,,,,,,,,,,,,,,,,,,,,,,,,,,,,,,,,,,,,,,,,,,,,,,,,,,,,,,,,0.065616798,0.16272966,0.22309711,0.34645669
riskmask_p30_s100,token_role_x_teacher_stance_nll,hallucinated_object,,,,lowNLL,,teacher_rejects,,528,0.00092070273,528,1,,,0.20075758,0.059754208,,0.14988293,,0.48821913,,0.11613239,,0.025307409,,0.005554844,,-0.047291148,,0.069591365,,0.9905303,0.89638927,,0.5530303,0.14015152,0.011363636,0.29356061,0.0018939394,0.9047619,0.9047619,1,0.99807499,0.99990401,0.99998975,0.99999872,1.0075758,1,1,1,0.97727273,0.464193,0.68206191,0.87669452,0.12525032,0.23518454,0.32533804,1,1,1,1,0.97537879,-0.00041420927,-9.5367432e-07,2.7418137e-06,6.5201521e-05,0.047578551,0.1112464,0.22888878,-0.018924119,-0.00023871707,0.027123561,-0.27154356,-0.24999997,2.4214387e-08,0.25000006,-0.030459369,-0.016610593,-0.00017946959,0.022998267,1,1,1,0.0016635903,0.0050381449,0.014187639,0.014602789,0.0032175428,0.0095581631,0.030159719,0.5530303,0.22159091,0.20075758,0.0067805785,0.021953407,0.064549123,0.011799444,0.035598816,0.11459856,0.63333699,0.61037016,0.84543842,1.0991979,0.044045459,0.11976233,0.26199871,0.26601532,0.2002141,0.36392718,0.53135822,331,,,,,,,,,,,,,,,,,,,,,,,,,,,,,,,,,,,,,,,,,,,,,,,,,,,,,,,,,,,,,,,0.0018939394,0.011363636,0.14015152,0.29356061
riskmask_p30_s100,token_role_x_teacher_stance_nll,hallucinated_object,,,,highNLL,,teacher_supports,,525,0.00091547147,525,1,,,0.92380952,0.15329238,,1.3171477,,1.4243093,,-0.37688723,,0.068782731,,0.016337322,,0.14352774,,-0.012425724,,0.84,0.88388578,,0.15428571,0.34095238,0.16190476,0.15809524,0.1847619,0.9047619,0.9047619,1,0.98851157,0.9982183,0.9998036,0.999985,1.9371429,1,2,3,0.78666667,1.3630517,1.7650995,2.1805537,0.9516688,1.4900981,2.5772688,2.0209524,1,2,3,0.77333333,0.0012778215,2.1457672e-06,0.00045692921,0.0034851193,-0.014011383,0.049148917,0.16225832,0.08892113,0.25444975,0.55255737,0.058095237,5.9604645e-08,0.25000003,0.62500004,0.01248553,0.010797739,0.064416826,0.12312074,0.99238095,0.99238095,0.99428571,0.0069236364,0.016803624,0.03599091,0.031625732,0.013102414,0.033997592,0.072830898,0.15428571,0.87619048,0.92380952,0.028083652,0.066282295,0.15419869,0.056386217,0.1462355,0.32058499,1.350718,1.268034,1.6466427,2.0854168,-0.20462048,-0.10554111,-0.047081292,0.94026051,0.69777203,1.0695684,1.6764045,339,,,,,,,,,,,,,,,,,,,,,,,,,,,,,,,,,,,,,,,,,,,,,,,,,,,,,,,,,,,,,,,0.1847619,0.16190476,0.34095238,0.15809524
riskmask_p30_s100,token_role_x_teacher_stance_nll,hallucinated_object,,,,lowNLL,,teacher_supports,,406,0.0007079646,406,1,,,0.24137931,0.030376391,,0.18047241,,0.58269832,,-0.055879732,,0.016562917,,0.0040497219,,0.010146834,,-0.030368834,,1,0.90389675,,0.40394089,0.48768473,0,0.10344828,0.0049261084,0.9047619,1,1,0.99823566,0.99986735,0.99998449,0.99999759,1,1,1,1,1,0.55444854,0.79948109,0.99503377,0.16069447,0.2720302,0.34935015,1,1,1,1,1,-0.00021585851,7.1525574e-07,5.0231814e-05,0.00052028894,-0.026539326,0.021524683,0.10174553,0.0088378266,0.03928468,0.095948413,0.1520936,0.12500001,0.37500004,0.62500023,0.0098339898,0.008048445,0.033645645,0.072447926,1,1,1,0.001655828,0.0042239588,0.010922076,0.0061436,0.0029365983,0.0071660797,0.017071458,0.40394089,0.29802956,0.24137931,0.0064643421,0.016548804,0.041964268,0.012924782,0.034575113,0.085030481,0.45339916,0.4133811,0.62134653,0.85105175,-0.035446778,-0.019234797,-0.01204678,0.12459268,0.1013441,0.1813234,0.26246043,274,,,,,,,,,,,,,,,,,,,,,,,,,,,,,,,,,,,,,,,,,,,,,,,,,,,,,,,,,,,,,,,0.0049261084,,0.48768473,0.10344828
riskmask_p30_s100,token_role_x_teacher_stance_nll,non_object_token,,,,highNLL,,teacher_neutral,,9758,0.017015563,0,,,,0.24964132,0.010284729,,0.73661257,,1.0803446,,-0.0010515606,,0.013788521,,0.0034197636,,0.012086641,,-0.0059364419,,0.8928059,0.93020143,,0.3969051,0.22289404,0.10729658,0.16929699,0.1036073,0.9047619,1,1,0.99690314,0.99993098,0.99999464,0.99999952,1.1913302,1,1,2,0.89044886,0.95566359,1.3010053,1.6833686,0.63853878,0.83476749,1.1346703,1.1956344,1,1,2,0.9733552,7.4206848e-05,0,7.2568655e-06,0.00019708872,-0.0013586879,0.01908344,0.055268651,0.00056368113,0.08312089,0.14568856,0.026273314,0,0.24999994,0.25000006,0.0058084693,0.0001949966,0.036049522,0.062169212,1,0.99989752,1,0.001857076,0.0034091356,0.0077513205,0.0024368261,0.00022701526,0.0017346602,0.0063289343,0.3969051,0.26470588,0.24964132,0.0074133344,0.013669978,0.031102285,0.00093935145,0.0070838849,0.025569366,1.0773383,0.95373619,1.299758,1.6768746,-0.0001437813,0.00093119591,0.0032726109,0.73556101,0.6370829,0.83402438,1.1348172,984,,,,,,,,,,,,,,,,,,,,,,,,,,,,,,,,,,,,,,,,,,,,,,,,,,,,,,,,,,,,,,,0.1036073,0.10729658,0.22289404,0.16929699
riskmask_p30_s100,token_role_x_teacher_stance_nll,non_object_token,,,,lowNLL,,teacher_neutral,,208549,0.3636584,0,,,,0.002253667,0.00078399012,,0.028287236,,0.10092879,,-0.00040491982,,0.0012122598,,0.00028331049,,-0.00059409942,,0.0005601641,,0.99994725,0.92546816,,0.908036,0.07817827,0.00049388873,0.01325348,3.8360289e-05,0.9047619,1,1,0.9998978,0.99999964,1,1,1.0000288,1,1,1,0.99994725,0.014411012,0.10225285,0.34073206,0.0017940393,0.017856553,0.081260225,1,1,1,1,1,-1.2593889e-06,0,1.1920929e-07,2.5033951e-06,1.0269832e-07,0.0013474214,0.016255426,0,0.00017895226,0.0035676834,-0.019166058,-1.1641532e-09,0.2499996,0.37500021,-0.00039475785,0,0.00017744303,0.0034683466,1,1,1,9.5941632e-06,0.00012346679,0.00057797194,0.00017971855,1.1940516e-05,0.00011718303,0.00036932072,0.908036,0.0044545886,0.002253667,3.8919119e-05,0.00049524958,0.0023411882,4.8710412e-05,0.00047453828,0.0015437406,0.099200661,0.014083335,0.098153286,0.33624991,-1.1920918e-07,6.5786779e-05,0.0015814031,0.027882316,0.0017270425,0.016791318,0.080208208,985,,,,,,,,,,,,,,,,,,,,,,,,,,,,,,,,,,,,,,,,,,,,,,,,,,,,,,,,,,,,,,,3.8360289e-05,0.00049388873,0.07817827,0.01325348
riskmask_p30_s100,token_role_x_teacher_stance_nll,non_object_token,,,,highNLL,,teacher_rejects,,68084,0.11872183,0,,,,0.82301275,0.073886114,,0.90109072,,1.3961718,,0.2395311,,0.035800674,,0.0085812253,,-0.057761554,,0.010378685,,0.85860114,0.91066836,,0.26827155,0.20157453,0.14198637,0.31099818,0.077169379,0.9047619,1,1,0.99163584,0.99908289,0.99990328,0.99998975,1.4122114,1,2,2,0.79321133,1.3227046,1.6604824,2.0324762,0.74465692,1.0523746,1.4705981,1.3239087,1,1,2,0.78705716,5.4653704e-05,-5.9604645e-08,0.00010110438,0.0011099756,0.0069431961,0.057130426,0.12668527,-0.033609897,0.048107579,0.15062461,-0.020760201,0,0.12500006,0.375,-0.0063997357,-0.0052563921,0.029897995,0.070871285,0.9992803,0.9995153,0.99838435,0.0035632534,0.0085305963,0.019069467,0.016549545,0.0066436552,0.016584517,0.037987863,0.26827155,0.7892897,0.82301275,0.014357284,0.034575941,0.07776052,0.026459916,0.066583481,0.15497905,1.4264912,1.3617662,1.7118828,2.0909487,0.13178292,0.27071315,0.51411043,1.1406218,0.93334919,1.3186399,1.8799043,985,,,,,,,,,,,,,,,,,,,,,,,,,,,,,,,,,,,,,,,,,,,,,,,,,,,,,,,,,,,,,,,0.077169379,0.14198637,0.20157453,0.31099818
riskmask_p30_s100,token_role_x_teacher_stance_nll,non_object_token,,,,lowNLL,,teacher_rejects,,97837,0.17060378,0,,,,0.16942466,0.034906896,,0.16464749,,0.52396724,,0.082977167,,0.01724186,,0.0037177523,,-0.031589813,,0.045717483,,0.99644306,0.91356681,,0.61350001,0.15477784,0.0040066641,0.22714311,0.00057238059,0.9047619,1,1,0.99891646,0.99994457,0.99999505,0.99999958,1.0034547,1,1,1,0.98571093,0.50276923,0.73637855,0.94719379,0.14122277,0.25780299,0.34794183,1,1,1,1,0.98589491,-9.4836579e-05,-1.7881393e-07,2.7418137e-06,6.8247318e-05,0.03002286,0.081635177,0.158516,-0.011056677,0.001342088,0.024179351,-0.18704963,-0.12500008,6.7055225e-08,0.25,-0.02178152,-0.010020137,0.0011937618,0.020250094,0.99998978,1,0.99993867,0.0010893136,0.0030537727,0.0077121409,0.0088277399,0.0021860162,0.0066252211,0.017683974,0.61350001,0.20375727,0.16942466,0.0044644773,0.01278781,0.033157545,0.0082386248,0.024821509,0.065660174,0.63657221,0.61302882,0.85679072,1.1024057,0.037700295,0.086269855,0.1780852,0.24762466,0.20153691,0.35388657,0.47737371,985,,,,,,,,,,,,,,,,,,,,,,,,,,,,,,,,,,,,,,,,,,,,,,,,,,,,,,,,,,,,,,,0.00057238059,0.0040066641,0.15477784,0.22714311
riskmask_p30_s100,token_role_x_teacher_stance_nll,non_object_token,,,,highNLL,,teacher_supports,,88743,0.15474607,0,,,,0.86105946,0.093439316,,1.0525972,,1.363551,,-0.25579594,,0.044990922,,0.010849946,,0.12853184,,-0.026250948,,0.83735055,0.90743399,,0.20881647,0.34143538,0.16312273,0.10533789,0.18128754,0.9047619,1,1,0.9929086,0.99927819,0.99992824,0.99999338,1.4070067,1,2,2,0.84701892,1.2934512,1.6387004,2.0169205,0.84769815,1.2457775,1.8005332,1.5658024,1,2,2,0.80176465,0.00055593686,1.5497208e-06,0.00018912554,0.001590538,-0.017889738,0.028635234,0.097278833,0.085378706,0.2034108,0.40011349,0.078445624,5.9604645e-08,0.25,0.50000003,0.018147842,0.015740246,0.060302407,0.11354041,0.99934643,0.99909852,0.99966195,0.0043609072,0.010785155,0.024735805,0.01967635,0.0076412568,0.019696843,0.046083082,0.20881647,0.81288665,0.86105946,0.017414585,0.043007985,0.099635857,0.031216294,0.083526984,0.20125489,1.2933909,1.2157793,1.564339,1.945966,-0.1508615,-0.076073468,-0.035712171,0.79680124,0.65488547,0.97412151,1.3889868,985,,,,,,,,,,,,,,,,,,,,,,,,,,,,,,,,,,,,,,,,,,,,,,,,,,,,,,,,,,,,,,,0.18128754,0.16312273,0.34143538,0.10533789
riskmask_p30_s100,token_role_x_teacher_stance_nll,non_object_token,,,,lowNLL,,teacher_supports,,77158,0.13454466,0,,,,0.1824179,0.023479471,,0.1905116,,0.58151278,,-0.050431613,,0.012073409,,0.0030529656,,0.016616112,,-0.040133406,,0.99906685,0.91443295,,0.38619456,0.53962,0.0011405169,0.071567433,0.0014774878,0.9047619,1,1,0.99914351,0.99994844,0.99999517,0.99999958,1.0007517,1,1,1,0.99906685,0.56431377,0.76836739,0.96017424,0.17409795,0.28317703,0.36140798,1,1,1,1,1,9.9355874e-05,4.7683716e-07,2.3901463e-05,0.00022786856,-0.036111873,0.0065358579,0.0588916,0.013708532,0.041310942,0.078403467,0.17671693,0.12500006,0.37499997,0.62500003,0.014745979,0.012357563,0.034600109,0.063076901,1,1,1,0.0012262295,0.0030997816,0.0069466086,0.004669422,0.0020629009,0.0051460392,0.011185929,0.38619456,0.21722958,0.1824179,0.0047973623,0.012013406,0.026942302,0.0089836856,0.023041092,0.053052738,0.47609073,0.45146632,0.65337594,0.8390485,-0.034748137,-0.018423871,-0.012004568,0.14007999,0.12270632,0.20873727,0.28400989,985,,,,,,,,,,,,,,,,,,,,,,,,,,,,,,,,,,,,,,,,,,,,,,,,,,,,,,,,,,,,,,,0.0014774878,0.0011405169,0.53962,0.071567433
riskmask_p30_s100,token_role_x_teacher_stance_nll,unknown_object,,,,lowNLL,,teacher_neutral,,3,5.2312655e-06,0,,,,0,0.00060257723,,0.0033152034,,0.021828062,,-0.001307583,,0.00015506091,,3.420604e-05,,-0.00043010049,,0.0027671787,,1,0.96825397,,1,0,0,0,0,1,1,1,0.99999972,0.9999997,0.99999985,0.99999994,1,1,1,1,1,0.016744457,0.032292696,0.041621639,0.0022063931,0.0049330504,0.0065690448,1,1,1,1,1,1.390775e-07,1.7881393e-07,2.0861626e-07,2.2649765e-07,0.0021938831,0.0043407418,0.005628857,-0.00032776291,-0.00014564355,-3.6371933e-05,0.16666683,-4.0512532e-08,0.3125001,0.50000018,-0.00042714675,-0.00032699108,-0.00014528632,-3.6263466e-05,1,1,1,6.3611151e-06,4.972384e-05,7.5741475e-05,0.00013270487,5.9166516e-05,0.00019780049,0.00028098087,1,0,0,2.6277179e-05,0.0002268887,0.00034725562,0.00025000941,0.00089797159,0.0012867489,0.014822486,0.013334822,0.02193623,0.027097075,-0.00058550737,-0.00030735588,-0.00014046498,0.0020076204,0.0016208857,0.002986278,0.0038055134,2,,,,,,,,,,,,,,,,,,,,,,,,,,,,,,,,,,,,,,,,,,,,,,,,,,,,,,,,,,,,,,,,,,
riskmask_p30_s100,token_role_x_teacher_stance_nll,unknown_object,,,,highNLL,,teacher_rejects,,1,1.7437552e-06,0,,,,1,0.018779129,,0.63564229,,1.2332289,,0.10935682,,0.040921897,,0.010876905,,0.14908087,,-0.074853778,,1,1,,0,1,0,0,0,1,1,1,0.99997163,0.99997163,0.99997163,0.99997163,1,1,1,1,1,1.2332289,1.2332289,1.2332289,0.63564229,0.63564229,0.63564229,1,1,1,1,1,-7.8082085e-06,-7.8082085e-06,-7.8082085e-06,-7.8082085e-06,-0.074853778,-0.074853778,-0.074853778,0.14908087,0.14908087,0.14908087,0.5,0.5,0.5,0.5,0.08514142,0.08514142,0.08514142,0.08514142,1,1,1,0.010876905,0.010876905,0.010876905,0.0048769666,0.0048769666,0.0048769666,0.0048769666,,1,1,0.040921897,0.040921897,0.040921897,0.018779129,0.018779129,0.018779129,1.3038337,1.3038337,1.3038337,1.3038337,0.10935682,0.10935682,0.10935682,0.74499911,0.74499911,0.74499911,0.74499911,1,,,,,,,,,,,,,,,,,,,,,,,,,,,,,,,,,,,,,,,,,,,,,,,,,,,,,,,,,,,,,,,,,1,
riskmask_p30_s100,token_role_x_teacher_stance_nll,unknown_object,,,,lowNLL,,teacher_rejects,,3,5.2312655e-06,0,,,,0,0.023364512,,0.060543093,,0.26965075,,0.04457317,,0.0018766487,,0.00044808931,,-0.0080678277,,0.016287627,,1,0.96825397,,1,0,0,0,0,1,1,1,0.9999215,0.99999177,0.99999502,0.99999697,1,1,1,1,1,0.19966188,0.35348259,0.44577501,0.034657173,0.08238909,0.11102824,1,1,1,1,1,5.3048134e-06,-6.5565109e-07,9.2089176e-06,1.5127659e-05,0.023429736,0.02780252,0.030426189,-0.0041567348,-0.0015127677,7.3612481e-05,1.7757217e-07,1.4156103e-07,0.12500024,0.20000029,-0.0070974827,-0.004006803,-0.0014469624,8.8942051e-05,1,1,1,0.00054656074,0.00064898096,0.00071043309,0.0069573237,0.0011694047,0.010078156,0.015423406,1,0,0,0.0023684846,0.0027263197,0.0029410208,0.0042531802,0.033653882,0.051294303,0.41616553,0.55185765,0.55282393,0.5534037,0.019821435,0.061411861,0.086366117,0.10511626,0.13765946,0.14380095,0.14748585,3,,,,,,,,,,,,,,,,,,,,,,,,,,,,,,,,,,,,,,,,,,,,,,,,,,,,,,,,,,,,,,,,,,
riskmask_p30_s100,token_role_x_teacher_stance_nll,unknown_object,,,,highNLL,,teacher_supports,,3,5.2312655e-06,0,,,,1,0.13487932,,0.90936188,,1.305892,,-0.26292605,,0.038813191,,0.010329767,,0.21888853,,-0.15838687,,0.66666667,0.7965368,,0,0.33333333,0.33333333,0,0.33333333,0.81818182,0.86147186,0.88744589,0.99556957,0.99795276,0.99863589,0.99904577,1.3333333,1,1.5,1.8,0.66666667,1.2364775,1.442864,1.5666959,0.84593695,1.072881,1.2090474,1.6666667,2,2,2,0.33333333,0.0038824081,0.00012725592,0.0059176981,0.0093919635,-0.02856338,0.014494419,0.040329099,0.21143126,0.23309933,0.24610016,0.12499995,0.125,0.37499999,0.52499998,0.042391131,0.032901555,0.09749271,0.1362474,1,1,1,0.0050699878,0.013605897,0.018727443,0.029635415,0.035171404,0.038533688,0.040551057,,1,1,0.020253621,0.050482068,0.068619137,0.14953524,0.17865489,0.19612669,1.0685398,0.9898814,1.1318421,1.2170185,-0.34435737,-0.18671721,-0.092133117,0.64643583,0.43059322,0.85067056,1.102717,2,,,,,,,,,,,,,,,,,,,,,,,,,,,,,,,,,,,,,,,,,,,,,,,,,,,,,,,,,,,,,,,0.33333333,0.33333333,0.33333333,
riskmask_p30_s100,token_role_x_teacher_stance_nll,unknown_token,,,,highNLL,,teacher_neutral,,78,0.0001360129,0,,,,0.26923077,0.014049092,,0.69491151,,1.0475302,,-0.00093677296,,0.020513227,,0.0046497637,,0.031333599,,-0.0089494189,,0.83333333,0.92644795,,0.37179487,0.24358974,0.16666667,0.1025641,0.11538462,0.9047619,1,1,0.99817622,0.99995738,0.99999402,0.99999971,1.1666667,1,1,2,0.80769231,0.92009398,1.1796934,1.6821239,0.61665457,0.83834304,0.93242434,1.1794872,1,1,2,0.97435897,1.9979783e-05,0,7.9125166e-06,0.0002258718,-7.7724457e-05,0.011699677,0.041747272,0.0077395737,0.10112642,0.17374452,0.024038462,0,0.24999995,0.2500001,0.0062152052,9.1791153e-06,0.036204904,0.063389641,1,1,1,0.0017679016,0.0031905363,0.0077826126,0.0034873615,0.00037436746,0.0021218203,0.0062297285,0.37179487,0.28205128,0.26923077,0.0070722669,0.012432304,0.032543647,0.0015274261,0.0084973697,0.024117045,1.0535056,0.92437679,1.1956287,1.7015808,-0.00027349591,0.00147333,0.0029437065,0.69397474,0.61471182,0.83454826,0.93315049,8,,,,,,,,,,,,,,,,,,,,,,,,,,,,,,,,,,,,,,,,,,,,,,,,,,,,,,,,,,,,,,,0.11538462,0.16666667,0.24358974,0.1025641
riskmask_p30_s100,token_role_x_teacher_stance_nll,unknown_token,,,,lowNLL,,teacher_neutral,,1805,0.0031474781,0,,,,0.0038781163,0.00070264494,,0.019817844,,0.074507276,,-0.00037591091,,0.0011746557,,0.00027197878,,-0.00035111041,,0.00064260946,,1,0.92038771,,0.93407202,0.058171745,0,0.0077562327,0,0.9047619,1,1,0.99991793,0.99999982,1,1,1,1,1,1,1,0.0052940883,0.067054302,0.23569095,0.00055845879,0.010358972,0.049682239,1,1,1,1,1,-3.4048947e-07,0,1.1920929e-07,1.4662743e-06,5.7265834e-07,0.00058878865,0.012478086,0,4.9703565e-05,0.002474167,-0.086114962,-1.6298145e-07,0.12500021,0.3750004,-0.00028966492,0,4.9650669e-05,0.0024042726,1,1,1,3.6033755e-06,7.8556644e-05,0.00043212625,0.00016270396,6.2290856e-06,9.5765921e-05,0.00037256755,0.93407202,0.004432133,0.0038781163,1.4639572e-05,0.00030738377,0.0017816165,2.5284031e-05,0.0003928318,0.0015868627,0.072983434,0.0049034902,0.061815608,0.23085276,-1.1920918e-07,3.1944619e-05,0.0013096867,0.019441933,0.00055333559,0.0095932195,0.049049413,8,,,,,,,,,,,,,,,,,,,,,,,,,,,,,,,,,,,,,,,,,,,,,,,,,,,,,,,,,,,,,,,,,0.058171745,0.0077562327
riskmask_p30_s100,token_role_x_teacher_stance_nll,unknown_token,,,,highNLL,,teacher_rejects,,518,0.00090326518,0,,,,0.86293436,0.097485511,,0.89706928,,1.4268447,,0.25435616,,0.045243493,,0.010149755,,-0.051400006,,0.00082217855,,0.82046332,0.90255554,,0.26640927,0.2046332,0.17953668,0.26833977,0.081081081,0.9047619,1,1,0.99004314,0.99890453,0.99987397,0.99999179,1.3339768,1,1,2,0.77220077,1.3522471,1.6969815,2.1087049,0.7350373,1.039134,1.4173447,1.2509653,1,1,2,0.75482625,0.0018751114,1.1920929e-07,0.00021263957,0.0018384993,0.0029207468,0.049904138,0.11541011,-0.028873861,0.056130886,0.15195655,-0.022442082,0,0.12500006,0.37500012,-0.0049630074,-0.0051635057,0.030951664,0.07919001,1,1,1,0.0042020897,0.0094386034,0.020409193,0.019097317,0.0069881727,0.017183458,0.047035674,0.26640927,0.82432432,0.86293436,0.016667712,0.039560987,0.081490396,0.028032837,0.068971623,0.19322334,1.4443897,1.3697613,1.7483543,2.1030136,0.13903338,0.29510874,0.540104,1.1514254,0.91982961,1.2722348,1.9063398,8,,,,,,,,,,,,,,,,,,,,,,,,,,,,,,,,,,,,,,,,,,,,,,,,,,,,,,,,,,,,,,,0.081081081,0.17953668,0.2046332,0.26833977
riskmask_p30_s100,token_role_x_teacher_stance_nll,unknown_token,,,,lowNLL,,teacher_rejects,,731,0.001274685,0,,,,0.19699042,0.042492996,,0.15590906,,0.50459372,,0.092703585,,0.022695052,,0.0047085247,,-0.036691558,,0.053479833,,0.99726402,0.90646575,,0.60738714,0.14637483,0.0027359781,0.24350205,0,0.9047619,1,1,0.99867202,0.99995422,0.99999666,0.99999964,1.002736,1,1,1,0.97811218,0.48078588,0.7350643,0.94250751,0.1285408,0.2597236,0.35104033,1,1,1,1,0.97948016,-9.8843255e-05,-1.7881393e-07,1.7285347e-06,5.9783459e-05,0.034631371,0.09465868,0.18026441,-0.012905419,9.8921359e-05,0.02242329,-0.22058823,-0.24999985,5.9604645e-08,0.25000002,-0.02553453,-0.011724293,8.5771084e-05,0.018674135,1,1,1,0.0012975729,0.0032620153,0.010682626,0.011007986,0.0026263774,0.0093380702,0.023696013,0.60738714,0.2380301,0.19699042,0.0053128251,0.013870382,0.04698506,0.0094650239,0.033317583,0.081350744,0.63073343,0.60108912,0.86954182,1.1217676,0.040731736,0.093936123,0.21901184,0.24861264,0.18559062,0.3571261,0.49062744,8,,,,,,,,,,,,,,,,,,,,,,,,,,,,,,,,,,,,,,,,,,,,,,,,,,,,,,,,,,,,,,,,0.0027359781,0.14637483,0.24350205
riskmask_p30_s100,token_role_x_teacher_stance_nll,unknown_token,,,,highNLL,,teacher_supports,,657,0.0011456472,0,,,,0.86757991,0.13516165,,1.0421276,,1.3517748,,-0.28349507,,0.059427275,,0.01360483,,0.16281794,,-0.026395549,,0.84322679,0.90334016,,0.19634703,0.3500761,0.15677321,0.10502283,0.19178082,0.9047619,1,1,0.99200251,0.99947178,0.99995792,0.9999938,1.325723,1,1,2,0.84627093,1.2719676,1.615248,2.0504967,0.83080012,1.2173675,1.7759669,1.4611872,1,2,2,0.77777778,0.0007846154,5.364418e-07,0.00021004677,0.0016591549,-0.017422438,0.033153534,0.10822382,0.10158068,0.23066223,0.47558357,0.10045662,0.12499994,0.25000006,0.55000004,0.021899211,0.020896256,0.063887805,0.12223069,1,1,1,0.0051571787,0.01347959,0.032041657,0.026963359,0.010458461,0.026831876,0.06065546,0.19634703,0.80974125,0.86757991,0.020586319,0.052894145,0.12762578,0.044398606,0.1147462,0.25892155,1.279601,1.1877713,1.5231519,1.988645,-0.1622062,-0.07845819,-0.034159899,0.75863248,0.62681949,0.93932515,1.329103,8,,,,,,,,,,,,,,,,,,,,,,,,,,,,,,,,,,,,,,,,,,,,,,,,,,,,,,,,,,,,,,,0.19178082,0.15677321,0.3500761,0.10502283
riskmask_p30_s100,token_role_x_teacher_stance_nll,unknown_token,,,,lowNLL,,teacher_supports,,552,0.00096255286,0,,,,0.21376812,0.030028256,,0.18908519,,0.58059989,,-0.056152647,,0.014761328,,0.0037880096,,0.01836688,,-0.045914408,,0.99818841,0.90673821,,0.40036232,0.54166667,0.0018115942,0.054347826,0.0018115942,0.9047619,1,1,0.99908151,0.99995583,0.99999572,0.99999952,1.0018116,1,1,1,0.99818841,0.5590542,0.75815065,0.96597608,0.17087271,0.28184219,0.35866133,1,1,1,1,1,0.00013794037,5.6624413e-07,2.8505921e-05,0.00027045012,-0.04226134,0.0045059863,0.055953169,0.016392827,0.045930125,0.085200337,0.19927537,0.12500016,0.37500001,0.74999994,0.017775943,0.014263541,0.039036691,0.070109481,1,1,1,0.0013396129,0.00346872,0.0083460625,0.0059530476,0.0026912494,0.0061243949,0.014080726,0.40036232,0.23913043,0.21376812,0.0051375721,0.013194177,0.032324935,0.011965734,0.029192357,0.069401039,0.46137412,0.42989425,0.63486658,0.84490519,-0.039496699,-0.018986441,-0.012327792,0.13293255,0.11428248,0.19545547,0.27782707,8,,,,,,,,,,,,,,,,,,,,,,,,,,,,,,,,,,,,,,,,,,,,,,,,,,,,,,,,,,,,,,,0.0018115942,0.0018115942,0.54166667,0.054347826
riskmask_p30_s100,token_offline_risk_bin,,,,,,,,offline_risk_tail,172043,0.30000087,4728,0.22271574,,,1,0.099878418,,0.90674057,,1.3248777,,-0.023642257,,0.045347308,,0.010860139,,0.040193174,,-0.0088379426,,0.86004662,0.9017306,,0.21543451,0.30677214,0.14061601,0.2171027,0.12007463,0.9047619,1,1,0.99232481,0.99915004,0.99991357,0.99999213,1.3780392,1,1,2,0.83293711,1.2488878,1.6162434,2.0061025,0.74194026,1.1246059,1.6271683,1.4243358,1,2,2,0.8024738,0.00035304629,9.5367432e-07,0.00018754601,0.0015637875,-0.0065231323,0.053895354,0.13968709,0.0246768,0.1346395,0.29512131,0.031698834,0,0.25,0.50000003,0.0050913153,0.0036744177,0.052345246,0.10194889,0.99934319,0.99932575,0.99914556,0.0048073623,0.011097158,0.024315235,0.021705279,0.010037787,0.022139205,0.047488387,0.21543451,0.925228,1,0.019274993,0.044455541,0.098462217,0.041312139,0.092711311,0.20487492,1.3027855,1.2396185,1.6107067,2.0001369,-0.043824285,0.14812943,0.32812445,0.88309831,0.73033094,1.1058047,1.5949725,993,,,,,,,,,,,,,,,,,,,,,,,,,,,,,,,,,,,,,,,,,,,,,,,,,,,,,,,,,,,,,,,0.12007463,0.14061601,0.30677214,0.2171027
riskmask_p30_s100,token_offline_risk_bin,,,,,,,,offline_safe_bulk,401432,0.69999913,14267,0.13296418,,,0,0.0063864519,,0.12336281,,0.31739176,,0.0042462048,,0.0052102697,,0.0011929952,,-0.0023961161,,0.0032155758,,0.99404133,0.92317814,,0.74087517,0.17764154,0.0062775265,0.068706531,0.0064992327,0.9047619,1,1,0.99958825,0.99999559,0.99999988,1,1.0098099,1,1,1,0.99348333,0.17318358,0.54557268,0.84144344,0.03388826,0.16353541,0.37215709,1.0097277,1,1,1,0.99740927,-9.9978072e-06,0,5.9604645e-07,2.1994114e-05,3.6557606e-07,0.01325196,0.058643812,0,0.0027479986,0.028609966,-0.021108182,0,0.24999978,0.37500014,-0.0017178533,0,0.0025211722,0.023355281,0.99999502,0.99999004,0.99998256,0.00017068192,0.0010422886,0.0027993786,0.001548097,0.00026134589,0.0013547161,0.0032877975,0.74087517,0.032045278,0,0.00068873825,0.0041784537,0.011362458,0.0010637545,0.0054860534,0.013465676,0.32246855,0.1723981,0.56337759,0.86048172,0,0.004614234,0.03986113,0.12760902,0.033702424,0.17308859,0.3868753,993,,,,,,,,,,,,,,,,,,,,,,,,,,,,,,,,,,,,,,,,,,,,,,,,,,,,,,,,,,,,,,,0.0064992327,0.0062775265,0.17764154,0.068706531
riskmask_p30_s100,mention_object_x_rkl_nll,,correct_object,,highRKL,highNLL,,,,2431,0.1499599,,,0,0.023035788,,,0.14316536,,0.92547979,,1.2554386,,-0.071630304,,0.065011891,,0.01600509,,0.080086118,,-0.034887436,,,0.88521327,,,,,,,,,,,,,,,,,,,,,,,,,,,,,,,,,,,,,,,,,,,,,,,,,,,,,,,,,,,,,,,,,,,,,,,,,,,,,814,0.9047619,0.9047619,1,1.1478465,1.524166,2.0106678,0.70564759,1.1048445,1.7114656,-0.022072123,0.047619879,0.13441992,0.05997625,0.19656213,0.40811062,0.0073032361,0.016732553,0.036260126,0.1115796,0,0,1,0.1561086,0,0,1,0.35297546,0,1,1,0.19762101,0,0,1,0.18171534,0,0,1,1,0.023035788,0,0.94834087,1,1,1,0.029211886,0.066732835,0.14849553,0.064184643,0.13625716,0.29457736,1.2021408,1.1079211,1.5071406,1.9847201,-0.10442069,0.16547126,0.40491068,0.85384948,0.66722375,1.0570847,1.6516984,,,,
riskmask_p30_s100,mention_object_x_rkl_nll,,correct_object,,highRKL,lowNLL,,,,1374,0.084757264,,,0,0.0087336245,,,0.085246101,,0.14316162,,0.48330393,,0.070237911,,0.030429647,,0.0068776484,,-0.01942274,,0.013384121,,,0.88105721,,,,,,,,,,,,,,,,,,,,,,,,,,,,,,,,,,,,,,,,,,,,,,,,,,,,,,,,,,,,,,,,,,,,,,,,,,,,,679,0.9047619,0.9047619,1,0.47767843,0.64130238,0.78835917,0.14410104,0.20814301,0.25361255,0.0045246586,0.089835644,0.20069069,-0.0019157417,0.032021683,0.070179108,0.0031979587,0.007257292,0.015255651,0.00097040272,0,0,0,0.0084910238,0,0,0,0.35729015,0,1,1,0.4115114,0,1,1,0.22173702,0,0,1,1,0.0087336245,0,0.32296215,0,1,1,0.012423296,0.029045739,0.064226691,0.041075027,0.076403681,0.15756308,0.53202965,0.48832308,0.71270532,0.94221525,0.03723345,0.1231278,0.22667948,0.21339953,0.14590443,0.28196576,0.42145785,,,,
riskmask_p30_s100,mention_object_x_rkl_nll,,correct_object,,lowRKL,highNLL,,,,1340,0.082659922,,,0,0.013432836,,,0.0076934587,,0.65548661,,0.98564004,,-0.0084162359,,0.017744611,,0.0043564451,,0.032889986,,-0.01243807,,,0.91997615,,,,,,,,,,,,,,,,,,,,,,,,,,,,,,,,,,,,,,,,,,,,,,,,,,,,,,,,,,,,,,,,,,,,,,,,,,,,,653,0.9047619,1,1,0.88605759,1.1764335,1.5135452,0.52069776,0.75989181,1.0544635,-0.0064442625,0.027914222,0.069786602,0.0084434003,0.086943328,0.18918154,0.0018855529,0.0045498612,0.0096937805,0.081902985,0,0,0,0.082338308,0,0,0,0.30528607,0,1,1,0.35827114,0,1,1,0.17220149,0,0,1,1,0.013432836,0,0.38712687,0,1,1,0.0075285129,0.017957706,0.039429817,0.0072873603,0.011480469,0.015487419,0.98043765,0.88564655,1.1774027,1.5132983,-0.0037050694,0.044461556,0.09923172,0.64707037,0.53103632,0.7445344,1.0366027,,,,
riskmask_p30_s100,mention_object_x_rkl_nll,,correct_object,,lowRKL,lowNLL,,,,8324,0.5134785,,,0,0.0061268621,,,0.0026194675,,0.043700303,,0.15945294,,0.00072334071,,0.0031053201,,0.0007319603,,-0.0013441773,,0.00067701605,,,0.91346608,,,,,,,,,,,,,,,,,,,,,,,,,,,,,,,,,,,,,,,,,,,,,,,,,,,,,,,,,,,,,,,,,,,,,,,,,,,,,965,0.9047619,1,1,0.0657879,0.24900301,0.48034585,0.010650737,0.057933155,0.15139905,4.0415505e-07,0.0069564404,0.039309926,0,0.0015108223,0.013274446,9.3236082e-05,0.00055991256,0.0016703064,0.00022024668,0,0,0,0.00068076245,0,0,0,0.15000801,0,0,1,0.82051898,1,1,1,0.028572001,0,0,0,1,0.0061268621,0,0.0050957072,0,0,0,0.00037588559,0.0022557265,0.0068602052,0.00059337455,0.0034945067,0.0089709987,0.15989451,0.064117886,0.2511034,0.48086283,-1.1920928e-07,0.0019074418,0.017012384,0.044423643,0.010292133,0.059500142,0.15004432,,,,
riskmask_p30_s100,mention_object_x_rkl_nll,,hallucinated_object,,highRKL,highNLL,,,,784,0.048362223,,,1,0.27040816,,,0.15940678,,1.1209749,,1.4083424,,-0.035994215,,0.069226401,,0.016594841,,0.044095705,,-0.00316124,,,0.88430403,,,,,,,,,,,,,,,,,,,,,,,,,,,,,,,,,,,,,,,,,,,,,,,,,,,,,,,,,,,,,,,,,,,,,,,,,,,,,431,0.9047619,0.9047619,1,1.3325617,1.6982322,2.1833712,0.8362129,1.3379522,2.0849274,-0.0053910911,0.078980327,0.20710996,0.028023914,0.1802166,0.44742999,0.0081919101,0.018020887,0.041858257,0.11894133,0,0,1,0.1494898,0,0,1,0.32997449,0,1,1,0.16318027,0,0,1,0.23841412,0,0,1,1,0,0.27040816,0.97574405,1,1,1,0.032862533,0.072480274,0.17335342,0.072598487,0.16438298,0.33973082,1.3614288,1.2811832,1.7064513,2.1917616,-0.098222762,0.21187119,0.56319755,1.0849807,0.80915913,1.3338073,2.1287119,,,,
riskmask_p30_s100,mention_object_x_rkl_nll,,hallucinated_object,,highRKL,lowNLL,,,,275,0.01696379,,,1,0.18545455,,,0.09651873,,0.15023201,,0.53598274,,0.10727119,,0.034829459,,0.0077057019,,-0.041661499,,0.054136584,,,0.87566678,,,,,,,,,,,,,,,,,,,,,,,,,,,,,,,,,,,,,,,,,,,,,,,,,,,,,,,,,,,,,,,,,,,,,,,,,,,,,206,0.9047619,0.9047619,1,0.51678419,0.70012867,0.84900998,0.13890252,0.22615167,0.26662642,0.049544513,0.13213167,0.28674576,-0.01492741,0.017444834,0.057659072,0.0028853179,0.008865471,0.016035458,0,0,0,0,0.010909091,0,0,0,0.27242424,0,1,1,0.42606061,0,1,1,0.29060606,0,1,1,1,0,0.18545455,0.31606061,0,1,1,0.01240716,0.03826916,0.072146133,0.041488506,0.086179741,0.19050997,0.62833557,0.62191188,0.83099765,1.0326299,0.059468821,0.13503742,0.33730188,0.25750321,0.17700586,0.35107221,0.53436737,,,,
riskmask_p30_s100,mention_object_x_rkl_nll,,hallucinated_object,,lowRKL,highNLL,,,,309,0.019061131,,,1,0.197411,,,0.0084077871,,0.7501243,,1.0979364,,-0.0031943909,,0.015798429,,0.0039006751,,-0.013559404,,-0.0001151233,,,0.91262735,,,,,,,,,,,,,,,,,,,,,,,,,,,,,,,,,,,,,,,,,,,,,,,,,,,,,,,,,,,,,,,,,,,,,,,,,,,,,224,0.9047619,1,1,1.0021558,1.3529898,1.5959061,0.57995021,0.83740491,1.1764678,0.0027559996,0.038569391,0.075483608,4.529953e-06,0.065711558,0.13242555,0.0019395612,0.0048994287,0.0077732232,0.085760518,0,0,0,0.072815534,0,0,0,0.23408846,0,0,1,0.37594391,0,1,1,0.23139159,0,0,1,1,0,0.197411,0.46979504,0,1,1,0.0077857412,0.019379165,0.031009403,0.0077752788,0.012947847,0.0163052,1.0935107,0.99421632,1.3465118,1.5998708,-0.00020802021,0.063334912,0.11729815,0.74692991,0.58891213,0.82852298,1.1794798,,,,
riskmask_p30_s100,mention_object_x_rkl_nll,,hallucinated_object,,lowRKL,lowNLL,,,,1374,0.084757264,,,1,0.11499272,,,0.002757374,,0.048440362,,0.18232682,,0.00091961898,,0.0045777564,,0.0010429167,,-0.0057026589,,0.01037365,,,0.91455951,,,,,,,,,,,,,,,,,,,,,,,,,,,,,,,,,,,,,,,,,,,,,,,,,,,,,,,,,,,,,,,,,,,,,,,,,,,,,466,0.9047619,1,1,0.074806429,0.29436042,0.53306652,0.012106332,0.069242931,0.16117322,4.9216601e-05,0.014063964,0.063033357,-3.218549e-06,0.00071326882,0.0096496204,9.6156538e-05,0.00063289468,0.0024239518,0.00036390102,0,0,0,0,0,0,0,0.12305919,0,0,1,0.821082,1,1,1,0.055494905,0,0,0,1,0,0.11499272,0.0031538088,0,0,0,0.00037142477,0.0026524764,0.010044509,0.00074028832,0.0038189658,0.0089899551,0.18280699,0.075780921,0.28776237,0.54582918,-3.5762702e-07,0.0021012047,0.01892817,0.049359981,0.012465115,0.067883411,0.16638257,,,,
riskmask_p30_s100,mention_object_x_offline_risk_bin,,correct_object,,,,,,offline_risk_tail,3636,0.22429215,,,0,0.019526953,,,0.11645844,,0.78217042,,1.1182966,,-0.035920555,,0.05332204,,0.013081571,,0.056187031,,-0.025080384,,,0.89018291,,,,,,,,,,,,,,,,,,,,,,,,,,,,,,,,,,,,,,,,,,,,,,,,,,,,,,,,,,,,,,,,,,,,,,,,,,,,,908,0.9047619,0.94264069,1,1.0247825,1.409605,1.85663,0.59958977,0.9740508,1.5005113,-0.015502909,0.048840314,0.13611097,0.034020349,0.15120102,0.33982995,0.0057081524,0.013258213,0.029845681,0.094265677,0,0,0.5,0.12843784,0,0,1,0.33592318,0,1,1,0.25272736,0,0.5,1,0.18864595,0,0,1,1,0.019526953,0,0.91043271,1,1,1,0.022882209,0.053059299,0.11956181,0.04850235,0.10988804,0.24824992,1.0849885,0.98792171,1.3943193,1.8405303,-0.055844262,0.14059315,0.34536758,0.74624986,0.57426228,0.94400723,1.4753087,,,,
riskmask_p30_s100,mention_object_x_offline_risk_bin,,correct_object,,,,,,offline_safe_bulk,9833,0.60656344,,,0,0.0067120919,,,0.0075087882,,0.085903301,,0.23369759,,0.0048534616,,0.0056546088,,0.0012940248,,-0.00034678008,,0.001397251,,,0.91144927,,,,,,,,,,,,,,,,,,,,,,,,,,,,,,,,,,,,,,,,,,,,,,,,,,,,,,,,,,,,,,,,,,,,,,,,,,,,,969,0.9047619,1,1,0.10737996,0.36950061,0.66667858,0.018932469,0.10050855,0.24236908,3.1391392e-07,0.010532733,0.053207916,0,0.0027913833,0.023884264,0.00017333272,0.00096848514,0.0031380991,0.0042120072,0,0,0,0.0040848842,0,0,0,0.18156548,0,0,1,0.75633072,1,1,1,0.053806909,0,0,0,1,0.0067120919,0,0,0,0,0,0.00068948395,0.0039000046,0.012671288,0.0010491945,0.0056514293,0.015725543,0.2393108,0.10588664,0.38178247,0.68427343,-1.1827797e-07,0.0039603719,0.033296525,0.090756762,0.019064993,0.10474604,0.25967664,,,,
riskmask_p30_s100,mention_object_x_offline_risk_bin,,hallucinated_object,,,,,,offline_risk_tail,1040,0.06415397,,,1,0.25576923,,,0.13564237,,1.0040797,,1.3198165,,-0.013125708,,0.059923873,,0.014317548,,0.027224647,,0.0019954141,,,0.88538258,,,,,,,,,,,,,,,,,,,,,,,,,,,,,,,,,,,,,,,,,,,,,,,,,,,,,,,,,,,,,,,,,,,,,,,,,,,,,501,0.9047619,0.9047619,1,1.2429317,1.6238974,2.1106563,0.75237763,1.2106078,1.9959351,-0.0017482638,0.075407028,0.20166875,0.014402071,0.14027593,0.34822166,0.0064060814,0.015227385,0.033356137,0.11033654,0,0,1,0.12855769,0,0,1,0.30924679,0,1,1,0.19929487,0,0,1,0.2525641,0,0.5,1,1,0,0.25576923,0.96288462,1,1,1,0.026143289,0.063542383,0.13609627,0.056466416,0.13538922,0.27131627,1.2883296,1.2227209,1.6236805,2.0904034,-0.053701818,0.16832719,0.48833889,0.99095399,0.73267552,1.1914531,2.0178443,,,,
riskmask_p30_s100,mention_object_x_offline_risk_bin,,hallucinated_object,,,,,,offline_safe_bulk,1702,0.10499044,,,1,0.12690952,,,0.0098919729,,0.10238584,,0.27538535,,0.0089349816,,0.0074631745,,0.0016906287,,-0.010120342,,0.014425229,,,0.91181636,,,,,,,,,,,,,,,,,,,,,,,,,,,,,,,,,,,,,,,,,,,,,,,,,,,,,,,,,,,,,,,,,,,,,,,,,,,,,538,0.9047619,1,1,0.15447673,0.45757955,0.72752612,0.029244962,0.12553313,0.26944345,0.00018995714,0.024611063,0.088780245,-1.3410239e-05,0.0011488649,0.019788616,0.00022724491,0.0012787975,0.0043203542,0.0032314924,0,0,0,0.0052878966,0,0,0,0.14889346,0,0,1,0.75332942,1,1,1,0.089257736,0,0,0,1,0,0.12690952,0,0,0,0,0.00086837009,0.0051837777,0.018104921,0.0015184009,0.0067287257,0.018906472,0.28752132,0.15400983,0.51199828,0.75762624,-1.1920736e-07,0.0060933736,0.047992105,0.11132082,0.028710446,0.14142643,0.31405328,,,,
riskmask_p30_s100,mention_fate_x_rkl_nll,,correct_object,kept_correct,highRKL,highNLL,,,,2375,0.14650546,,,0,0,,,0.14316044,,0.92100847,,1.2494457,,-0.073134902,,0.064894669,,0.015969779,,0.082317462,,-0.036167581,,,0.8853829,,,,,,,,,,,,,,,,,,,,,,,,,,,,,,,,,,,,,,,,,,,,,,,,,,,,,,,,,,,,,,,,,,,,,,,,,,,,,807,0.9047619,0.9047619,1,1.1429952,1.51731,1.9880794,0.70431119,1.0989643,1.7046026,-0.022955,0.045407534,0.13002067,0.061961979,0.19859584,0.40931169,0.0073032361,0.016732553,0.036255393,0.11189474,0,0,1,0.15621053,0,0,1,0.35666667,0,1,1,0.19807018,0,0,1,0.17715789,0,0,1,1,0,0,0.94838596,1,1,1,0.029200308,0.066732835,0.14840949,0.064209171,0.13625716,0.2940447,1.1955265,1.0986778,1.5007613,1.9744317,-0.10596114,0.16164678,0.40419457,0.84787357,0.66083896,1.0563241,1.6348129,,,,
riskmask_p30_s100,mention_fate_x_rkl_nll,,correct_object,kept_correct,highRKL,lowNLL,,,,1362,0.084017025,,,0,0,,,0.084876193,,0.14330071,,0.48329057,,0.070218803,,0.030007045,,0.0067930635,,-0.019426472,,0.013427491,,,0.88092865,,,,,,,,,,,,,,,,,,,,,,,,,,,,,,,,,,,,,,,,,,,,,,,,,,,,,,,,,,,,,,,,,,,,,,,,,,,,,674,0.9047619,0.9047619,1,0.47855747,0.64124745,0.78770899,0.14421581,0.20850237,0.25353573,0.0045246586,0.089835644,0.20114321,-0.0021354621,0.031968746,0.070184888,0.0031967709,0.0072426752,0.015246201,0.00061184533,0,0,0,0.0085658346,0,0,0,0.35676701,0,1,1,0.41109887,0,1,1,0.22295644,0,0,1,1,0,0,0.32323789,0,1,1,0.01240865,0.028718981,0.064142933,0.041057492,0.075312885,0.15729794,0.53215997,0.48832308,0.71270532,0.94131894,0.037510623,0.12338066,0.22662479,0.21351952,0.1460828,0.28196576,0.42152107,,,,
riskmask_p30_s100,mention_fate_x_rkl_nll,,correct_object,kept_correct,lowRKL,highNLL,,,,1322,0.081549565,,,0,0,,,0.0076687035,,0.65550283,,0.98495533,,-0.008544069,,0.017630406,,0.0043390857,,0.033484994,,-0.012732452,,,0.92022843,,,,,,,,,,,,,,,,,,,,,,,,,,,,,,,,,,,,,,,,,,,,,,,,,,,,,,,,,,,,,,,,,,,,,,,,,,,,,646,0.9047619,1,1,0.88571122,1.1749211,1.5133497,0.52001676,0.75946982,1.0522504,-0.0067068636,0.027938889,0.070220476,0.0089360775,0.087137498,0.19007728,0.0018855529,0.0046085191,0.0096773254,0.082261725,0,0,0,0.081190116,0,0,0,0.30755169,0,1,1,0.35747605,0,1,1,0.17152042,0,0,1,1,0,0,0.3852118,0,1,1,0.0075285129,0.018028045,0.039421652,0.0072775683,0.011438955,0.015468238,0.97963459,0.88407266,1.1753885,1.512829,-0.0038383305,0.044366285,0.099710703,0.64695877,0.52839166,0.74319033,1.0359149,,,,
riskmask_p30_s100,mention_fate_x_rkl_nll,,correct_object,kept_correct,lowRKL,lowNLL,,,,8273,0.51033249,,,0,0,,,0.0026045846,,0.043549758,,0.15887786,,0.00068029953,,0.0030674263,,0.00072395995,,-0.0012486843,,0.00047852235,,,0.91346088,,,,,,,,,,,,,,,,,,,,,,,,,,,,,,,,,,,,,,,,,,,,,,,,,,,,,,,,,,,,,,,,,,,,,,,,,,,,,964,0.9047619,1,1,0.064751133,0.24743778,0.4795422,0.010566007,0.057687752,0.15070432,2.9938622e-07,0.0067994016,0.038958856,0,0.0015337896,0.013350055,9.2436618e-05,0.00055581459,0.0016626785,0.00022160442,0,0,0,0.0006849591,0,0,0,0.15014706,0,0,1,0.82098392,1,1,1,0.027962448,0,0,0,1,0,0,0.0050666828,0,0,0,0.0003738263,0.0022426974,0.0067889816,0.0005878038,0.003467171,0.0089116447,0.15923333,0.063570522,0.2499117,0.47887483,-1.1920928e-07,0.0018950617,0.01683649,0.044230057,0.010104219,0.059251849,0.14948116,,,,
riskmask_p30_s100,mention_fate_x_rkl_nll,,correct_object,removed_correct,highRKL,highNLL,,,,56,0.0034544445,,,0,1,,,0.14337422,,1.1151114,,1.5096007,,-0.00781926,,0.069983379,,0.017502679,,-0.014546753,,0.019404418,,,0.87801921,,,,,,,,,,,,,,,,,,,,,,,,,,,,,,,,,,,,,,,,,,,,,,,,,,,,,,,,,,,,,,,,,,,,,,,,,,,,,48,0.9047619,0.91666667,1,1.3273205,1.9445999,2.444926,0.88023365,1.597118,1.8012618,0.039635891,0.12233789,0.19915295,-0.044734776,0.12436467,0.31325918,0.007788353,0.016994109,0.035578348,0.098214286,0,0,0.25,0.15178571,0,0,1,0.19642857,0,0,1,0.17857143,0,0,1,0.375,0,1,1,1,1,0,0.94642857,1,1,1,0.032220814,0.066998804,0.14750433,0.062530387,0.12010982,0.27064734,1.4826578,1.3467836,1.7476782,2.3521103,0.055553406,0.26363008,0.42695415,1.1072921,0.82863865,1.2896807,1.8859543,,,,
riskmask_p30_s100,mention_fate_x_rkl_nll,,correct_object,removed_correct,highRKL,lowNLL,,,,12,0.00074023811,,,0,1,,,0.12723068,,0.12737417,,0.48482029,,0.072406615,,0.078394992,,0.016478028,,-0.018999204,,0.0084616084,,,0.89564904,,,,,,,,,,,,,,,,,,,,,,,,,,,,,,,,,,,,,,,,,,,,,,,,,,,,,,,,,,,,,,,,,,,,,,,,,,,,,12,0.9047619,0.9047619,0.90865801,0.36098501,0.79013595,1.0211914,0.09579239,0.19164228,0.25243539,-0.0074449813,0.072781323,0.12942018,0.0040793297,0.045344285,0.054568294,0.0058402484,0.011590227,0.040034746,0.041666667,0,0,0,0,0,0,0,0.41666667,0,1,1,0.45833333,0.25,1,1,0.083333333,0,0,0,1,1,0,0.29166667,0,0.625,1,0.022873731,0.051663814,0.13630201,0.07817235,0.095730714,0.20376947,0.51723743,0.44281401,0.7109184,1.1135218,0.0028305817,0.047800057,0.23604394,0.19978078,0.10605307,0.18151139,0.33033938,,,,
riskmask_p30_s100,mention_fate_x_rkl_nll,,correct_object,removed_correct,lowRKL,highNLL,,,,18,0.0011103572,,,0,1,,,0.009511594,,0.65429468,,1.0359279,,0.00097239757,,0.026132324,,0.0056313974,,-0.010810066,,0.0091826468,,,0.90144718,,,,,,,,,,,,,,,,,,,,,,,,,,,,,,,,,,,,,,,,,,,,,,,,,,,,,,,,,,,,,,,,,,,,,,,,,,,,,17,0.9047619,0.98809524,1,0.93250403,1.2169702,1.5176304,0.53657117,0.81768605,1.2204655,0.0023845732,0.024496228,0.041217673,0.00069446862,0.047914088,0.1108554,0.0018870505,0.0027139743,0.012449133,0.055555556,0,0,0,0.16666667,0,0,1,0.13888889,0,0,0.65,0.41666667,0,1,1,0.22222222,0,0,1,1,1,0,0.52777778,0.75,1,1,0.0074822619,0.010338803,0.048520602,0.0087627559,0.013907373,0.016674586,1.0394182,0.95555291,1.2301906,1.5079635,0.0088586807,0.053397372,0.075956613,0.65526708,0.58903196,0.81749871,1.1725722,,,,
riskmask_p30_s100,mention_fate_x_rkl_nll,,correct_object,removed_correct,lowRKL,lowNLL,,,,51,0.003146012,,,0,1,,,0.0050337037,,0.068121055,,0.25274026,,0.0077052952,,0.0092522885,,0.0020297418,,-0.01683463,,0.032875808,,,0.91430933,,,,,,,,,,,,,,,,,,,,,,,,,,,,,,,,,,,,,,,,,,,,,,,,,,,,,,,,,,,,,,,,,,,,,,,,,,,,,39,0.9047619,0.95238095,1,0.16637607,0.37887278,0.63459361,0.028729985,0.10493949,0.18610449,0.0071495175,0.048173513,0.10862187,-0.0013179455,0.00010378625,0.010341205,0.00039328189,0.0016210175,0.0034111775,0,0,0,0,0,0,0,0,0.12745098,0,0,1,0.74509804,1,1,1,0.12745098,0,0,0.5,1,1,0,0.0098039216,0,0,0,0.001573679,0.0067675292,0.014084888,0.0032945505,0.0084101523,0.013085317,0.26714768,0.22249265,0.48162964,0.6039502,0.00016096607,0.020495262,0.045534842,0.07582635,0.038912613,0.12809826,0.20394251,,,,
riskmask_p30_s100,mention_fate_x_rkl_nll,,hallucinated_object,kept_hallucinated,highRKL,highNLL,,,,572,0.035284683,,,1,0,,,0.1464379,,1.0536826,,1.3336461,,-0.06640379,,0.065450036,,0.015727956,,0.055769434,,-0.0042913372,,,0.8874982,,,,,,,,,,,,,,,,,,,,,,,,,,,,,,,,,,,,,,,,,,,,,,,,,,,,,,,,,,,,,,,,,,,,,,,,,,,,,341,0.9047619,0.9047619,1,1.2786314,1.6314469,2.0714427,0.7899248,1.32071,2.0320426,-0.0086987019,0.080281025,0.19842496,0.032298028,0.16416554,0.46780305,0.00800107,0.016668773,0.039992803,0.11990093,0,0,1,0.14108392,0,0,1,0.34009324,0,1,1,0.16655012,0,0,1,0.23237179,0,0,1,1,0,0,0.97811772,1,1,1,0.031644782,0.066424035,0.16066607,0.071288902,0.15101893,0.29798967,1.2841879,1.2316208,1.626354,2.032804,-0.11168985,0.18209619,0.48678285,0.98727879,0.72861591,1.2471502,2.0128139,,,,
riskmask_p30_s100,mention_fate_x_rkl_nll,,hallucinated_object,kept_hallucinated,highRKL,lowNLL,,,,224,0.013817778,,,1,0,,,0.089482877,,0.14785893,,0.52096975,,0.10036029,,0.033575609,,0.0074685962,,-0.041373093,,0.046201858,,,0.87939021,,,,,,,,,,,,,,,,,,,,,,,,,,,,,,,,,,,,,,,,,,,,,,,,,,,,,,,,,,,,,,,,,,,,,,,,,,,,,173,0.9047619,0.9047619,1,0.49165043,0.68222871,0.82933443,0.13643596,0.22112092,0.26702095,0.034127173,0.12172216,0.24472499,-0.012863986,0.018461465,0.05427272,0.0026502627,0.0078288254,0.015305861,0,0,0,0,0.013392857,0,0,0,0.27715774,0,1,1,0.43526786,0,1,1,0.27418155,0,1,1,1,0,0,0.31063988,0,1,1,0.011244027,0.033605748,0.070186017,0.04115228,0.08363761,0.18955963,0.60170915,0.61099029,0.79651034,0.97881696,0.051617987,0.13456182,0.35149977,0.24821923,0.16820633,0.33658486,0.54924159,,,,
riskmask_p30_s100,mention_fate_x_rkl_nll,,hallucinated_object,kept_hallucinated,lowRKL,highNLL,,,,248,0.015298254,,,1,0,,,0.0083124603,,0.72006687,,1.0633692,,-0.0028913389,,0.015705227,,0.0038654321,,-0.015620981,,0.0017006577,,,0.91351048,,,,,,,,,,,,,,,,,,,,,,,,,,,,,,,,,,,,,,,,,,,,,,,,,,,,,,,,,,,,,,,,,,,,,,,,,,,,,178,0.9047619,1,1,0.98793128,1.3091747,1.5393467,0.57891628,0.81009035,1.133659,0.0069150627,0.0359523,0.073986322,-0.00043997169,0.068707317,0.1292575,0.001940929,0.0049164435,0.0076328634,0.090725806,0,0,0.15,0.086693548,0,0,0,0.21303763,0,0,1,0.36760753,0,1,1,0.24193548,0,0.125,1,1,0,0,0.45430108,0,1,1,0.0077948002,0.019411854,0.030462498,0.0078105144,0.011961484,0.01608417,1.0617099,0.96748999,1.3300141,1.572576,-3.4347177e-05,0.066245727,0.11805606,0.71717553,0.58243307,0.793275,1.143698,,,,
riskmask_p30_s100,mention_fate_x_rkl_nll,,hallucinated_object,kept_hallucinated,lowRKL,lowNLL,,,,1216,0.075010795,,,1,0,,,0.0025996212,,0.045713613,,0.17189167,,0.00075004807,,0.0044101876,,0.0010037745,,-0.0051361799,,0.009128927,,,0.91533719,,,,,,,,,,,,,,,,,,,,,,,,,,,,,,,,,,,,,,,,,,,,,,,,,,,,,,,,,,,,,,,,,,,,,,,,,,,,,402,0.9047619,1,1,0.067307845,0.2729559,0.5163509,0.010807081,0.062516772,0.15690324,2.2421591e-05,0.01124018,0.057612151,-1.4899313e-06,0.00063326349,0.009484956,7.8613681e-05,0.00056009198,0.0022712415,0.00041118421,0,0,0,0,0,0,0,0.11848958,0,0,1,0.83004386,1,1,1,0.051055373,0,0,0,1,0,0,0.0024671053,0,0,0,0.00032144615,0.0022922724,0.0088342293,0.00060841209,0.0034713491,0.0082173883,0.17215467,0.065907586,0.27011729,0.52479213,-3.5668199e-07,0.0014829512,0.016192669,0.046463661,0.010553621,0.062755104,0.15970977,,,,
riskmask_p30_s100,mention_fate_x_rkl_nll,,hallucinated_object,removed_hallucinated,highRKL,highNLL,,,,212,0.01307754,,,1,1,,,0.19439828,,1.3025372,,1.6098812,,0.046054261,,0.07941546,,0.018933796,,0.012598661,,-0.00011210988,,,0.87568581,,,,,,,,,,,,,,,,,,,,,,,,,,,,,,,,,,,,,,,,,,,,,,,,,,,,,,,,,,,,,,,,,,,,,,,,,,,,,167,0.9047619,0.9047619,1,1.472134,1.964858,2.706205,0.95735052,1.5411581,2.3960888,-0.0020710826,0.069343269,0.25080237,0.015380621,0.22854109,0.42220966,0.0089334417,0.021698609,0.043182824,0.1163522,0,0,1,0.17216981,0,0,1,0.30267296,0,1,1,0.15408805,0,0,1,0.25471698,0,0.625,1,1,0,1,0.96933962,1,1,1,0.035981033,0.089017644,0.18553891,0.076617688,0.18708273,0.38997916,1.5698336,1.4727944,1.935555,2.5867879,-0.017872632,0.27515584,0.88804604,1.3485914,0.97291034,1.5988688,2.4414174,,,,
riskmask_p30_s100,mention_fate_x_rkl_nll,,hallucinated_object,removed_hallucinated,highRKL,lowNLL,,,,51,0.003146012,,,1,1,,,0.1274213,,0.16065496,,0.60192214,,0.13762494,,0.040336567,,0.0087471072,,-0.042928221,,0.088987142,,,0.8593129,,,,,,,,,,,,,,,,,,,,,,,,,,,,,,,,,,,,,,,,,,,,,,,,,,,,,,,,,,,,,,,,,,,,,,,,,,,,,47,0.87878788,0.9047619,0.9047619,0.63749862,0.76393563,1.0002011,0.17223145,0.233124,0.26373786,0.075182989,0.24439305,0.39409444,-0.023671977,0.012969252,0.086446613,0.0052302731,0.013385091,0.018752392,0,0,0,0,0,0,0,0,0.25163399,0,0.41666667,1,0.38562092,0,1,1,0.3627451,0,1,1,1,0,1,0.33986928,0,1,1,0.021827176,0.056895345,0.074378088,0.052286599,0.10337708,0.24037731,0.74528298,0.79124355,0.93469626,1.2177095,0.094641149,0.14231011,0.31785746,0.29827991,0.21959522,0.37387885,0.4825238,,,,
riskmask_p30_s100,mention_fate_x_rkl_nll,,hallucinated_object,removed_hallucinated,lowRKL,highNLL,,,,61,0.0037628771,,,1,1,,,0.0087953455,,0.872325,,1.2384717,,-0.004426471,,0.016177353,,0.0040439581,,-0.0051779122,,-0.0074973149,,,0.90903691,,,,,,,,,,,,,,,,,,,,,,,,,,,,,,,,,,,,,,,,,,,,,,,,,,,,,,,,,,,,,,,,,,,,,,,,,,,,,57,0.9047619,0.9047619,1,1.1001198,1.4537081,1.924269,0.6159128,1.008684,2.0084219,-0.0064828843,0.038680196,0.087923765,0.0035687685,0.061489463,0.13528517,0.0018370658,0.004652346,0.0080430806,0.06557377,0,0,0,0.016393443,0,0,0,0.31967213,0,1,1,0.40983607,0,1,1,0.18852459,0,0,1,1,0,1,0.53278689,1,1,1,0.0072934451,0.01882809,0.034394562,0.0075412877,0.01468781,0.016834336,1.2227992,1.1180409,1.368938,1.8310199,-0.0055059791,0.03862524,0.11586106,0.86789853,0.63766092,1.0475419,1.8472028,,,,
riskmask_p30_s100,mention_fate_x_rkl_nll,,hallucinated_object,removed_hallucinated,lowRKL,lowNLL,,,,158,0.0097464684,,,1,1,,,0.0039714716,,0.069425972,,0.26263789,,0.002224671,,0.0058673991,,0.001344163,,-0.010062396,,0.019953286,,,0.9085743,,,,,,,,,,,,,,,,,,,,,,,,,,,,,,,,,,,,,,,,,,,,,,,,,,,,,,,,,,,,,,,,,,,,,,,,,,,,,117,0.9047619,1,1,0.17454367,0.45980936,0.66055798,0.032025029,0.12250044,0.19659769,0.001797989,0.042078531,0.1042966,-0.00029004272,0.0010233361,0.010921116,0.0003608034,0.0014209024,0.0034822184,0,0,0,0,0,0,0,0,0.15822785,0,0,1,0.7521097,1,1,1,0.089662447,0,0,0.1,1,0,1,0.0084388186,0,0,0,0.0014669548,0.0060527346,0.015246025,0.001730031,0.0061827577,0.011385191,0.26478944,0.18032226,0.47787723,0.63328467,-7.2715075e-06,0.0083244853,0.033767302,0.071650643,0.034600209,0.12000631,0.20299021,,,,
riskmask_p30_s100,mention_fate_x_teacher_stance,,correct_object,kept_correct,,,,teacher_neutral,,5554,0.34260687,,,0,0,,,0.0010154594,,0.036975185,,0.096100398,,-0.00043740232,,0.0016314851,,0.00040047041,,0.00030778859,,-0.00099279562,,,0.91467337,,,,,,,,,,,,,,,,,,,,,,,,,,,,,,,,,,,,,,,,,,,,,,,,,,,,,,,,,,,,,,,,,,,,,,,,,,,,,933,0.9047619,1,1,0.01660422,0.081078183,0.27249277,0.0021058187,0.013761834,0.066330918,1.3236507e-07,0.0019683689,0.014849867,0,0.00036486641,0.0037454751,2.1771146e-05,0.00015876277,0.00065296363,0.003060857,0,0,0,0.0036010083,0,0,0,0.080557556,0,0,0,0.90146741,1,1,1,0.011313168,0,0,0,1,0,0,0.0074720922,0,0,0,8.6072243e-05,0.00062835313,0.0026338994,0.00010783266,0.00057296596,0.0018549665,0.094047448,0.016158884,0.075726105,0.26817187,-2.0861335e-06,0.00013263495,0.0013909127,0.036537782,0.0020471109,0.012472363,0.06504665,,,,
riskmask_p30_s100,mention_fate_x_teacher_stance,,correct_object,kept_correct,,,,teacher_rejects,,3888,0.23983715,,,0,0,,,0.052978422,,0.3428658,,0.66421206,,0.14390054,,0.026302976,,0.0060413103,,-0.033789081,,0.027124173,,,0.90043906,,,,,,,,,,,,,,,,,,,,,,,,,,,,,,,,,,,,,,,,,,,,,,,,,,,,,,,,,,,,,,,,,,,,,,,,,,,,,921,0.9047619,0.95238095,1,0.53286366,0.93842067,1.4128416,0.17581495,0.45882565,0.84295022,0.017670847,0.068509538,0.14433926,-0.0087067615,0.0069983155,0.062654611,0.0017209237,0.005394354,0.013593345,0.024048354,0,0,0,0.04273834,0,0,0,0.18617112,0,0,1,0.52947102,0.5,1,1,0.21757116,0,0,1,1,0,0,0.34696502,0,1,1,0.0071269698,0.022456544,0.058141182,0.013763048,0.041209789,0.10892928,0.74653867,0.63243937,1.0190168,1.5102803,0.05052758,0.14286907,0.32763825,0.48676634,0.26195866,0.63417731,1.1416234,,,,
riskmask_p30_s100,mention_fate_x_teacher_stance,,correct_object,kept_correct,,,,teacher_supports,,3890,0.23996052,,,0,0,,,0.070867146,,0.53239337,,0.80359503,,-0.16472507,,0.034023498,,0.0085329414,,0.0855127,,-0.04638253,,,0.89851161,,,,,,,,,,,,,,,,,,,,,,,,,,,,,,,,,,,,,,,,,,,,,,,,,,,,,,,,,,,,,,,,,,,,,,,,,,,,,915,0.9047619,0.95238095,1,0.69004017,1.0853514,1.516019,0.31467868,0.71239107,1.2284294,-0.032928617,0.0096673431,0.07104578,0.027143896,0.11573165,0.29414946,0.0025558961,0.007776369,0.019584225,0.068551842,0,0,0,0.079562982,0,0,0,0.46542416,0.33333333,1,1,0.31608826,0,1,1,0.070372751,0,0,0,1,0,0,0.4764353,0.5,1,1,0.010006281,0.030794799,0.077937956,0.0190764,0.059576244,0.15759272,0.7073804,0.58581555,0.98280178,1.4389513,-0.06695432,-0.024360057,-0.012383416,0.3676683,0.20584752,0.49991283,0.905739,,,,
riskmask_p30_s100,mention_fate_x_teacher_stance,,correct_object,removed_correct,,,,teacher_neutral,,27,0.0016655357,,,0,1,,,0.0026477185,,0.13128549,,0.2754215,,-0.0011267449,,0.0039552481,,0.0008941955,,-0.010152365,,0.010096376,,,0.90444124,,,,,,,,,,,,,,,,,,,,,,,,,,,,,,,,,,,,,,,,,,,,,,,,,,,,,,,,,,,,,,,,,,,,,,,,,,,,,21,0.9047619,0.9047619,0.97142857,0.06393671,0.42968,0.78121067,0.010095251,0.12971259,0.43051409,0.00049631298,0.010590457,0.036943637,-7.4753538e-05,0.00067294961,0.0055184133,0.00016507154,0.00070900645,0.002207085,0,0,0,0,0,0,0,0,0.055555556,0,0,0,0.81481481,1,1,1,0.12962963,0,0,0.7,1,1,0,0.037037037,0,0,0,0.00073220348,0.0028501202,0.0090015907,0.00059325225,0.0019373269,0.0081824832,0.26749722,0.07379137,0.42396948,0.7438302,-5.4100528e-05,0.00082487578,0.00178179,0.13015874,0.01128375,0.12306367,0.43185548,,,,
riskmask_p30_s100,mention_fate_x_teacher_stance,,correct_object,removed_correct,,,,teacher_rejects,,63,0.0038862501,,,0,1,,,0.061066054,,0.63071573,,0.9574393,,0.19247343,,0.045611332,,0.0099419873,,-0.095107998,,0.085681781,,,0.893891,,,,,,,,,,,,,,,,,,,,,,,,,,,,,,,,,,,,,,,,,,,,,,,,,,,,,,,,,,,,,,,,,,,,,,,,,,,,,50,0.9047619,0.93073593,1,0.86499268,1.2645925,2.0007868,0.44115433,0.69035995,1.2449618,0.043674935,0.11492366,0.29185923,-0.043533534,-0.0005415827,0.044102079,0.0038379179,0.009789275,0.024631191,0.063492063,0,0,0,0.079365079,0,0,0,0.1031746,0,0,0.4,0.42063492,0,1,1,0.33333333,0,1,1,1,1,0,0.53174603,0.5,1,1,0.015586659,0.042427942,0.10927238,0.02233259,0.055351876,0.15398607,1.0568712,0.97071999,1.3430213,2.0644732,0.07142818,0.2587923,0.44366682,0.82318916,0.58603901,1.0386729,1.7019059,,,,
riskmask_p30_s100,mention_fate_x_teacher_stance,,correct_object,removed_correct,,,,teacher_supports,,47,0.0028992659,,,0,1,,,0.1290426,,0.76481717,,1.1518486,,-0.23944532,,0.060037277,,0.015580423,,0.088726847,,-0.056179017,,,0.89441795,,,,,,,,,,,,,,,,,,,,,,,,,,,,,,,,,,,,,,,,,,,,,,,,,,,,,,,,,,,,,,,,,,,,,,,,,,,,,42,0.9047619,0.97619048,1,1.1061909,1.441359,2.2450907,0.49594772,1.3305987,1.6976747,-0.0073527595,0.048854187,0.13498442,0.043886662,0.13815667,0.30936835,0.0060711121,0.015479457,0.032198624,0.063829787,0,0,0,0.13829787,0,0,1,0.36170213,0,1,1,0.26595745,0,0.5,1,0.17021277,0,0,1,1,1,0,0.68085106,1,1,1,0.024026498,0.063357153,0.12534301,0.042674467,0.095396813,0.20054426,1.0162645,0.89246428,1.3860967,1.8867338,-0.10976472,-0.034376919,-0.012242141,0.52537185,0.37859371,0.81103268,1.2357195,,,,
riskmask_p30_s100,mention_fate_x_teacher_stance,,hallucinated_object,kept_hallucinated,,,,teacher_neutral,,817,0.050397878,,,1,0,,,0.0014130981,,0.042062523,,0.11039461,,-0.0005184548,,0.0023033994,,0.00053147042,,-0.0016825122,,0.0039236244,,,0.91831856,,,,,,,,,,,,,,,,,,,,,,,,,,,,,,,,,,,,,,,,,,,,,,,,,,,,,,,,,,,,,,,,,,,,,,,,,,,,,315,0.9047619,1,1,0.017956456,0.087972254,0.32426249,0.0022484993,0.015025415,0.074789423,1.3508325e-06,0.0028176419,0.019170418,-1.1920747e-07,0.00020056008,0.0027834253,1.9493131e-05,0.00012907249,0.00073322963,0.0024479804,0,0,0,0.0036719706,0,0,0,0.053549572,0,0,0,0.91952264,1,1,1,0.020807834,0,0,0,1,0,0,0.0125459,0,0,0,7.8527053e-05,0.00053010101,0.003180005,9.2373579e-05,0.00058810832,0.0020835378,0.10908962,0.017115043,0.079850286,0.32136949,-2.0265511e-06,6.6486187e-05,0.0010631157,0.041544069,0.0020311694,0.013006728,0.071359282,,,,
riskmask_p30_s100,mention_fate_x_teacher_stance,,hallucinated_object,kept_hallucinated,,,,teacher_rejects,,706,0.043550675,,,1,0,,,0.068765164,,0.44589916,,0.8023403,,0.19946344,,0.034418491,,0.0079989604,,-0.050625848,,0.043251537,,,0.89618429,,,,,,,,,,,,,,,,,,,,,,,,,,,,,,,,,,,,,,,,,,,,,,,,,,,,,,,,,,,,,,,,,,,,,,,,,,,,,364,0.9047619,0.95238095,1,0.67814589,1.1734028,1.551375,0.2682339,0.60758434,1.1238531,0.027190275,0.098840382,0.19401509,-0.01983325,0.0047790557,0.076846153,0.0026656964,0.0076111585,0.018210748,0.031987724,0,0,0,0.060481586,0,0,0,0.17745515,0,0,1,0.43770066,0,1,1,0.29237488,0,1,1,1,0,0,0.44721435,0,1,1,0.011158514,0.03107051,0.078844991,0.017721865,0.055388505,0.17089142,0.88857047,0.77411473,1.2445506,1.6526254,0.072458565,0.192639,0.48289787,0.64536261,0.39714879,0.81016199,1.5183722,,,,
riskmask_p30_s100,mention_fate_x_teacher_stance,,hallucinated_object,kept_hallucinated,,,,teacher_supports,,737,0.045462957,,,1,0,,,0.080497376,,0.70667745,,0.94387247,,-0.21126848,,0.038038954,,0.0091819482,,0.067339765,,-0.019435654,,,0.89723286,,,,,,,,,,,,,,,,,,,,,,,,,,,,,,,,,,,,,,,,,,,,,,,,,,,,,,,,,,,,,,,,,,,,,,,,,,,,,381,0.9047619,0.95238095,1,0.8563844,1.2883464,1.7754501,0.43132287,0.89838523,1.5761349,-0.014948487,0.037492178,0.11309035,0.01700601,0.10374543,0.28663452,0.0028751243,0.0095229996,0.022186325,0.090909091,0,0,0,0.0807327,0,0,0,0.38602442,0,1,1,0.31614654,0,1,1,0.12618725,0,0,1,1,0,0,0.56818182,1,1,1,0.011558862,0.036739483,0.091067407,0.025670618,0.078367949,0.18124073,0.84874552,0.73754805,1.2223642,1.6521659,-0.086736053,-0.029230475,-0.014122547,0.49540897,0.28565112,0.6662398,1.0902851,,,,
riskmask_p30_s100,mention_fate_x_teacher_stance,,hallucinated_object,removed_hallucinated,,,,teacher_neutral,,85,0.0052433533,,,1,1,,,0.0039962072,,0.064305698,,0.21063078,,-0.00054933593,,0.0030604879,,0.00073380012,,-0.0037014374,,0.0085254168,,,0.91095611,,,,,,,,,,,,,,,,,,,,,,,,,,,,,,,,,,,,,,,,,,,,,,,,,,,,,,,,,,,,,,,,,,,,,,,,,,,,,67,0.9047619,1,1,0.050420344,0.1924341,0.70389796,0.0086535225,0.035986025,0.30292006,0.00080574214,0.009923324,0.065493175,-8.2817191e-05,0.00035158964,0.0042713455,0.00013011511,0.00041381767,0.0017163076,0,0,0,0,0,0,0,0,0.088235294,0,0,0,0.88235294,1,1,1,0.029411765,0,0,0,1,0,1,0.035294118,0,0,0,0.00055413012,0.0017314127,0.0070071463,0.00046225067,0.001200997,0.0027027172,0.20461425,0.050002102,0.19393671,0.68789525,-8.0461621e-05,0.00050644577,0.0028386362,0.063756362,0.0079347349,0.035984069,0.30336939,,,,
riskmask_p30_s100,mention_fate_x_teacher_stance,,hallucinated_object,removed_hallucinated,,,,teacher_rejects,,207,0.012769107,,,1,1,,,0.12110771,,0.71027147,,1.0778184,,0.32284344,,0.053026511,,0.012400933,,-0.097200156,,0.065566175,,,0.88352638,,,,,,,,,,,,,,,,,,,,,,,,,,,,,,,,,,,,,,,,,,,,,,,,,,,,,,,,,,,,,,,,,,,,,,,,,,,,,161,0.9047619,0.9047619,1,0.91982263,1.4427193,2.1014701,0.44667107,0.89265533,1.6450974,0.042894006,0.11435506,0.25904751,-0.030228153,0.0030075312,0.10675927,0.0046886131,0.012512427,0.032277751,0.019323671,0,0,0,0.087761675,0,0,0.13333333,0.16022544,0,0,1,0.40257649,0,1,1,0.33011272,0,1,1,1,0,1,0.56763285,1,1,1,0.019826718,0.052260466,0.14679739,0.031808458,0.093205824,0.27202925,1.1646141,0.99119174,1.4982885,2.1924421,0.11794791,0.33920437,0.93876714,1.0331149,0.63529813,1.3028725,2.2862974,,,,
riskmask_p30_s100,mention_fate_x_teacher_stance,,hallucinated_object,removed_hallucinated,,,,teacher_supports,,190,0.011720437,,,1,1,,,0.12350503,,1.0316855,,1.3053914,,-0.26272652,,0.050370952,,0.01205137,,0.10005747,,-0.037299993,,,0.8850269,,,,,,,,,,,,,,,,,,,,,,,,,,,,,,,,,,,,,,,,,,,,,,,,,,,,,,,,,,,,,,,,,,,,,,,,,,,,,155,0.9047619,0.9047619,1,1.2628818,1.7051403,2.2042339,0.78854072,1.3184975,2.0704726,-0.035675973,0.031951166,0.13347194,0.054180123,0.20895338,0.38191735,0.005275364,0.015467171,0.030309228,0.12982456,0,0,1,0.10175439,0,0,0.4,0.4254386,0,1,1,0.19912281,0,0,1,0.14385965,0,0,1,1,0,1,0.71666667,1,1,1,0.021051897,0.059636136,0.12148046,0.033231236,0.12161236,0.23350941,1.2040753,1.1210775,1.657737,2.2837208,-0.13396275,-0.042051524,-0.015635002,0.76895893,0.53175151,1.0276052,1.6034097,,,,
riskmask_p30_s100,mention_fate_x_offline_risk_bin,,correct_object,kept_correct,,,,,offline_risk_tail,3565,0.21991241,,,0,0,,,0.11639007,,0.77779758,,1.1126074,,-0.036383993,,0.053065201,,0.013015809,,0.057491519,,-0.025756747,,,0.89045477,,,,,,,,,,,,,,,,,,,,,,,,,,,,,,,,,,,,,,,,,,,,,,,,,,,,,,,,,,,,,,,,,,,,,,,,,,,,,899,0.9047619,0.93939394,1,1.0184001,1.4043777,1.8454038,0.59688514,0.96873474,1.4879261,-0.01631391,0.047036648,0.13475552,0.034404248,0.15177763,0.34143935,0.0056558067,0.013242098,0.029563256,0.094179523,0,0,0.5,0.12776999,0,0,1,0.33854605,0,1,1,0.25341281,0,0.5,1,0.18609163,0,0,1,1,0,0,0.90991117,1,1,1,0.022696989,0.052724262,0.11825765,0.048508633,0.11003149,0.24941618,1.0793256,0.98299885,1.3914926,1.8291764,-0.056473076,0.1396184,0.34224304,0.74141359,0.57072568,0.93936706,1.4717699,,,,
riskmask_p30_s100,mention_fate_x_offline_risk_bin,,correct_object,kept_correct,,,,,offline_safe_bulk,9767,0.60249213,,,0,0,,,0.0074088822,,0.085654164,,0.23300271,,0.0047081407,,0.0055801381,,0.0012802917,,-0.00020224762,,0.001161007,,,0.91141004,,,,,,,,,,,,,,,,,,,,,,,,,,,,,,,,,,,,,,,,,,,,,,,,,,,,,,,,,,,,,,,,,,,,,,,,,,,,,966,0.9047619,1,1,0.10665291,0.36890025,0.66610246,0.018750677,0.10042839,0.24170662,2.2956999e-07,0.010301358,0.053035045,0,0.0028131792,0.023902482,0.00017032103,0.00096551632,0.0031289614,0.0042404696,0,0,0,0.0041124876,0,0,0,0.18171735,0,0,1,0.75678304,1,1,1,0.05314665,0,0,0,1,0,0,0,0,0,0,0.00068417261,0.0038657885,0.012629823,0.0010417062,0.0055821883,0.015655583,0.23843511,0.1048181,0.37976382,0.6823108,-1.1920747e-07,0.003915838,0.033051376,0.090362305,0.018624783,0.10403738,0.25878419,,,,
riskmask_p30_s100,mention_fate_x_offline_risk_bin,,correct_object,removed_correct,,,,,offline_risk_tail,71,0.0043797422,,,0,1,,,0.11989141,,1.0017362,,1.4039575,,-0.012650744,,0.06621828,,0.016383538,,-0.0093129551,,0.0088806656,,,0.87653271,,,,,,,,,,,,,,,,,,,,,,,,,,,,,,,,,,,,,,,,,,,,,,,,,,,,,,,,,,,,,,,,,,,,,,,,,,,,,58,0.9047619,0.92857143,1,1.244244,1.7998785,2.3818283,0.79995131,1.3305987,1.710353,0.014951348,0.10244718,0.19793642,-0.00063157082,0.11982253,0.29453266,0.0068849424,0.017404845,0.036759637,0.098591549,0,0,0.5,0.16197183,0,0,1,0.20422535,0,0,1,0.21830986,0,0.5,1,0.31690141,0,1,1,1,1,0,0.93661972,1,1,1,0.028151484,0.06763142,0.14474133,0.044604961,0.097485658,0.19324918,1.3693287,1.2692252,1.6567781,2.2414458,0.014913321,0.19933879,0.36473417,0.98908546,0.77812344,1.2218675,1.7205999,,,,
riskmask_p30_s100,mention_fate_x_offline_risk_bin,,correct_object,removed_correct,,,,,offline_safe_bulk,66,0.0040713096,,,0,1,,,0.022293364,,0.12277175,,0.3365297,,0.02635874,,0.016675148,,0.0033263201,,-0.021735395,,0.036357778,,,0.91725556,,,,,,,,,,,,,,,,,,,,,,,,,,,,,,,,,,,,,,,,,,,,,,,,,,,,,,,,,,,,,,,,,,,,,,,,,,,,,47,0.9047619,0.95238095,1,0.27541728,0.54002131,0.78273773,0.056315707,0.16717767,0.32833917,0.0061997475,0.043157963,0.11856128,-0.0014683587,0.00092546462,0.011671573,0.00047872821,0.0018594612,0.0041277986,0,0,0,0,0,0,0,0,0.15909091,0,0,1,0.68939394,1,1,1,0.15151515,0,0,1,1,1,0,0,0,0,0,0.0020123722,0.007398739,0.017902926,0.0051534213,0.010475109,0.019630769,0.36890009,0.2585669,0.59669249,0.8537083,0.0011804682,0.029237449,0.057834711,0.14913049,0.062505219,0.20133058,0.37063301,,,,
riskmask_p30_s100,mention_fate_x_offline_risk_bin,,hallucinated_object,kept_hallucinated,,,,,offline_risk_tail,774,0.047745358,,,1,0,,,0.12503948,,0.93585765,,1.2482127,,-0.032409777,,0.057196455,,0.013668503,,0.032451502,,0.002393307,,,0.88731563,,,,,,,,,,,,,,,,,,,,,,,,,,,,,,,,,,,,,,,,,,,,,,,,,,,,,,,,,,,,,,,,,,,,,,,,,,,,,409,0.9047619,0.9047619,1,1.1726289,1.533815,1.9578605,0.70402506,1.1404853,1.7637215,-0.001598537,0.0776871,0.19383031,0.01597929,0.13582436,0.34037834,0.006249981,0.014335478,0.030229402,0.11121878,0,0,1,0.12428941,0,0,1,0.31345823,0,1,1,0.19995693,0,0,1,0.25107666,0,0.5,1,1,0,0,0.96218777,1,1,1,0.025234621,0.059659757,0.12408705,0.055616499,0.13141877,0.25680856,1.2176093,1.1473709,1.5554771,1.9416109,-0.061216101,0.14787483,0.43427971,0.90344788,0.68685764,1.0884141,1.7343747,,,,
riskmask_p30_s100,mention_fate_x_offline_risk_bin,,hallucinated_object,kept_hallucinated,,,,,offline_safe_bulk,1486,0.091666153,,,1,0,,,0.0082427415,,0.098006291,,0.25986678,,0.0065800211,,0.0066931256,,0.0015270203,,-0.0084821781,,0.011820114,,,0.91349307,,,,,,,,,,,,,,,,,,,,,,,,,,,,,,,,,,,,,,,,,,,,,,,,,,,,,,,,,,,,,,,,,,,,,,,,,,,,,458,0.9047619,1,1,0.1368583,0.43264601,0.69328091,0.024495659,0.1167498,0.2577922,0.00011018047,0.020842496,0.07816641,-6.7348956e-06,0.0010962719,0.018835437,0.00016154564,0.0010890478,0.0039267635,0.0037012113,0,0,0,0.0060565276,0,0,0,0.14193585,0,0,1,0.76615074,1,1,1,0.082155675,0,0,0,1,0,0,0,0,0,0,0.00064372414,0.0042431038,0.016378314,0.0013113016,0.0063626529,0.017879548,0.2688781,0.1236606,0.46819215,0.72691301,-1.1920927e-07,0.0043998235,0.041294813,0.10458631,0.023939422,0.12748495,0.29028971,,,,
riskmask_p30_s100,mention_fate_x_offline_risk_bin,,hallucinated_object,removed_hallucinated,,,,,offline_risk_tail,266,0.016408611,,,1,1,,,0.16649438,,1.2025905,,1.5281676,,0.042986584,,0.067860044,,0.016206122,,0.012015678,,0.00083763529,,,0.87975783,,,,,,,,,,,,,,,,,,,,,,,,,,,,,,,,,,,,,,,,,,,,,,,,,,,,,,,,,,,,,,,,,,,,,,,,,,,,,200,0.9047619,0.9047619,1,1.4256308,1.9068591,2.5451059,0.90120292,1.4698461,2.3252479,-0.0020710826,0.068348065,0.23591797,0.0094552934,0.1810542,0.36880517,0.0075085319,0.018416069,0.036545966,0.10776942,0,0,1,0.14097744,0,0,1,0.29699248,0,1,1,0.19736842,0,0,1,0.25689223,0,0.5,1,1,0,1,0.96491228,1,1,1,0.030182286,0.074098032,0.15612271,0.066809233,0.15954064,0.35165209,1.4941098,1.3913547,1.8600309,2.4906472,-0.017053962,0.23133019,0.70153315,1.245577,0.89047182,1.5349393,2.4108425,,,,
riskmask_p30_s100,mention_fate_x_offline_risk_bin,,hallucinated_object,removed_hallucinated,,,,,offline_safe_bulk,216,0.013324286,,,1,1,,,0.021238074,,0.13251551,,0.38214734,,0.025136238,,0.012760826,,0.0028161936,,-0.021390299,,0.032347449,,,0.90028128,,,,,,,,,,,,,,,,,,,,,,,,,,,,,,,,,,,,,,,,,,,,,,,,,,,,,,,,,,,,,,,,,,,,,,,,,,,,,157,0.9047619,0.94047619,1,0.3033507,0.62706251,0.82346007,0.061180333,0.18163748,0.32693394,0.0023626937,0.067372844,0.14097371,-0.00037384557,0.0024407674,0.02833049,0.00063969547,0.0023690537,0.0061109606,0,0,0,0,0,0,0,0,0.19675926,0,0,1,0.66512346,1,1,1,0.13811728,0,0,1,1,0,1,0,0,0,0,0.0025875473,0.0095891748,0.027491855,0.0032144838,0.010903309,0.024044626,0.41577981,0.31809512,0.67128918,0.90772612,9.2055299e-05,0.024594106,0.074506611,0.15765175,0.076953009,0.22794448,0.3679802,,,,
